source1_entity_id	matched_entity_ids
S1-714132312	
S1-106407869	
S1-156285671	
S1-689823050	
S1-921369899	
S1-481669221	
S1-909865979	
S1-280204013	
S1-742053041	
S1-913506265	
S1-479574617	
S1-680637447	
S1-870190130	
S1-365170694	
S1-778640743	S3-467616579
S1-378191895	
S1-684974736	
S1-750279127	
S1-209281220	
S1-550154910	
S1-897975128	
S1-704604312	
S1-628750886	S3-358729746
S1-714038427	
S1-426194890	
S1-122385784	
S1-540642140	
S1-123475953	
S1-444801830	
S1-502376041	S2-551281247
S1-594021398	
S1-261170522	
S1-466641145	
S1-99245709	
S1-339015166	
S1-614259237	
S1-385801270	
S1-334672926	
S1-717749279	S2-251860012,S2-829602188,S2-926387302
S1-564662660	
S1-41643447	
S1-581360597	
S1-946184931	
S1-244940399	
S1-616465752	
S1-762904067	
S1-261476747	
S1-874436225	
S1-816918307	S2-627029064
S1-52153457	
S1-867332501	
S1-969300060	
S1-930501805	
S1-474452362	
S1-802731895	
S1-39733947	
S1-807424751	
S1-269499779	
S1-574528784	
S1-402621048	
S1-684202485	
S1-85238196	
S1-569369299	
S1-559615219	
S1-684318101	
S1-503487168	
S1-967139755	
S1-983819279	
S1-577269922	
S1-87832748	
S1-295346696	
S1-252468250	
S1-781801397	
S1-669434847	
S1-570053103	
S1-736469556	
S1-483126440	
S1-270951405	
S1-520799361	
S1-81033582	
S1-56410032	
S1-518847572	
S1-776267063	
S1-35309228	
S1-493139457	
S1-895087526	
S1-829126727	
S1-457973373	
S1-74852342	
S1-280936763	
S1-999165514	
S1-395055615	
S1-862701045	
S1-674871004	
S1-287307821	
S1-273768056	
S1-323395452	
S1-4144001	
S1-512210875	
S1-143287441	
S1-351656683	
S1-83258310	
S1-126274111	S2-775330636
S1-991875825	
S1-219350089	
S1-476026008	
S1-595583207	
S1-660977005	
S1-106130112	
S1-383508132	
S1-960747316	
S1-78181547	
S1-44674670	
S1-712639027	S2-309210999
S1-875777939	
S1-906720062	
S1-868609391	
S1-842551642	
S1-977549219	
S1-345501851	
S1-465557953	
S1-548433616	
S1-542615632	
S1-396150929	
S1-370806262	
S1-149784022	
S1-208197675	
S1-621024	
S1-479716586	
S1-73366741	
S1-866981273	
S1-48247433	
S1-139090022	
S1-503254241	
S1-102847291	
S1-619110488	
S1-623031914	
S1-215270294	
S1-762005078	
S1-983603694	S3-304223423
S1-437281614	
S1-590781135	
S1-423414451	
S1-847114478	
S1-526334226	
S1-381894503	
S1-313092170	
S1-60876864	
S1-261642209	
S1-78728267	S2-782343573
S1-308199161	
S1-358927120	
S1-337122273	
S1-650650055	
S1-834257002	S2-108197339
S1-937349180	
S1-725006887	
S1-820730560	
S1-47803313	
S1-385569722	
S1-453884385	
S1-650304466	
S1-762839052	
S1-550679918	
S1-659666950	
S1-772914073	
S1-860482342	
S1-813052697	
S1-366528589	
S1-720336913	
S1-640880009	
S1-887500171	
S1-971996731	
S1-104317115	
S1-518257638	
S1-884660527	
S1-910004085	
S1-591894902	
S1-142638295	
S1-950720921	
S1-183285524	
S1-714649207	
S1-841168517	
S1-819898451	S2-328794803,S2-99269459
S1-949091955	
S1-552966879	
S1-220057580	
S1-64462728	
S1-807938084	
S1-693870315	
S1-455827432	
S1-527611593	
S1-727773972	S2-732339370
S1-279446676	
S1-918109974	
S1-615018738	
S1-666592077	
S1-509532493	
S1-992285010	
S1-382076507	
S1-185535466	
S1-799535694	
S1-598558953	
S1-222645796	
S1-192481319	
S1-413573159	
S1-782634160	
S1-394334841	
S1-759762834	
S1-653070765	
S1-94096071	
S1-682391735	
S1-559968662	
S1-964877324	
S1-883416047	
S1-182458975	
S1-339269492	
S1-621676240	
S1-103138354	
S1-279963953	
S1-317707487	
S1-391244573	
S1-603458137	
S1-429550703	
S1-302219416	
S1-693956169	S2-774664132
S1-837916944	
S1-336786786	
S1-800911534	
S1-181883447	
S1-1433093	
S1-733472967	
S1-89100953	S2-972087927
S1-848293840	
S1-17003766	S2-13072938,S2-20869901,S3-170859479,S3-197081371,S3-20787426,S3-280541618,S3-360991493,S3-43056314,S3-489941683
S1-915512126	
S1-901504091	
S1-724741475	
S1-851421910	
S1-430298053	
S1-307277652	
S1-503010787	
S1-520627257	
S1-667272642	S2-187119816,S2-269098468,S2-41086033,S2-516243741,S2-605726696,S2-802095609,S2-847014050,S3-503895482,S3-648942348,S3-734747152,S3-773498036
S1-827961773	
S1-255349799	
S1-418524279	
S1-661144640	
S1-892745196	
S1-751409146	
S1-13506955	S2-730414002
S1-262020943	
S1-746909581	
S1-481776787	
S1-870654726	
S1-459183905	
S1-782456413	
S1-687813152	
S1-528962373	
S1-133484055	
S1-784673398	
S1-162954117	
S1-547053441	
S1-302536542	
S1-457601305	
S1-488635826	
S1-349698918	
S1-72706873	
S1-78029452	
S1-717385838	
S1-11379912	
S1-655700316	
S1-484349079	
S1-595486290	
S1-889012090	
S1-748500004	
S1-587404171	
S1-986604838	
S1-766408899	
S1-507163415	
S1-873761236	
S1-655802552	S2-661143069
S1-327983313	
S1-77383698	
S1-273531258	
S1-772535560	
S1-598136304	
S1-789788578	
S1-346777444	
S1-544222533	S2-172430353
S1-493959729	
S1-430462466	
S1-792204527	
S1-788563249	
S1-198662647	
S1-431137009	
S1-22335277	
S1-291584542	
S1-556611862	
S1-32767080	
S1-242691036	
S1-770890247	
S1-276402071	
S1-936869465	
S1-201994316	
S1-905520099	
S1-766655509	
S1-415414688	
S1-133928599	
S1-871112769	S3-1800524
S1-948985690	
S1-653149647	
S1-657251225	
S1-244474490	
S1-857992844	
S1-197043206	
S1-269094403	
S1-355078971	
S1-51627651	
S1-288364156	
S1-500222888	
S1-247274429	
S1-260204874	
S1-511066423	
S1-605505884	
S1-882791035	
S1-868105169	S2-218163632,S2-294874898,S2-968505057
S1-764707596	
S1-962993818	
S1-608940471	
S1-346760887	
S1-597621907	
S1-36048451	
S1-98985291	
S1-368908513	
S1-504750404	
S1-687138169	
S1-576111952	
S1-907329636	S2-247738094,S2-251860012,S2-51435294,S2-829602188,S2-913195122,S2-926387302,S2-991736902,S3-354366431,S3-404281660,S3-572138601,S3-618110846,S3-651000445
S1-220372723	
S1-591377734	
S1-915233460	
S1-808794467	
S1-119248132	
S1-710758303	
S1-105001584	
S1-382212549	
S1-35578091	
S1-34932143	
S1-545791724	
S1-869422569	
S1-844617434	
S1-488174268	
S1-963501196	
S1-531518308	
S1-288588262	
S1-94665545	
S1-460829054	
S1-817207769	
S1-923121813	
S1-937797030	
S1-305324409	
S1-927419156	
S1-261393939	
S1-158003567	
S1-772204055	
S1-901881022	
S1-958709603	
S1-864062904	
S1-389115869	
S1-32131273	
S1-485290093	
S1-449015682	
S1-273693856	
S1-216847975	
S1-942180728	
S1-704576365	
S1-706359294	
S1-688852755	
S1-501963178	
S1-428039663	
S1-394925431	
S1-29387523	
S1-960221997	
S1-369896511	
S1-973133967	
S1-957109842	
S1-718126154	
S1-657028371	
S1-122221465	
S1-241758739	
S1-292853265	
S1-563412246	
S1-635915279	
S1-257953143	
S1-935953663	
S1-66970748	
S1-613214928	
S1-68168779	
S1-181117450	
S1-337798606	
S1-877808612	
S1-991838189	
S1-415245659	
S1-860794391	
S1-590126941	
S1-852807313	
S1-643209618	
S1-581863940	
S1-225821819	S2-185013334
S1-778630887	
S1-377916068	
S1-37907520	
S1-637166800	
S1-352595333	
S1-333194875	
S1-260721574	
S1-677484813	
S1-568320501	S3-624225983
S1-759995112	
S1-443768681	
S1-170472252	
S1-311511012	
S1-224275529	
S1-427329185	
S1-417606815	
S1-488457630	
S1-818470647	
S1-534346740	
S1-729626041	
S1-204633959	
S1-155512047	S2-383030202,S2-93749685,S3-341874857
S1-553186193	
S1-42502314	
S1-317114355	
S1-334574390	
S1-649110450	
S1-533417053	
S1-152550844	
S1-643493833	
S1-734921625	
S1-68108533	
S1-789286562	
S1-493735795	
S1-870309113	
S1-755184527	
S1-741750910	
S1-396704474	
S1-77449994	
S1-607302089	
S1-80873383	
S1-194589041	
S1-550464269	
S1-405440827	S3-606532087
S1-500922440	
S1-111694025	
S1-760235082	
S1-445143782	
S1-17665971	S2-643131962
S1-131623880	
S1-453383072	
S1-573827896	
S1-740059747	
S1-979645754	
S1-5694837	
S1-895155435	
S1-552090769	
S1-444520529	
S1-481259122	
S1-170318976	
S1-254586049	
S1-626957328	
S1-820877559	
S1-111296778	
S1-847310129	
S1-546941880	
S1-697980001	
S1-338401200	
S1-501819870	
S1-541668027	
S1-966492570	
S1-702544592	
S1-528495462	
S1-545863954	
S1-772195807	
S1-603731465	
S1-453539657	
S1-46249643	S3-782320906
S1-317928365	
S1-735449543	
S1-368898506	
S1-39608811	
S1-497232093	S3-338212935
S1-740176897	
S1-699373004	
S1-760964613	
S1-759533619	
S1-89928972	
S1-415302434	
S1-397514626	
S1-603295553	
S1-829004597	
S1-340381642	
S1-831508195	S2-471043331
S1-715029307	
S1-30383410	
S1-267323354	
S1-189661852	
S1-232418369	
S1-626838100	
S1-900373432	
S1-322014701	
S1-714107578	
S1-923533895	
S1-445155683	
S1-70052354	
S1-954767088	
S1-529469516	
S1-650940902	
S1-200871763	
S1-674001307	
S1-946578635	
S1-899271918	
S1-861020733	
S1-669118103	
S1-473518955	
S1-112878071	
S1-387370379	
S1-591825395	
S1-341836448	
S1-730190320	
S1-686724393	
S1-884819027	
S1-634733706	S2-198519159
S1-146764860	
S1-667494116	
S1-644800304	
S1-559176480	
S1-670613672	
S1-563834046	
S1-605344566	
S1-45476583	
S1-712193425	
S1-426796552	
S1-358071494	
S1-913184147	
S1-518999749	
S1-142991774	
S1-573105537	
S1-402263041	
S1-852777299	
S1-817055009	S3-736390072
S1-121278089	
S1-34406583	
S1-948206127	S2-13072938,S2-790145633,S3-170859479,S3-174497076,S3-20787426,S3-369941843
S1-793882586	
S1-313423382	
S1-230616179	
S1-117946977	
S1-764467216	
S1-600671460	
S1-985458663	
S1-998079629	
S1-751723139	
S1-984503844	
S1-436389656	
S1-141582671	
S1-870259303	S2-491755789
S1-202627015	S2-132805742,S2-240440098,S2-297579015,S2-309385659,S2-530247686,S3-233415011,S3-64079929
S1-870670114	
S1-755329516	
S1-769735105	
S1-545535789	
S1-255512449	
S1-479368587	
S1-220217287	
S1-445413591	
S1-307330189	
S1-576221857	
S1-540647065	
S1-985849844	
S1-129840509	
S1-738529927	
S1-631634336	
S1-620439917	
S1-645673704	
S1-366906832	
S1-818450767	
S1-495018313	
S1-236219320	
S1-735494336	
S1-313486473	
S1-874756885	
S1-930629318	
S1-211227284	
S1-665203072	
S1-990859962	
S1-743413952	
S1-288261457	
S1-325772170	
S1-584694385	
S1-196930853	
S1-383705289	
S1-94503331	
S1-647575013	
S1-362900691	
S1-743701929	
S1-554606367	S2-199676050
S1-72057324	
S1-537057658	
S1-863840933	
S1-867937984	
S1-517585252	
S1-843460748	
S1-495431862	
S1-705520087	
S1-629792731	
S1-24190993	
S1-962462371	
S1-891460771	
S1-631267110	
S1-616328186	
S1-989458781	
S1-158427430	
S1-943866501	S3-377422755
S1-772390233	
S1-555104163	
S1-634708855	
S1-574838650	
S1-454570944	
S1-824705510	S2-497794807
S1-353555145	
S1-868191449	
S1-207542087	
S1-128224466	
S1-437847715	
S1-175897406	
S1-836657851	
S1-738388422	
S1-70730985	
S1-913071720	
S1-730858570	
S1-890842089	
S1-755841052	
S1-62406587	
S1-945599294	
S1-282690027	
S1-119471339	
S1-612238175	
S1-507700514	
S1-507057032	
S1-290658366	
S1-521891133	
S1-49325121	
S1-169797977	
S1-44516836	
S1-27176967	
S1-428409415	
S1-583030458	
S1-659886446	
S1-330401139	
S1-928776546	
S1-79493353	
S1-598644426	
S1-491672580	
S1-527616111	
S1-269743554	S2-346644481,S2-519920719,S2-728767898,S2-994528455,S3-117250439,S3-343388041,S3-379835856,S3-571327237
S1-737563674	
S1-662097139	
S1-76227211	
S1-754443232	
S1-541847553	
S1-811085440	
S1-398462363	
S1-310166751	
S1-258544368	
S1-29704874	
S1-71390708	
S1-522847261	
S1-209560741	
S1-76891238	
S1-803723987	
S1-469837394	
S1-262724894	
S1-789310261	
S1-476233101	
S1-156259591	
S1-148192848	
S1-253986339	
S1-613788308	
S1-46734148	
S1-925888590	
S1-384391959	
S1-733058423	
S1-335922295	
S1-62369497	
S1-472029773	
S1-379378394	
S1-802501899	
S1-404958214	
S1-134964502	
S1-903680191	
S1-746205301	
S1-356330116	
S1-897438771	
S1-216853138	
S1-21010276	
S1-411150863	
S1-721904625	
S1-500842861	
S1-519840188	
S1-371172270	S3-199827436,S3-767114627
S1-146269669	
S1-640903890	S2-809866423
S1-579513223	
S1-834059246	
S1-543738021	
S1-464735932	
S1-720494821	
S1-614166527	
S1-330425761	
S1-636382711	
S1-845582955	
S1-864813407	
S1-226835563	
S1-593083174	
S1-265308634	
S1-342524902	
S1-313657958	
S1-761368811	
S1-370040082	
S1-30674002	
S1-184326040	
S1-752875458	
S1-749190987	
S1-303885393	
S1-524471698	
S1-81401869	
S1-600924899	
S1-223740121	
S1-497450389	
S1-951404426	
S1-677361364	S2-286850939
S1-438605996	
S1-669877826	
S1-293244964	
S1-872080679	
S1-578655170	
S1-855309387	
S1-849800146	
S1-950006929	
S1-477543769	
S1-533947051	S2-259463679
S1-689992280	
S1-827116132	
S1-130033627	
S1-200328362	
S1-822365624	
S1-973488776	
S1-13451015	S2-244461000,S2-432235712
S1-618510970	
S1-452851960	
S1-725672126	
S1-371215032	
S1-880149151	
S1-704316296	
S1-491775540	S2-782765375
S1-503016984	
S1-446731231	
S1-908289013	
S1-450337428	
S1-29596643	
S1-601561210	
S1-597171150	
S1-754410830	
S1-995936163	
S1-990991704	
S1-52033338	
S1-717480913	
S1-699194125	
S1-685163224	
S1-185787384	
S1-263986904	
S1-109940605	
S1-109569754	
S1-161663716	
S1-162695461	
S1-648022940	
S1-807531920	
S1-622031313	
S1-147548498	
S1-26628666	
S1-240414034	
S1-377471644	
S1-795051867	
S1-518221826	
S1-569486927	
S1-788480541	
S1-650931728	
S1-949970105	
S1-224442543	
S1-262086042	S2-325956139
S1-539063080	
S1-758070549	
S1-102067063	
S1-232798487	
S1-105827392	
S1-906803032	
S1-42258623	
S1-578070457	
S1-179448674	
S1-377942865	
S1-117124656	
S1-993829678	
S1-170883326	
S1-966166665	
S1-168402024	
S1-432612382	
S1-106694036	
S1-860696171	
S1-947779057	
S1-478187960	
S1-901582927	
S1-903791016	
S1-11483643	
S1-347810367	
S1-557169552	
S1-618760923	
S1-342769339	
S1-533988643	
S1-683869141	
S1-293619205	
S1-896292297	
S1-926971348	
S1-329066163	
S1-658544337	
S1-137870529	S2-130309662,S2-252440461
S1-486008614	
S1-935841397	S3-324443887
S1-326846186	
S1-711330965	
S1-722405675	
S1-463287529	
S1-149411806	
S1-541361289	
S1-977429262	
S1-11172779	
S1-350174317	
S1-279892562	
S1-822292739	
S1-272127430	
S1-667764898	
S1-581382815	
S1-473952711	
S1-221315364	
S1-250931789	
S1-598934460	
S1-584697437	
S1-405602194	
S1-608664540	
S1-84451840	
S1-167638623	
S1-956897563	
S1-729467781	
S1-80773469	
S1-513599911	
S1-533522938	
S1-581757578	
S1-657558693	
S1-402494925	
S1-387016214	S2-330344696,S2-986507216
S1-266555379	
S1-669776689	
S1-225034106	
S1-751033619	
S1-976424391	
S1-519677292	
S1-443534708	
S1-382169090	
S1-790517362	
S1-880615423	
S1-449179193	
S1-48180936	
S1-427642601	
S1-912943762	
S1-671491624	
S1-55716966	
S1-98549181	
S1-815606753	
S1-407721399	
S1-796461188	S2-650640716
S1-959883069	S2-615526201
S1-166391907	
S1-726276781	
S1-120806394	
S1-391836868	
S1-200079725	
S1-765276200	
S1-899317092	
S1-775310986	
S1-305472241	
S1-865063383	
S1-264694687	
S1-526715015	
S1-299047552	
S1-983022047	
S1-864843313	
S1-301477237	
S1-673136886	
S1-230813348	
S1-404917346	
S1-672593972	
S1-541465582	
S1-703209922	S2-790554646
S1-985578465	
S1-602902072	
S1-487057151	
S1-736800651	
S1-935703327	S2-130147955
S1-308849584	
S1-61384671	
S1-852148273	
S1-787461836	
S1-629887537	
S1-71595254	
S1-140373393	
S1-712418507	
S1-515072958	
S1-197280203	S2-497972322,S2-519920719,S2-728767898,S3-117250439,S3-379835856,S3-571327237,S3-665608156
S1-794806928	
S1-195675964	
S1-245620451	
S1-402387176	
S1-218107486	
S1-899593553	
S1-103648967	
S1-186871220	
S1-856200540	
S1-952064431	
S1-15967051	
S1-499785692	
S1-954789288	
S1-543400611	
S1-552047258	
S1-654184515	
S1-276858394	
S1-533888847	
S1-323057996	
S1-320086079	
S1-855616906	
S1-744754397	
S1-152508801	
S1-307615125	
S1-143536197	
S1-618419675	
S1-259620026	
S1-584838253	
S1-39575732	
S1-692949559	
S1-777929094	
S1-31931266	
S1-337081657	
S1-478404464	
S1-916370847	
S1-373387246	
S1-769814533	
S1-423303116	
S1-765122448	S2-553572793
S1-143143410	
S1-45193124	
S1-957659829	
S1-783895442	
S1-241194969	
S1-906946241	
S1-660027440	
S1-461670379	
S1-985740908	
S1-870743390	
S1-575174642	
S1-828526849	
S1-670774972	
S1-222836798	
S1-941927098	
S1-36050400	
S1-480447397	
S1-810784492	
S1-311974093	
S1-59070872	
S1-226072612	
S1-142032781	
S1-45340570	
S1-917054737	
S1-740535429	
S1-547382550	
S1-705324532	
S1-754493357	
S1-831250685	
S1-522913763	
S1-934216469	
S1-860733442	
S1-750661182	
S1-881055954	
S1-514613275	
S1-914583493	
S1-607890592	
S1-123576263	
S1-351949258	
S1-652287609	
S1-975538421	
S1-399652471	
S1-489820330	
S1-459265885	
S1-329065638	
S1-325974220	
S1-293122678	
S1-406820024	
S1-677625506	
S1-146164660	S2-576190118
S1-446660894	
S1-720831376	
S1-322970668	
S1-603512987	
S1-515708142	
S1-621619027	
S1-571678867	
S1-475434066	
S1-44832721	
S1-73643688	
S1-389829785	
S1-908708575	
S1-407373690	
S1-129487038	S2-963306726
S1-757768634	
S1-443842458	
S1-906302489	
S1-836337159	
S1-317432810	
S1-29676446	
S1-641733504	
S1-628264763	
S1-617326546	
S1-134212823	S2-11892493
S1-563052726	
S1-468536106	
S1-14173735	
S1-332647251	
S1-217957750	
S1-990121956	
S1-73778505	
S1-505499864	
S1-220921987	
S1-930793828	
S1-92777166	
S1-694526898	
S1-767699511	
S1-728529555	
S1-638128832	
S1-403810741	
S1-733594883	
S1-562491304	
S1-491136206	S2-741478394
S1-201112839	
S1-750513522	
S1-665694632	
S1-845833663	
S1-658355065	
S1-596614047	
S1-592294131	
S1-437062378	S2-185389152
S1-1120102	
S1-463400859	S3-582942873
S1-40438195	
S1-492055681	
S1-249155369	
S1-932632094	
S1-840718013	
S1-689634385	
S1-639390518	
S1-807232527	
S1-5308195	S2-188368209,S2-297579015,S2-465593416,S2-893700456
S1-218103420	
S1-913516047	
S1-586291714	
S1-498309017	
S1-514230893	
S1-716604051	
S1-346872030	
S1-146867417	
S1-482094020	
S1-220887760	
S1-26046875	
S1-755938174	
S1-282307218	
S1-17075718	S2-220537863
S1-477481289	
S1-883034077	
S1-460394558	
S1-938790742	
S1-53078701	
S1-440988123	
S1-903289741	
S1-289522425	
S1-980287383	
S1-307993358	
S1-924082974	
S1-581219602	
S1-667108166	
S1-307875866	
S1-100460794	
S1-248613636	
S1-786664553	
S1-344144068	
S1-126953632	
S1-557370412	
S1-616686159	
S1-276052128	
S1-764083611	
S1-133831982	
S1-165612846	
S1-7803700	
S1-807068045	
S1-804329115	
S1-424447492	
S1-830121570	
S1-497960353	
S1-447171342	
S1-329937523	
S1-774138226	
S1-177637478	
S1-995838881	
S1-590056143	
S1-318087936	
S1-763454556	
S1-549228388	
S1-112241089	
S1-423038111	
S1-534989528	
S1-593270583	
S1-693931224	S2-908017855
S1-767389281	
S1-813569355	
S1-693124776	
S1-720044635	
S1-733290007	
S1-228133926	
S1-558861915	
S1-669279083	
S1-488514818	
S1-196777004	
S1-412875621	
S1-580637198	
S1-673481371	
S1-937846636	
S1-145220794	
S1-251011052	
S1-489782023	
S1-370245336	
S1-237941811	
S1-573016752	
S1-898097340	
S1-382279860	
S1-395316873	
S1-912877974	S3-293044075
S1-650793969	
S1-74888542	
S1-573514563	
S1-596750278	
S1-154703303	
S1-126557493	
S1-725008002	
S1-988601275	
S1-753404819	
S1-626419543	
S1-560457112	
S1-649311297	
S1-652650064	
S1-778974909	
S1-958356049	
S1-55639441	
S1-642199078	
S1-244908293	
S1-272723892	
S1-843566558	
S1-454834135	
S1-419427065	
S1-328236147	
S1-333055706	
S1-189800582	
S1-755032002	
S1-667245441	
S1-257404767	
S1-562583380	
S1-864612738	
S1-49303005	
S1-324107840	
S1-700865544	
S1-578281785	
S1-799612793	
S1-705084429	
S1-167084059	
S1-700479380	
S1-907619545	
S1-827808098	
S1-570007441	
S1-241440391	
S1-470685162	
S1-937654476	S2-389987809
S1-100924044	
S1-773701187	
S1-698822548	
S1-367438678	S2-21923784,S2-612591290,S2-817996506,S3-362438995
S1-334010423	
S1-191580834	S3-863460876
S1-52933535	
S1-240063613	
S1-757477029	
S1-540853898	
S1-384095941	
S1-585127049	
S1-37588878	
S1-555410066	
S1-745780830	
S1-997195158	
S1-461612339	
S1-151657300	
S1-607789485	
S1-856331133	
S1-97932183	S2-295267621
S1-741710803	
S1-241189286	
S1-739108360	
S1-750647545	
S1-313444553	
S1-759949116	
S1-200927253	
S1-700234729	
S1-891690675	S2-17678839
S1-447511049	S2-906190563,S3-5269429,S3-757454518
S1-788473040	
S1-193832241	
S1-1442433	
S1-737447851	
S1-651242280	
S1-992646451	
S1-475834262	
S1-512996230	
S1-45658342	
S1-379683628	
S1-636353962	
S1-405074481	
S1-633277570	
S1-965850934	
S1-37878759	
S1-639958525	
S1-656284403	
S1-438186667	S3-812929525
S1-440389225	
S1-103228349	
S1-202654102	
S1-44024494	
S1-714559707	
S1-733059779	
S1-190778439	
S1-643815315	
S1-784040568	
S1-19674074	
S1-687443441	
S1-535205962	
S1-839063043	
S1-62193120	
S1-159966605	
S1-58506863	
S1-354931910	
S1-954269341	
S1-372245082	
S1-561898259	
S1-312627881	S2-383030202,S2-543173344
S1-786350920	
S1-71805099	
S1-331754887	
S1-644030642	
S1-325413412	
S1-76845158	
S1-896890808	
S1-769482090	
S1-618982360	
S1-701625804	
S1-701136694	
S1-956574846	
S1-336313200	
S1-116213562	
S1-442704690	
S1-626393772	
S1-33122397	
S1-882661287	
S1-600328758	
S1-466756397	
S1-443269250	
S1-381832976	
S1-337070508	
S1-686148514	
S1-599296180	
S1-696539121	
S1-489030124	
S1-893781011	
S1-315658788	
S1-189552336	
S1-676424099	
S1-305777097	
S1-735045054	
S1-76365154	S3-792873932
S1-798493930	
S1-587399612	
S1-851478447	
S1-914455456	
S1-193477951	
S1-846336917	
S1-410481696	
S1-427531485	
S1-290868682	
S1-193181440	
S1-484448860	
S1-53619295	
S1-424421169	
S1-883553050	
S1-661092369	
S1-503248917	
S1-734760847	
S1-46926584	
S1-277014634	
S1-86163193	
S1-201956901	
S1-904669751	
S1-656137509	
S1-67590313	
S1-674914967	
S1-207070582	
S1-717282539	
S1-984276929	
S1-321825889	
S1-83154552	
S1-618933402	
S1-782553097	
S1-186527688	
S1-108621251	
S1-712961244	
S1-259123476	
S1-782786878	
S1-388507164	
S1-632406610	
S1-83467231	
S1-483421527	
S1-337021163	
S1-421949472	
S1-575955656	
S1-910737469	
S1-34561630	
S1-57348605	
S1-705677344	S2-20869901,S2-613435235,S2-790145633,S2-816390814,S3-170859479,S3-280541618
S1-226805741	
S1-242879085	
S1-683617881	
S1-846160569	
S1-634758155	
S1-421998899	
S1-5165369	
S1-974732084	
S1-114850409	
S1-962435320	
S1-388245391	
S1-217576490	
S1-698449589	
S1-815211774	
S1-736162673	
S1-611784409	
S1-211592475	
S1-555350289	
S1-493985363	
S1-930848316	
S1-307464396	S2-284681063,S2-333486848
S1-177770989	
S1-302590962	
S1-340171740	
S1-950519154	
S1-706653311	
S1-528548249	
S1-220260659	
S1-958298659	
S1-997019898	
S1-584741776	
S1-760816211	
S1-484891659	
S1-232204608	
S1-354802188	
S1-290176575	
S1-203203200	
S1-555917187	
S1-517740762	
S1-766239781	
S1-919889935	
S1-912365081	
S1-714405902	
S1-527663205	
S1-924164040	
S1-450555812	
S1-440645767	
S1-708603034	
S1-572311197	
S1-664710253	
S1-246032126	
S1-927444151	S2-719799340
S1-762257555	
S1-919888511	
S1-218502829	S2-153385123
S1-628791360	
S1-332618783	
S1-446339436	
S1-796251718	
S1-631521728	
S1-274886557	
S1-181784181	
S1-861266479	
S1-790075030	
S1-736713159	
S1-749427923	
S1-477329215	
S1-875446819	
S1-388152199	
S1-847388061	
S1-638197043	
S1-10781672	
S1-789997025	
S1-523081588	
S1-874053309	
S1-641381946	
S1-38884393	
S1-388483103	
S1-85494537	S2-606224626,S2-753735847
S1-793181812	
S1-659049595	
S1-596707551	
S1-309536194	
S1-105249655	
S1-550631169	S3-159783015
S1-648793119	
S1-798806688	
S1-16940394	
S1-353664395	
S1-440971196	
S1-69348624	
S1-326577382	
S1-297420248	
S1-484953487	
S1-873701512	
S1-192330724	
S1-731819349	
S1-102808571	
S1-819626897	
S1-963877776	
S1-409336656	
S1-658171306	
S1-625702584	
S1-547584910	
S1-943778760	
S1-605927691	
S1-939502579	
S1-460245261	
S1-312444742	
S1-156309919	
S1-203108026	
S1-766358539	
S1-154719183	
S1-154668605	
S1-221545619	
S1-405858712	
S1-838114892	
S1-188335410	
S1-816637655	
S1-231982106	
S1-744386862	
S1-442441700	
S1-590847839	
S1-338592807	
S1-677821747	
S1-491043289	
S1-465651224	
S1-533583412	
S1-858917964	
S1-246219023	
S1-750360829	
S1-288311477	
S1-429756989	
S1-219453359	
S1-872344748	
S1-128375300	
S1-761390259	
S1-160661450	
S1-196036715	S3-189266584
S1-247612983	
S1-618992155	
S1-535548928	
S1-680305536	
S1-792917107	
S1-41923451	
S1-448241121	
S1-975606427	
S1-35243972	
S1-125725967	
S1-427417800	
S1-661990269	
S1-428740320	
S1-57650800	
S1-202888373	
S1-68375440	
S1-308217733	
S1-482469421	
S1-638312402	
S1-888351367	
S1-60188978	
S1-177193455	
S1-720777077	
S1-204942299	
S1-606109731	
S1-921803281	
S1-106856665	
S1-175413430	
S1-147535796	
S1-687237362	
S1-971358208	
S1-893246797	
S1-401864203	
S1-841952191	
S1-228177533	S2-713264333,S2-878460826,S3-60303669
S1-419058082	
S1-732961671	
S1-920390520	
S1-635175351	
S1-461785753	
S1-910473852	
S1-868446826	
S1-788848138	
S1-575078315	S2-261149262,S3-899552369
S1-44946269	
S1-618904464	
S1-429851261	
S1-714077420	
S1-483602789	
S1-511231810	
S1-642966235	
S1-534513269	
S1-923648013	
S1-327546778	
S1-544687180	
S1-521308469	
S1-3557546	
S1-747120037	
S1-787806823	
S1-986806167	
S1-353310159	
S1-376870527	
S1-429185660	
S1-517260039	
S1-178572489	S2-6815124
S1-20627394	
S1-700683583	
S1-215948660	
S1-49422945	
S1-679007878	
S1-714329849	
S1-639347951	
S1-523196895	
S1-680785149	
S1-480457861	
S1-151701394	
S1-952390528	
S1-682183472	
S1-75822229	
S1-908361288	
S1-544503346	
S1-750039402	
S1-811974162	
S1-90129787	
S1-994904855	
S1-796020041	
S1-691438963	
S1-286465454	
S1-219390382	
S1-726042940	
S1-704356919	
S1-943139131	
S1-77608143	
S1-121813230	
S1-874715914	
S1-658654418	
S1-322452675	
S1-472443883	
S1-618461228	
S1-209595740	
S1-688607805	
S1-596538042	
S1-273249163	
S1-911040502	
S1-286723247	
S1-122542345	
S1-910799639	
S1-124911378	
S1-388199288	
S1-971559313	
S1-496369034	
S1-708413044	
S1-123645591	
S1-606322048	
S1-989292929	
S1-632671163	
S1-910193711	
S1-932751177	
S1-297861839	
S1-13313453	
S1-459645780	S2-269509975
S1-22482771	
S1-738045284	
S1-788291440	S2-156313873,S2-429287855
S1-840695858	
S1-613023372	
S1-180650580	
S1-488052935	
S1-401305941	
S1-993469683	
S1-214199077	
S1-773817576	
S1-52553681	
S1-772559589	
S1-562353733	
S1-267626025	
S1-858558106	
S1-857651536	
S1-90899239	
S1-489140946	
S1-268077715	
S1-523607347	
S1-846495811	
S1-994206564	S2-381326257
S1-372672851	
S1-708578140	
S1-904154429	
S1-891933117	
S1-221438257	
S1-879751758	
S1-732240961	
S1-140236337	
S1-774458452	S2-433954722,S2-739546465
S1-872899714	
S1-274490349	
S1-275722977	
S1-547036696	
S1-852435036	
S1-739530450	
S1-211740417	
S1-641844231	
S1-962765467	
S1-298114695	
S1-259892627	
S1-516649368	
S1-489433719	
S1-26435801	
S1-958479038	
S1-233860097	
S1-171173719	
S1-859295838	
S1-813286509	
S1-901392046	
S1-403671285	S2-470144907
S1-444758994	
S1-125906634	
S1-337189608	
S1-289797	
S1-995196933	
S1-184025150	
S1-448267460	S3-30496819
S1-923989066	
S1-588683396	
S1-267914232	
S1-732418664	
S1-634363854	
S1-48074803	
S1-498282217	
S1-356288671	
S1-301232777	
S1-521482584	
S1-511635908	
S1-241026415	
S1-966190490	
S1-207004701	
S1-600405366	
S1-864089032	
S1-945451740	
S1-436728967	
S1-840497698	
S1-124755498	
S1-964594680	
S1-85452342	S2-244461000
S1-95763054	
S1-21929210	
S1-79590561	
S1-553805025	
S1-238911744	
S1-778806346	
S1-510129267	S2-352556880
S1-547691555	
S1-213366728	
S1-292044369	
S1-426766569	
S1-754169093	
S1-587182916	S3-732766346
S1-157009161	
S1-303714420	
S1-238949648	
S1-171641868	
S1-960366103	S2-212536068,S2-497972322,S2-727863452,S2-728767898,S3-117250439,S3-379835856,S3-571327237
S1-967759454	
S1-255090841	
S1-308621662	
S1-900740725	
S1-262247415	
S1-91022467	
S1-850605679	
S1-531092926	
S1-854128353	
S1-115657234	
S1-953264718	
S1-572628619	
S1-129137876	
S1-379381643	
S1-842706082	
S1-893217388	
S1-87687506	
S1-796868772	
S1-918398280	
S1-603084324	
S1-341063793	S2-185013334,S3-199827436,S3-767114627
S1-604580133	
S1-729988987	
S1-373022381	
S1-545201764	
S1-390252121	
S1-378974228	
S1-945590651	
S1-692471807	S2-268738900
S1-70304206	
S1-710157655	
S1-512127022	
S1-831923485	
S1-928512730	
S1-374644632	
S1-163099746	
S1-966266474	
S1-179536424	S2-694447290
S1-731314679	
S1-134467695	
S1-785725841	
S1-970711261	
S1-943539291	
S1-583065272	
S1-331007493	
S1-246613826	
S1-362433069	
S1-459984140	
S1-630888300	
S1-904484315	
S1-67169593	
S1-758680230	
S1-158673108	
S1-568095292	
S1-957064394	
S1-398975579	
S1-27412725	
S1-261204121	
S1-533056362	
S1-219896237	
S1-821625770	
S1-554221067	
S1-310373781	
S1-785346955	S3-326835964
S1-221868916	
S1-973621705	
S1-149277660	
S1-87107159	
S1-774841786	
S1-263775088	
S1-901471406	
S1-402129124	
S1-562895326	
S1-956348821	
S1-852992971	
S1-938473594	
S1-164896274	
S1-351688184	
S1-768908939	
S1-642556170	
S1-91272340	
S1-125339420	
S1-92753223	
S1-631479201	
S1-776755474	
S1-7029542	
S1-465371823	S3-802705544
S1-707782242	
S1-919529719	
S1-725913461	
S1-32677738	
S1-744300793	S2-582157971
S1-468118516	
S1-568485477	
S1-669870051	
S1-415387940	
S1-807004356	
S1-299995446	S2-187119816,S2-196613960,S2-197185269,S2-269098468,S2-468427870,S2-490376970,S2-516243741,S2-555124789,S2-802095609,S2-847014050,S2-903049690,S3-503895482,S3-648942348,S3-69037052,S3-734747152,S3-773498036,S3-878324708
S1-665272235	
S1-636086367	
S1-436994877	
S1-283985549	
S1-291608573	
S1-95246987	
S1-140410853	
S1-465658290	S3-548154160
S1-94446158	
S1-354244869	
S1-790521767	
S1-232288883	
S1-23624449	
S1-82163842	
S1-183235572	
S1-598014910	
S1-714079881	
S1-379631122	
S1-516887444	
S1-246844238	
S1-730390346	
S1-431549235	
S1-575824749	
S1-819007632	
S1-366538983	
S1-759776207	
S1-436221709	
S1-121586632	
S1-473872953	
S1-60490751	
S1-408224983	
S1-527818224	
S1-764769373	
S1-916603429	
S1-263854686	
S1-620965338	
S1-306835759	
S1-598167773	
S1-474752946	
S1-228229787	
S1-506617149	
S1-156685442	
S1-927557769	S2-123007061,S2-574584543,S2-63082253,S2-703722492,S2-907620830,S2-920233551,S3-148156789,S3-814880158,S3-949870446
S1-278899619	
S1-207804143	
S1-336954819	S2-28676907,S2-441692657,S2-559838512,S2-803605381
S1-978004735	
S1-643834744	
S1-55150336	
S1-694254644	
S1-594354869	
S1-734812559	
S1-395747417	
S1-133726642	
S1-815964115	
S1-10459565	
S1-162657603	
S1-515583222	
S1-64429589	
S1-216916804	
S1-108133529	
S1-16446879	
S1-996291079	
S1-263085782	
S1-707057441	
S1-154351391	
S1-682184933	
S1-775107858	S3-54861720
S1-334650060	
S1-849630374	
S1-63360202	
S1-440751205	
S1-698710662	
S1-47769331	
S1-945360391	
S1-506616978	
S1-283538407	
S1-720342918	
S1-549240253	
S1-750864938	
S1-220084921	S3-682298984
S1-343273828	
S1-317363337	
S1-540466437	
S1-905916694	
S1-935810789	
S1-431598643	
S1-76835099	
S1-391150694	
S1-628680569	
S1-299677751	
S1-454802421	
S1-808949240	
S1-667284300	
S1-717108073	
S1-866533397	
S1-271891359	
S1-162442089	
S1-492285617	
S1-211251594	
S1-90508168	S3-386725381
S1-831268867	
S1-739584172	
S1-771762254	
S1-210499018	
S1-629474007	
S1-716259203	
S1-715595521	
S1-816345725	
S1-612826948	
S1-443276260	
S1-495291598	
S1-840854323	
S1-13263134	
S1-306211548	
S1-780823360	
S1-589666205	
S1-570239793	
S1-812468044	
S1-401204594	
S1-388203613	
S1-441630804	
S1-333239676	
S1-963108098	
S1-105994064	
S1-768135650	
S1-355877718	
S1-415400097	
S1-833585060	
S1-3548629	
S1-452583127	
S1-210978493	
S1-827710942	
S1-976475136	
S1-728171105	S2-579480736,S3-404418801
S1-791059997	
S1-644148320	
S1-726216331	
S1-846357873	
S1-342951831	
S1-135099760	
S1-714067909	
S1-346094403	
S1-243236242	
S1-210146847	
S1-74346191	
S1-110418596	
S1-673637219	
S1-181819964	
S1-445520074	
S1-286670231	
S1-284126036	
S1-622654527	
S1-955714374	
S1-13421485	
S1-192939249	
S1-992938686	
S1-728071474	
S1-483199532	
S1-562583127	
S1-74653114	
S1-187235323	
S1-456450816	
S1-484217155	
S1-314546470	
S1-432919128	
S1-405539317	
S1-448724215	
S1-3691239	
S1-852712186	
S1-439936870	
S1-257424560	
S1-630651078	
S1-95528421	
S1-454866261	
S1-851650494	
S1-960311166	
S1-197981349	
S1-651515941	
S1-70822873	S2-869488189
S1-528167894	
S1-671126660	
S1-57894782	
S1-322358360	
S1-549445098	
S1-757370873	
S1-913775724	
S1-397555731	
S1-811366506	
S1-85672105	
S1-775742331	
S1-625153781	
S1-82882147	
S1-246771260	S3-665202007
S1-105334146	
S1-652202046	
S1-347851016	
S1-610083316	
S1-434847246	
S1-31753683	
S1-790149645	
S1-719775404	
S1-623945047	
S1-22652693	
S1-277377920	
S1-949105439	
S1-894253368	
S1-551580984	
S1-438092418	
S1-205322546	
S1-946073994	
S1-767519231	
S1-17833262	
S1-709949202	
S1-907766936	
S1-924150937	
S1-627358152	
S1-498352099	
S1-14866099	
S1-826150712	
S1-159301101	
S1-743314341	
S1-257182022	
S1-987752445	
S1-789037213	
S1-197727862	
S1-769567685	
S1-489260119	
S1-851055624	
S1-354455611	
S1-399371867	
S1-375579069	
S1-387856021	
S1-252068059	
S1-506221833	
S1-617543495	
S1-110042519	
S1-972726859	
S1-38451528	
S1-34983322	S2-118314203
S1-781854374	
S1-141407942	
S1-267378563	S2-439163135
S1-428513969	
S1-522096220	
S1-177049354	
S1-925358109	
S1-979547986	
S1-652950277	S2-657766050
S1-923766391	
S1-394642076	
S1-162881013	
S1-758778797	
S1-946474334	
S1-662502009	
S1-331707670	
S1-167833578	
S1-840448762	
S1-136137906	
S1-476492862	
S1-76844888	
S1-44803560	
S1-127371136	
S1-992803857	
S1-827303594	
S1-678219668	
S1-692496075	
S1-216408248	S2-158076477
S1-547528968	
S1-80005094	
S1-398771695	
S1-994407008	
S1-953380015	
S1-646807832	
S1-88597680	
S1-521720736	
S1-302253652	
S1-351659438	
S1-290238589	S2-159856715
S1-847877954	
S1-669982429	
S1-432635859	
S1-988184895	
S1-219806298	
S1-242765065	
S1-12838861	
S1-429982774	
S1-868715737	
S1-392877917	
S1-705984118	
S1-88623617	
S1-367729398	
S1-726670510	
S1-232163492	
S1-823788524	
S1-136227642	
S1-9051645	S2-195567288
S1-46843784	
S1-668762034	
S1-485331101	
S1-745059498	
S1-182352008	
S1-269480237	
S1-917900366	
S1-266914077	
S1-654815541	
S1-809013510	
S1-795462117	
S1-506844307	
S1-347075165	
S1-945978335	
S1-497891937	
S1-710145831	
S1-557325761	
S1-848145225	
S1-271876796	
S1-138208605	
S1-192112139	
S1-69935419	
S1-354911905	
S1-943740563	
S1-151157495	
S1-952347082	
S1-862699295	
S1-75966225	
S1-57159397	
S1-31347471	
S1-190474416	
S1-346536239	
S1-892135269	
S1-977737523	
S1-14397657	
S1-379187097	
S1-475756218	S2-196703165,S2-510757616,S2-720833267,S3-120443833,S3-224800158,S3-582977744,S3-621306900
S1-678942467	S3-30786515
S1-583499446	
S1-319123315	
S1-549104471	
S1-248931969	
S1-414932577	
S1-948766817	
S1-959517787	
S1-918497265	
S1-410139187	
S1-976521663	
S1-579879425	
S1-598483634	
S1-893200955	
S1-218272294	
S1-722291185	
S1-980004950	
S1-559167236	
S1-244617086	
S1-533126499	
S1-89393216	
S1-273121201	
S1-315347506	
S1-316484869	
S1-611897081	
S1-494090197	
S1-745376303	
S1-439896911	
S1-372285376	
S1-339930040	
S1-341173150	
S1-11559198	
S1-672720036	
S1-149472874	
S1-681404732	
S1-741544048	
S1-117374073	
S1-258091290	
S1-265603031	
S1-89072332	
S1-360755167	
S1-396560502	
S1-500308575	
S1-837067731	
S1-398156689	
S1-495577357	
S1-546182661	
S1-648674922	
S1-1900469	
S1-677620581	
S1-671904040	
S1-861523355	
S1-372249803	
S1-572790160	S2-357819643
S1-122342758	
S1-774465555	
S1-196224130	
S1-451281826	
S1-159545842	
S1-173401201	
S1-65034685	
S1-814039696	
S1-603272005	
S1-515623482	
S1-526311181	
S1-205956492	
S1-261226148	
S1-531042031	
S1-906652330	S2-132805742,S3-798390923
S1-980918863	
S1-332395916	
S1-404150193	
S1-34532252	
S1-755610763	
S1-8853314	
S1-825251999	
S1-510504700	
S1-828397431	
S1-177674448	
S1-528837280	
S1-344502679	
S1-47824381	
S1-232420456	
S1-606348149	S2-456174140
S1-351923899	
S1-871507378	
S1-185387090	
S1-74797846	
S1-512939599	
S1-909305275	
S1-131155692	
S1-118654142	S2-435921074
S1-233237645	S2-326727824
S1-449967506	S3-369973365
S1-840340606	
S1-670268028	
S1-846952880	
S1-490623704	
S1-274925692	
S1-6620369	
S1-713481667	
S1-695490495	
S1-494945932	
S1-386152689	
S1-255599298	
S1-874643981	
S1-335226101	
S1-581133117	
S1-450667949	
S1-163450525	
S1-242507267	
S1-521489044	
S1-434862335	
S1-710793097	
S1-453662024	
S1-678468445	
S1-538253391	
S1-950878680	S2-99486075
S1-388362966	
S1-878859622	
S1-115386355	
S1-282608118	
S1-907950947	
S1-908069361	
S1-601165352	
S1-548385950	
S1-131841284	
S1-220552360	
S1-412616901	
S1-555369317	
S1-334996447	
S1-438532591	
S1-277848190	
S1-525028892	
S1-873442207	S3-314303480
S1-23618019	
S1-123587258	
S1-962280261	
S1-860091475	
S1-612058038	
S1-337300085	
S1-56876731	
S1-722096611	
S1-531755243	
S1-76531594	
S1-99098432	S2-518444385
S1-8731816	
S1-864093388	
S1-653023012	
S1-847840310	
S1-504035501	
S1-324844623	
S1-204631479	
S1-320500349	
S1-455312242	
S1-822340043	
S1-672928103	
S1-114167540	
S1-66154351	
S1-749578382	
S1-713906479	
S1-209461488	
S1-516261021	S2-611759661,S3-130647528
S1-871104119	
S1-67005936	
S1-713921409	
S1-329237081	
S1-285617979	
S1-861759929	
S1-292595404	
S1-28341566	
S1-803016938	
S1-973310935	
S1-92606707	
S1-694745232	
S1-144274940	
S1-381401087	
S1-152560873	
S1-591960471	
S1-459442196	
S1-24394706	
S1-153146218	
S1-722064328	
S1-329479952	
S1-101154733	
S1-212677128	
S1-157330686	
S1-926944361	
S1-932091383	
S1-748958732	
S1-407654264	
S1-960202214	
S1-326042432	S2-972244054
S1-26570538	
S1-115604131	
S1-814013173	
S1-950047503	
S1-816806651	S2-43649412
S1-753026938	
S1-321869706	
S1-956145942	
S1-102092317	
S1-875778203	
S1-491794520	
S1-713348464	S3-284421325
S1-211142141	
S1-634610332	
S1-99954607	S3-895886094
S1-244903500	
S1-923688134	
S1-501413716	
S1-643973995	
S1-566228328	
S1-127705396	
S1-997853473	S2-328227277,S2-346644481,S2-497972322,S2-727863452,S2-728767898,S2-913517855,S2-919924109,S2-994528455,S3-117250439,S3-341847420,S3-343388041,S3-379835856,S3-571327237,S3-735923193
S1-55480559	
S1-544612229	
S1-364411389	
S1-681088096	
S1-203478566	
S1-476732670	S2-273265532
S1-555579481	
S1-192569110	
S1-470791690	
S1-43711739	
S1-665766977	
S1-685756581	
S1-853163688	
S1-353684891	
S1-945128774	
S1-426351934	
S1-769727135	
S1-452434765	
S1-585986705	
S1-247594164	
S1-199310468	
S1-427389120	
S1-515305398	
S1-268615618	
S1-716158090	
S1-172958490	
S1-965334558	
S1-687807398	
S1-603224529	
S1-67971888	
S1-607475493	
S1-634492363	
S1-307837973	
S1-775486611	
S1-135119694	
S1-59454152	
S1-44829369	
S1-540464439	
S1-183650055	
S1-288931430	
S1-835496695	
S1-533464021	S2-709045305
S1-78371793	
S1-734135891	
S1-323952679	
S1-772118004	
S1-196773667	
S1-965957271	
S1-528903974	
S1-312513406	
S1-728246746	
S1-333630891	
S1-426176765	
S1-79772049	
S1-211191931	
S1-84897919	
S1-623742372	
S1-779657425	
S1-979775568	
S1-962624367	
S1-871544882	
S1-466875253	
S1-553289156	
S1-285198980	
S1-893139601	
S1-804423982	S2-187119816,S2-196613960,S2-269098468,S2-468427870,S2-516243741,S2-847014050,S3-648942348,S3-69037052,S3-734747152,S3-867447121
S1-74577228	
S1-774719750	
S1-538239829	
S1-505093692	
S1-105462604	
S1-263401495	
S1-962572205	
S1-484151099	
S1-600479922	
S1-710030819	
S1-400950017	
S1-664533739	
S1-641521538	
S1-574132867	S3-706651983
S1-328584708	
S1-556477229	
S1-859753923	
S1-293570372	
S1-563807678	
S1-587243353	
S1-731704475	
S1-673552678	
S1-715816473	
S1-161340366	S2-825035401
S1-383997538	
S1-894657764	
S1-466341745	S2-978163055
S1-78249158	
S1-907988767	
S1-459365976	
S1-170348270	
S1-976302608	
S1-883775116	
S1-67951250	
S1-27610521	
S1-668820810	
S1-56536956	
S1-427285316	
S1-274508775	
S1-902000804	
S1-336158652	
S1-483088494	
S1-480678958	
S1-82714362	
S1-174467251	
S1-206502637	
S1-774749163	
S1-182502875	S3-253568336
S1-980215837	
S1-597042110	S3-893136853
S1-49755442	
S1-385884447	
S1-260875297	
S1-997997632	
S1-327516008	
S1-528122468	
S1-649372371	
S1-69026083	
S1-537978025	
S1-39974132	
S1-378176090	
S1-85870193	
S1-293783230	
S1-441057333	
S1-398156092	
S1-712808534	
S1-809923588	
S1-907925633	S3-617658706
S1-681116226	
S1-621693012	
S1-339889874	
S1-660051846	
S1-727521491	
S1-351458450	
S1-551590476	
S1-317106351	
S1-704841266	
S1-226928249	
S1-246043473	
S1-721419743	
S1-708971705	S2-783355018
S1-268343305	
S1-219817042	
S1-260440405	
S1-708652258	
S1-382841899	
S1-178438393	
S1-88174520	
S1-802693565	
S1-524673939	
S1-865132511	
S1-289814696	
S1-36705144	
S1-376620147	
S1-573008876	
S1-670643666	S3-628825046
S1-582385973	
S1-71043683	
S1-737783959	
S1-145798710	
S1-824394006	
S1-417926500	
S1-241987063	S2-204486391
S1-887192122	
S1-828605400	
S1-190843086	
S1-585951458	
S1-344665822	
S1-593421955	
S1-566454897	
S1-235684588	
S1-11865147	
S1-642709221	
S1-446844125	
S1-393120433	
S1-361005848	
S1-896626034	
S1-662517901	
S1-69516363	
S1-711268589	
S1-458934119	
S1-605833617	
S1-379796343	
S1-440039154	
S1-925379729	
S1-787791123	
S1-762932201	
S1-964226683	S3-436531308
S1-437352705	
S1-374765600	
S1-586245621	
S1-188919955	
S1-678915835	S2-412197058
S1-320769996	S3-778115615
S1-672760701	
S1-60400943	S2-486211748
S1-375576084	
S1-406589576	
S1-992325825	
S1-502077539	
S1-300395496	
S1-22131575	
S1-856849042	
S1-553833283	
S1-462903418	
S1-675821005	
S1-382284080	
S1-491326243	
S1-557084750	
S1-205207034	
S1-614658263	
S1-276214128	
S1-393296984	
S1-837878496	
S1-320095989	
S1-766974441	
S1-242225778	
S1-985278774	
S1-252557079	
S1-745156045	
S1-158738246	
S1-992651338	
S1-954686152	
S1-708861706	
S1-995124333	S2-799342669
S1-4143446	S2-244461000,S2-432235712,S2-795608900
S1-304390114	
S1-243492346	
S1-655908227	
S1-192984	
S1-536176896	
S1-914708175	
S1-973350462	
S1-33929475	
S1-831649239	
S1-783152393	
S1-938258941	
S1-476767163	
S1-52561398	
S1-703850262	
S1-612029716	
S1-219817439	
S1-822609622	
S1-1101456	
S1-188159349	
S1-8508444	
S1-699721226	
S1-98773016	
S1-464076918	
S1-29383021	
S1-544999938	
S1-298625846	
S1-325879545	
S1-306580773	
S1-795981518	
S1-750087535	
S1-326096576	
S1-479052676	
S1-102509328	
S1-73700971	
S1-330428857	
S1-762149211	
S1-555775937	
S1-638671172	
S1-499266884	
S1-260612252	
S1-674270346	
S1-159314474	
S1-264458723	
S1-623010888	
S1-566265453	
S1-822115440	
S1-263184862	
S1-735247657	
S1-894359148	
S1-750675408	
S1-449171849	
S1-545237886	
S1-836363245	
S1-425858660	
S1-150111624	
S1-186556282	
S1-879321389	
S1-574155133	
S1-384498663	
S1-927882225	S2-518088642
S1-467214528	
S1-872193644	
S1-558484785	
S1-172611884	
S1-635140919	
S1-671463259	
S1-754982371	
S1-260837575	S3-691327074
S1-920446249	
S1-409479725	
S1-467361937	
S1-388565911	
S1-501093053	
S1-569350164	
S1-618348640	
S1-458130772	S2-18239116,S2-978643354
S1-498566339	S3-322074713
S1-268669067	
S1-499676345	S3-508112286
S1-38217705	
S1-843560729	
S1-119853718	
S1-852513892	
S1-765730633	S2-76591693
S1-518019591	
S1-242205089	
S1-993229582	
S1-756828693	S3-130647528
S1-216380214	
S1-531818420	
S1-601486176	
S1-519190170	
S1-156692471	S2-147483891
S1-882513972	
S1-593199514	
S1-406660914	
S1-572338294	
S1-865199232	
S1-529684905	
S1-328997311	
S1-561093798	
S1-643243730	
S1-6049393	
S1-857527510	
S1-493183640	
S1-830159632	
S1-950274970	
S1-507847705	
S1-133539404	
S1-546310278	
S1-924818276	
S1-898937545	
S1-573340150	
S1-815790585	
S1-25959355	
S1-914496453	
S1-842850315	
S1-139448568	
S1-766094684	
S1-980756920	
S1-26972220	
S1-95094448	
S1-203076519	
S1-861696239	
S1-108514721	
S1-141216441	
S1-382089726	
S1-98839828	
S1-390633817	
S1-772104779	
S1-208575212	
S1-171028367	
S1-470322770	
S1-279406968	
S1-908010474	
S1-350976457	
S1-957847859	
S1-893092262	
S1-348573367	
S1-207800307	
S1-657275121	
S1-677209593	
S1-220454123	
S1-961914104	
S1-497049386	
S1-914163473	
S1-942131199	
S1-564765699	
S1-337620117	
S1-557030875	
S1-909745869	
S1-292757389	
S1-258855579	
S1-902804675	
S1-568956292	
S1-878141277	
S1-784514996	
S1-689580189	
S1-908175143	
S1-428668184	
S1-957112804	
S1-245967620	
S1-211274215	
S1-820416856	
S1-893657089	
S1-53338151	
S1-853521614	
S1-494063096	
S1-497812883	S3-560440423
S1-248679754	
S1-584568510	
S1-180506407	
S1-492494206	S2-580853997,S2-672367090
S1-759109531	
S1-437925959	
S1-144635306	
S1-865799397	
S1-136750675	
S1-647189784	
S1-108279137	S2-198202218,S3-819474327
S1-327910401	
S1-47692913	
S1-83831401	
S1-434169097	
S1-155796489	
S1-349094421	
S1-822492976	
S1-905148640	
S1-370470963	
S1-183383764	
S1-327298339	
S1-707183377	
S1-517875342	
S1-161757192	
S1-702935256	
S1-58762131	
S1-573169622	
S1-763566761	
S1-87074407	
S1-815446134	
S1-161337014	
S1-447356392	
S1-557406911	
S1-624358506	
S1-608419003	S2-521485245,S3-293044075
S1-82704580	
S1-881053119	
S1-344943699	
S1-688299992	
S1-515416404	S2-325216507
S1-37484772	
S1-990853535	
S1-383689907	
S1-646257562	
S1-680984212	
S1-351698413	
S1-485690667	
S1-201542326	
S1-743586817	
S1-245285153	
S1-147202439	
S1-279746244	
S1-820703801	
S1-924840109	
S1-648244328	
S1-37187771	
S1-756257682	
S1-905586497	
S1-182826941	
S1-430338474	
S1-416820677	
S1-283685349	
S1-138396411	
S1-162551304	
S1-704197706	
S1-949184360	
S1-992932461	
S1-199692780	
S1-910462832	
S1-334125164	
S1-55675855	
S1-655539970	
S1-767058419	
S1-972329925	
S1-270542494	
S1-199987039	
S1-384861092	
S1-861621963	
S1-815997621	
S1-158892744	
S1-884862158	
S1-780637204	
S1-444062227	
S1-111380193	
S1-494770466	
S1-693770981	
S1-301030368	
S1-119170868	
S1-365475533	
S1-419929302	S2-340669521
S1-995378838	
S1-529656399	
S1-192673878	
S1-8764161	
S1-977364599	
S1-508815823	
S1-118337101	
S1-220247232	
S1-17339381	S3-894856546
S1-338410901	
S1-137374858	
S1-497155472	
S1-278478027	
S1-971983143	
S1-979964887	
S1-616763550	
S1-313219985	
S1-787255287	
S1-647658706	
S1-396779207	S3-723869790
S1-81314470	
S1-705603372	
S1-505231899	
S1-796914922	
S1-121670485	
S1-854954412	
S1-321877886	
S1-316626845	
S1-498987567	
S1-283478795	
S1-771130174	
S1-384050302	
S1-980227505	
S1-803035322	
S1-804534185	
S1-229627467	
S1-708969346	
S1-662114745	
S1-403395550	S2-247738094,S2-251860012,S2-51435294,S2-829602188,S2-913195122,S2-926387302,S2-991736902,S3-407822476,S3-462381740
S1-672445783	
S1-902701804	
S1-80486558	
S1-797699772	
S1-319364566	
S1-136512898	
S1-353799923	
S1-611186651	
S1-279446806	
S1-600793393	
S1-916245688	
S1-43296348	
S1-98876495	
S1-750743297	
S1-144680242	
S1-469177694	
S1-292703509	
S1-231565842	
S1-387278254	
S1-341837466	S3-907489267
S1-618573412	
S1-54420205	
S1-951183430	
S1-888448634	
S1-212032173	
S1-289329870	
S1-817429923	
S1-926668259	
S1-397140255	
S1-61706229	
S1-873254460	
S1-857609938	
S1-94288639	
S1-601973042	
S1-848129893	
S1-510619005	
S1-205556070	
S1-139961428	
S1-639624187	
S1-999770008	
S1-843554261	
S1-510394669	
S1-94643371	
S1-207369509	
S1-913359617	
S1-295699995	S3-35965925,S3-757454518
S1-116714704	
S1-594835605	
S1-967010440	
S1-631359163	
S1-432456861	
S1-729795953	
S1-275807127	
S1-744693247	
S1-272679307	
S1-54741905	
S1-402312204	
S1-239040445	
S1-586617412	
S1-48042398	
S1-169519226	
S1-840284923	
S1-422578216	
S1-621326937	
S1-689012189	
S1-35628781	
S1-660662666	
S1-892440031	
S1-100559941	
S1-625671392	
S1-590899209	
S1-254109927	
S1-312195197	
S1-672456867	
S1-280897772	
S1-853073688	
S1-349880030	
S1-913463340	
S1-319250263	
S1-656836770	
S1-708091996	
S1-565584575	S3-357306372
S1-561713507	
S1-236746325	
S1-545313647	
S1-107934072	
S1-515533815	
S1-979938930	
S1-433887168	S3-876133698
S1-578983822	
S1-80571105	
S1-185790201	
S1-566540458	S2-185013334
S1-772112917	
S1-653664553	
S1-144964246	
S1-932596570	
S1-931643626	
S1-940849754	
S1-869626749	
S1-613242703	
S1-397861387	
S1-485102954	
S1-391263719	
S1-525417001	
S1-223059131	S2-171968922,S2-221686525,S2-698489713,S3-564983389
S1-474327244	
S1-948912201	
S1-239414582	
S1-793656305	
S1-223226381	
S1-272597688	
S1-717911044	
S1-377389469	
S1-445054267	
S1-90810075	
S1-839446795	S2-521708549
S1-887060779	
S1-220807644	
S1-525529357	
S1-871733171	
S1-131622546	
S1-561656470	
S1-938016124	
S1-28776613	S3-560278285
S1-587656352	
S1-784856932	
S1-9115681	
S1-959970495	
S1-583032127	
S1-971850426	
S1-790521318	
S1-530652067	
S1-281577804	
S1-77867111	
S1-705563404	
S1-400212184	
S1-797641464	
S1-611494505	
S1-386632032	
S1-964959625	S2-454483999,S2-59604091,S2-814744581,S3-638541983
S1-244151874	
S1-184753944	
S1-314223426	
S1-547021470	
S1-625478543	S2-367421312
S1-110380405	
S1-309407790	
S1-324535341	
S1-210951678	
S1-693773700	
S1-3931086	
S1-116644692	
S1-418681286	
S1-395216449	
S1-969692297	
S1-106058458	
S1-536357910	
S1-474860754	
S1-520423988	
S1-623915795	
S1-620010152	
S1-100897434	
S1-278936782	
S1-654007483	
S1-552089124	
S1-8839488	
S1-546977246	
S1-122018139	
S1-493084871	
S1-443779817	
S1-967316861	
S1-388748611	
S1-150365666	S2-164885954,S2-667429416,S3-995734768
S1-887268926	
S1-341072338	
S1-22032843	
S1-304248535	
S1-18535156	
S1-834364441	
S1-646017281	
S1-389884523	
S1-114494253	
S1-821783420	
S1-809295280	
S1-423268484	
S1-823382531	
S1-963383531	
S1-249300551	
S1-968928915	
S1-144773134	
S1-621743936	
S1-773017982	
S1-627535426	
S1-606754081	
S1-626398578	
S1-445049339	
S1-512977268	
S1-569075241	
S1-95585474	
S1-870487318	
S1-723944074	
S1-157094128	
S1-827940519	
S1-102186049	
S1-561983465	
S1-218477814	
S1-835771729	
S1-849786048	
S1-460205017	
S1-954686170	
S1-224703016	
S1-570550851	
S1-61522952	
S1-472058848	
S1-49168638	
S1-815045201	
S1-537370589	
S1-323879580	
S1-125863668	
S1-295178690	
S1-58960971	
S1-146326736	
S1-833859699	
S1-624190405	
S1-101639645	
S1-329225052	
S1-792960666	
S1-417324728	
S1-855921293	
S1-387025203	
S1-188405729	
S1-304720617	
S1-861410915	
S1-489495432	
S1-993725575	
S1-875821956	
S1-175207037	
S1-890706904	
S1-733420249	
S1-974715983	
S1-682167293	
S1-522410040	
S1-608325195	
S1-977783490	
S1-184077174	
S1-28319635	
S1-266026703	S2-647096892
S1-854513843	
S1-276245329	
S1-184948295	
S1-878134473	
S1-898471677	
S1-465550747	
S1-699895565	
S1-308606575	
S1-88212232	
S1-524947947	
S1-519693590	
S1-323331156	
S1-601576514	
S1-896287477	
S1-318768177	
S1-130482385	
S1-551674638	
S1-840112070	
S1-535345810	
S1-263283707	
S1-366204436	
S1-33910362	
S1-27174537	
S1-299290631	
S1-290682973	
S1-643352695	
S1-834525567	S2-616138475,S2-719799340
S1-501530802	
S1-193066717	
S1-64262333	
S1-827879405	
S1-986677017	
S1-195280703	S2-83775732
S1-240486699	
S1-158077379	
S1-298362412	
S1-312512725	S2-442169767
S1-26341058	
S1-789329713	
S1-22047221	
S1-570960219	
S1-951308372	
S1-991909051	
S1-145229828	
S1-228871442	
S1-541577615	
S1-988087649	
S1-200573371	S3-543214163
S1-730534216	
S1-786857401	
S1-712162830	
S1-466908741	
S1-416123988	
S1-307567613	
S1-76418652	
S1-623573471	
S1-297449293	
S1-334449216	
S1-628181732	
S1-511579796	
S1-553965982	
S1-330881735	
S1-825997091	
S1-445138817	
S1-101819922	S3-443791283
S1-842414527	
S1-17901194	
S1-652835636	
S1-27328911	
S1-774849441	
S1-4896176	
S1-269606805	
S1-128345879	
S1-446270407	S2-969828247
S1-360391513	S3-880657713
S1-548076237	
S1-80607341	
S1-256470137	
S1-531859994	
S1-482854525	
S1-201842545	
S1-716430033	
S1-538969745	
S1-377572890	
S1-207496353	
S1-457520836	
S1-972838933	
S1-876054052	
S1-18990027	
S1-483947147	
S1-400760893	
S1-618465663	
S1-61656646	
S1-123104353	
S1-652612209	
S1-15301131	
S1-291169676	
S1-612318075	
S1-571171549	
S1-672653283	
S1-304897216	
S1-557113881	
S1-9436160	
S1-545321896	
S1-672577896	
S1-343552222	
S1-633359139	
S1-398641009	
S1-976222540	
S1-416401127	
S1-361204632	
S1-982703254	
S1-135033061	
S1-964618779	
S1-32343109	
S1-9432156	
S1-646950062	
S1-271971040	
S1-574037530	
S1-300056072	
S1-656195938	
S1-684529695	
S1-373253945	
S1-574386834	
S1-601413247	S2-685451368
S1-924209018	
S1-134065488	
S1-972648437	
S1-306516652	
S1-295261461	
S1-787516759	
S1-893501608	
S1-858090632	
S1-515756618	
S1-901870264	S3-191221379
S1-562226373	
S1-775585689	
S1-630529342	
S1-812506264	
S1-26583335	
S1-275440387	
S1-933547891	
S1-929506556	
S1-659724947	
S1-81549202	
S1-874288399	
S1-796510866	
S1-433218068	
S1-737251590	
S1-619607055	
S1-78965932	S2-132741297,S3-591095582
S1-913102466	
S1-974100085	
S1-820965839	
S1-206524236	
S1-463776677	S2-204543697
S1-986762816	
S1-459468808	S2-160641880
S1-349964727	
S1-979499805	
S1-724437303	
S1-615363988	
S1-684208113	
S1-801380047	
S1-511102624	
S1-720688531	
S1-756004955	
S1-666278165	
S1-666571162	
S1-54296194	
S1-565756762	
S1-553640250	
S1-309553368	
S1-141020972	
S1-358639823	
S1-143713318	
S1-534082963	
S1-477473377	
S1-992327757	S2-119962883
S1-871204465	S3-321900489
S1-781757601	
S1-683401026	S2-46658258
S1-493296382	
S1-468920238	
S1-725842069	
S1-702747610	
S1-954748968	
S1-336001330	
S1-66686949	
S1-600909980	
S1-290690797	S2-855451963
S1-475297048	
S1-952237901	
S1-191773418	
S1-887231299	
S1-203534997	S3-518504531
S1-814598942	
S1-460171647	
S1-751233896	
S1-176417432	
S1-990800229	
S1-877191383	
S1-780920673	
S1-475383857	
S1-945635215	
S1-985868749	
S1-456966874	
S1-644418417	S2-185013334,S3-798390923
S1-578195707	
S1-821372479	
S1-54366319	
S1-898911000	
S1-931367248	
S1-754202437	
S1-820627896	
S1-755252550	
S1-381237857	
S1-748925867	
S1-517214676	
S1-757099749	
S1-539994201	S2-126452374
S1-207605046	
S1-504311943	
S1-936756916	
S1-759543027	
S1-33658399	
S1-370569381	
S1-287220307	
S1-171098288	S3-777429238
S1-865528756	
S1-810956566	
S1-114389891	
S1-777198956	
S1-401904160	
S1-620248710	
S1-405543619	
S1-699674629	
S1-569725243	
S1-672791511	
S1-498238794	S3-558285322
S1-734373273	
S1-561455183	
S1-315922257	
S1-245125898	
S1-871323782	
S1-524921862	
S1-932388302	
S1-490136479	
S1-635021277	
S1-492200010	S3-886461930
S1-707898770	S2-757303339
S1-165616390	
S1-525697902	
S1-677277675	
S1-262803795	
S1-434307548	
S1-700816828	S3-506819005
S1-958280097	
S1-958426491	
S1-83379425	
S1-665029982	
S1-665561316	
S1-73266149	
S1-595450886	
S1-532559322	
S1-989490225	
S1-86473538	
S1-487983953	
S1-528658891	
S1-199696417	
S1-839060882	
S1-783498394	
S1-906300413	
S1-177522997	
S1-747199279	
S1-720144600	
S1-879349665	
S1-531935920	
S1-543722551	
S1-36827470	
S1-631692696	
S1-921219340	
S1-717954903	
S1-327201326	
S1-84313892	
S1-201589786	
S1-105157580	
S1-340048641	S2-716290526
S1-754793030	
S1-428129299	
S1-693320997	
S1-299218591	
S1-313769847	
S1-581133105	
S1-276942364	
S1-578105406	
S1-977391003	
S1-245900925	
S1-451354794	
S1-878067865	
S1-771692482	
S1-570702581	
S1-354159326	
S1-934500848	
S1-866705481	
S1-261029096	
S1-229872103	
S1-565080820	
S1-972147487	
S1-191234816	
S1-161141803	
S1-793811432	
S1-672103505	
S1-984490436	
S1-355069513	
S1-400442702	
S1-276804213	
S1-151025271	
S1-782337234	
S1-543210716	
S1-929601844	
S1-274436728	
S1-439554708	
S1-817548736	S2-247738094,S2-51435294,S2-829602188,S2-991736902,S3-404281660
S1-150287637	
S1-731044181	
S1-822774741	
S1-361599216	
S1-775610001	
S1-766564913	
S1-549471501	
S1-212035723	S3-185292430
S1-738724478	
S1-565490118	
S1-352587960	
S1-880992972	
S1-126855509	
S1-595832241	
S1-143766834	
S1-842022304	
S1-387628585	
S1-957589085	
S1-276307250	
S1-18602285	
S1-367959075	
S1-25739689	
S1-85364847	
S1-611397964	
S1-635516922	
S1-358105252	S2-13072938,S2-790145633,S3-20787426,S3-233941087,S3-280541618,S3-369941843,S3-43056314
S1-942551171	
S1-908605586	
S1-461769524	
S1-203815310	
S1-138299062	
S1-226273633	
S1-168555254	
S1-354584097	
S1-934043010	
S1-84998079	
S1-424557906	
S1-488551561	
S1-731721138	S2-188368209,S2-441813094,S3-409513890,S3-626922559
S1-201577352	
S1-765635423	
S1-899948712	
S1-236185281	
S1-127758889	
S1-224792463	
S1-140510120	
S1-658090711	
S1-406046827	
S1-965520197	
S1-390023189	
S1-592730731	
S1-151583712	
S1-958359762	
S1-502799064	
S1-26635653	
S1-9710670	
S1-389348663	S3-756138914
S1-7476877	
S1-606617319	
S1-76088178	
S1-594764079	
S1-259172941	
S1-824617286	
S1-878021664	
S1-62217757	S2-953493960
S1-847097665	
S1-164923247	
S1-944549554	
S1-128288991	
S1-147241816	
S1-887304728	
S1-859169389	
S1-292999318	
S1-153207237	
S1-532967605	
S1-319256668	
S1-139372519	
S1-616908093	
S1-1061685	
S1-680362689	S2-258515598,S2-441813094
S1-961945355	
S1-858030780	
S1-227219648	
S1-293690295	
S1-117216872	
S1-964730831	
S1-806577663	
S1-147842539	
S1-954983217	
S1-980838135	
S1-344013091	
S1-658909434	
S1-719702010	
S1-420115705	
S1-801846444	
S1-796966944	
S1-184984458	
S1-105247033	
S1-428988524	
S1-400298705	
S1-969839525	
S1-767324254	
S1-825185379	
S1-50243752	S2-198519159,S2-259463679
S1-274266477	
S1-871677113	S2-420814161,S2-640639990
S1-312712586	
S1-227038231	
S1-195870068	
S1-864694587	
S1-313914585	
S1-766671436	
S1-101962900	
S1-598698415	S2-247738094,S2-251860012,S2-461662527,S2-51435294,S2-855700277,S2-913195122,S3-376456486,S3-404281660,S3-576866747,S3-618110846
S1-321942839	S3-305766553
S1-203271860	
S1-314539588	
S1-108235344	
S1-90460152	S2-510757616,S2-720833267,S3-582977744
S1-868373328	
S1-812296088	
S1-180767191	
S1-834900493	
S1-594214776	
S1-387498038	
S1-462412290	
S1-917024362	
S1-560700616	
S1-409728051	
S1-718016225	
S1-728956560	
S1-345143445	
S1-607166149	
S1-62588912	
S1-68931843	
S1-537792151	
S1-945611757	
S1-119303430	
S1-193498865	
S1-243499578	
S1-894036306	
S1-345526341	S2-185013334,S2-441813094,S2-532797743
S1-246688366	
S1-494420506	
S1-981111877	
S1-687121408	
S1-616169476	
S1-270538282	S2-571232685
S1-338136835	
S1-460668187	S3-287761269
S1-249708203	
S1-767245156	
S1-938346621	
S1-60860552	
S1-501669810	
S1-886641228	
S1-816508970	
S1-7074627	
S1-972328749	
S1-285614131	
S1-72834693	S2-123007061,S2-256621857,S2-329405096,S2-404142853,S2-534796720,S2-574584543,S2-63082253,S2-703722492,S2-847933753,S2-920233551,S2-984363671,S3-148156789,S3-244669915,S3-859692502
S1-163491314	
S1-625105605	
S1-809539941	
S1-650443341	
S1-302515345	
S1-589299918	
S1-526099771	
S1-957815349	
S1-781013825	
S1-883081132	
S1-645924934	
S1-694312759	
S1-998267482	
S1-503080733	
S1-738605979	
S1-615253686	
S1-799755576	
S1-884651822	
S1-520079990	
S1-936691659	
S1-585323068	
S1-612578957	
S1-439778447	
S1-655442428	
S1-518054237	
S1-653966048	
S1-105975825	
S1-30569693	
S1-610417761	
S1-213854643	
S1-265572251	
S1-484421805	
S1-847186076	
S1-894099948	
S1-506960762	
S1-528540995	
S1-332179110	
S1-207726794	
S1-503983890	
S1-291421275	
S1-861034415	
S1-290950404	S2-420814161,S2-640639990
S1-984023821	
S1-244242882	
S1-215273988	
S1-584077811	
S1-747127174	
S1-806564703	
S1-261504277	
S1-388257101	
S1-903659052	
S1-506457060	
S1-668617296	
S1-347041481	
S1-346600018	
S1-561452215	
S1-536137479	
S1-967597096	
S1-448725729	
S1-316376610	
S1-884836844	
S1-514730817	
S1-88664082	
S1-832575972	
S1-242252918	S3-928132304
S1-486297486	
S1-606632043	S2-121118512
S1-616777225	
S1-262869861	
S1-798067631	
S1-731120400	S2-268738900
S1-566700910	
S1-89417798	
S1-428075120	
S1-734757381	
S1-324498270	
S1-352399946	S3-155934845
S1-853386683	
S1-33604489	
S1-273070650	
S1-989358956	
S1-832095856	
S1-458953413	
S1-152365295	
S1-484675859	
S1-48348813	
S1-152452493	
S1-882814633	
S1-302908797	
S1-966001048	
S1-868125971	
S1-137452837	
S1-181930859	
S1-652716926	
S1-370025695	
S1-29177421	
S1-799180442	
S1-75162451	S2-280847874
S1-195608628	
S1-566488603	
S1-983962397	
S1-381368347	
S1-199222202	
S1-501646722	
S1-660255483	
S1-543112947	S3-449062043
S1-263379924	
S1-838542233	
S1-438016854	
S1-893755394	
S1-213044048	
S1-912466200	
S1-835609396	
S1-329833334	
S1-621923872	
S1-681231500	
S1-597380027	
S1-386672715	S3-655604624
S1-647815909	
S1-194915000	
S1-904611805	
S1-789974837	
S1-235542592	
S1-753162385	
S1-282519970	
S1-260359811	
S1-972863352	
S1-207701787	
S1-249826594	
S1-452370815	
S1-40017900	S2-736219122
S1-645282503	
S1-947828974	
S1-29256552	S3-760386233
S1-629135150	
S1-149548357	
S1-861535329	
S1-644961703	
S1-789950452	
S1-232979736	
S1-578765674	
S1-837487059	
S1-654486422	S2-268738900
S1-630388008	
S1-149493537	
S1-800803330	
S1-509819452	
S1-954405111	
S1-269124821	
S1-106941148	
S1-969426414	
S1-30488057	
S1-603853354	
S1-387867383	S3-823164324
S1-45874017	
S1-843142354	
S1-887389878	
S1-394524206	
S1-73870849	
S1-360389411	
S1-997054700	
S1-752088058	
S1-381517629	
S1-548806001	
S1-411913157	
S1-844343235	
S1-904154793	
S1-935996580	
S1-370228771	S2-328794803
S1-31396737	S2-202312555,S2-54016063,S2-653042915,S2-681038146,S3-124884606,S3-459550291,S3-751163531
S1-482534229	
S1-820268321	
S1-641743540	
S1-663566990	S3-449543360
S1-557517141	
S1-525338418	
S1-301542266	
S1-341474464	
S1-117584998	
S1-716533691	
S1-254542316	
S1-514574374	
S1-574890757	
S1-652192238	
S1-216144126	
S1-941007036	
S1-883979688	
S1-83196111	
S1-595750457	
S1-531484241	
S1-104767232	
S1-809106191	
S1-258850703	
S1-737240408	
S1-776766139	
S1-707715160	
S1-139562945	
S1-204083341	
S1-256176084	
S1-952689685	
S1-610611696	
S1-603413812	S2-175324424
S1-460721139	
S1-934530127	
S1-337360484	
S1-859762607	
S1-798867118	
S1-415574004	
S1-681455472	
S1-688199693	
S1-993752976	
S1-252195050	
S1-936759257	
S1-643026199	S2-12319116,S3-542824123
S1-876061583	
S1-388718355	S3-630364670
S1-733416826	
S1-241547898	
S1-561896043	
S1-982714404	
S1-43543541	
S1-947506097	
S1-73282682	
S1-935415775	
S1-3656525	
S1-648668492	
S1-332306315	
S1-881448333	
S1-103295692	
S1-112017659	
S1-90601541	
S1-818676850	
S1-361557008	
S1-589702181	
S1-95466757	
S1-369558346	
S1-121319643	
S1-138094998	
S1-39428958	
S1-220079199	
S1-738899877	
S1-312610720	
S1-398284347	
S1-285272643	S3-347142791
S1-673764363	
S1-281162340	
S1-958711840	
S1-782112135	
S1-604640170	
S1-178471473	
S1-936631391	
S1-668116351	
S1-811605597	
S1-799586401	
S1-529773438	
S1-63379836	
S1-898451883	
S1-346357531	
S1-794561761	S2-125209600
S1-666509985	
S1-918415367	
S1-330558948	
S1-983734613	
S1-551017501	
S1-106040980	
S1-896638514	
S1-224371638	
S1-871741603	
S1-328366197	
S1-156481503	
S1-135545057	
S1-554466290	
S1-695394216	
S1-144705266	
S1-970312484	
S1-313435597	
S1-883837080	
S1-510844455	
S1-533646673	
S1-634485775	
S1-755659768	
S1-507914342	
S1-152393263	
S1-53387088	
S1-197067357	
S1-386835187	
S1-830248765	
S1-512116789	
S1-506942347	
S1-150486795	
S1-602504327	
S1-964999068	
S1-964954120	
S1-109750691	
S1-235658619	S2-673974483
S1-243317267	
S1-486737296	
S1-778348492	
S1-188845334	
S1-584742056	
S1-399637217	
S1-8221549	
S1-789602919	
S1-906440938	
S1-576833127	
S1-152843114	
S1-582383954	
S1-887991137	
S1-109668973	S3-308342443
S1-276951807	
S1-866896574	
S1-992882963	
S1-764863930	
S1-385900426	
S1-669147265	
S1-569175291	
S1-14237017	
S1-760635518	
S1-725815126	
S1-286522620	
S1-840463899	
S1-486985965	
S1-110999804	
S1-188463826	
S1-744111628	
S1-830156452	
S1-354829965	
S1-717856572	
S1-431851952	
S1-971648194	
S1-84937106	
S1-735659158	
S1-852048742	
S1-14679085	
S1-536988629	S3-526520005
S1-360766720	
S1-186482547	
S1-238126658	
S1-247228116	
S1-642462643	
S1-314995995	
S1-474959546	
S1-121975935	
S1-90068723	
S1-159388593	
S1-15358747	
S1-237497188	
S1-945480465	
S1-82021791	
S1-243540863	
S1-918192711	
S1-798150224	
S1-451147414	
S1-808227752	
S1-985953119	
S1-789299592	
S1-62534516	
S1-423790587	
S1-485244267	
S1-324026952	
S1-662864844	
S1-388940715	
S1-673737530	
S1-872814708	
S1-567541897	
S1-979950208	
S1-807592627	
S1-748475823	
S1-304646283	
S1-27743169	
S1-407479460	
S1-927028827	
S1-788694407	
S1-522761114	
S1-237561989	
S1-465253552	
S1-856914555	
S1-584868770	
S1-964027907	
S1-639093227	
S1-918007164	
S1-940295297	
S1-754720042	
S1-833215770	
S1-21237982	S2-269098468,S2-802095609
S1-856793282	
S1-948947134	
S1-748862235	
S1-438746215	
S1-241415597	
S1-656795607	
S1-911587206	S2-375101252
S1-617396262	
S1-791620172	
S1-838370740	
S1-91413486	
S1-683685760	
S1-252481833	
S1-838980856	
S1-864159358	
S1-89205129	
S1-852765716	
S1-405064024	
S1-108644217	
S1-366883710	
S1-647405042	S2-308836903
S1-475510490	
S1-202918517	
S1-672969733	
S1-364571908	
S1-804156910	
S1-198670661	
S1-687837325	
S1-676913086	
S1-86848871	
S1-351748619	
S1-811792604	
S1-138451152	S3-703888667
S1-687825000	S3-155934902
S1-108694927	
S1-204065542	
S1-224954566	
S1-780500237	
S1-579222322	
S1-776573632	
S1-587125743	
S1-633672916	
S1-602819064	
S1-648145738	S2-381420816
S1-597162534	
S1-167088496	
S1-460623766	
S1-99002977	
S1-562845598	
S1-661292108	
S1-482004262	
S1-271071031	
S1-323511182	S2-848549366
S1-616805867	
S1-918042303	
S1-968542977	
S1-446005547	
S1-671487519	S2-858805201
S1-315927153	
S1-503788700	S2-153306127,S2-795608900
S1-722352010	
S1-24316266	
S1-903517215	
S1-619774121	
S1-922315905	
S1-260793785	
S1-356241422	
S1-538442544	
S1-401358579	
S1-934120966	
S1-200703389	
S1-381362993	S2-225081306
S1-60552004	
S1-629861538	
S1-248290307	
S1-320091445	
S1-891218052	
S1-773756859	
S1-144474816	S2-533748083
S1-876195878	
S1-710638326	
S1-982555769	
S1-3739554	
S1-935251945	
S1-422613032	
S1-613051136	
S1-546949477	
S1-61525425	
S1-519922827	
S1-273772046	
S1-578981674	
S1-202485661	
S1-532289684	
S1-435483200	
S1-903247474	
S1-472230182	
S1-474309110	
S1-398700586	
S1-450416781	
S1-208081991	
S1-731931314	
S1-580243118	
S1-483924925	
S1-527612742	
S1-206836663	
S1-263655910	
S1-499554654	
S1-717372520	
S1-250797432	
S1-967447024	
S1-471181731	
S1-88279846	
S1-208897477	
S1-239390193	
S1-941750990	
S1-330575204	
S1-433760222	
S1-434503040	
S1-135707305	
S1-853119765	S2-742922226
S1-912761440	
S1-481602413	
S1-882669829	
S1-894173266	
S1-665658508	
S1-249407509	
S1-359825340	
S1-387007925	
S1-75191209	
S1-696248999	
S1-496177826	
S1-706685411	S2-13072938,S3-174497076,S3-197081371,S3-20787426,S3-280541618,S3-43056314,S3-489941683,S3-496774869,S3-554085780
S1-139868503	
S1-163994639	
S1-942105318	
S1-727874334	
S1-292081721	S2-259463679
S1-748145910	
S1-481688477	
S1-131816947	
S1-912870401	
S1-521615251	
S1-962584150	
S1-526177796	
S1-955654853	
S1-390583993	
S1-124069852	
S1-962443808	
S1-733230953	
S1-92547088	
S1-688555353	
S1-613326337	
S1-64556891	
S1-315908426	
S1-615505591	
S1-42665313	
S1-959619170	
S1-672014895	
S1-958677237	
S1-380907401	
S1-320135670	S2-218702270
S1-768955107	
S1-671168456	
S1-449242548	
S1-563149240	S2-185013334
S1-600280570	
S1-960190946	
S1-456004091	
S1-189173788	
S1-156894399	
S1-294974988	
S1-535081564	
S1-242089626	
S1-295018333	
S1-544181355	
S1-414638369	S2-244461000,S2-410711059,S2-602985825
S1-628497653	
S1-395693371	
S1-810475222	
S1-477606390	
S1-247242308	
S1-980982540	
S1-193286090	
S1-632525402	
S1-427673149	
S1-386241303	
S1-608343200	
S1-306195239	
S1-976610203	
S1-105092113	
S1-686540917	S2-108984077,S2-515152170
S1-219757525	
S1-93342694	
S1-77057709	
S1-575778021	
S1-362412235	
S1-641069794	
S1-648482247	
S1-914691989	
S1-341940741	
S1-935377367	
S1-848086160	
S1-525956648	
S1-752708586	
S1-463422404	
S1-583834139	S2-112550664,S2-840906265
S1-190331237	
S1-713802937	
S1-714693329	
S1-16017348	
S1-43659975	
S1-114545614	
S1-332541138	
S1-487924033	S2-328794803,S2-99269459
S1-683844768	
S1-997793367	
S1-722910020	
S1-752400367	
S1-563985034	
S1-679166544	
S1-165104436	
S1-309090195	
S1-249951521	
S1-992701292	
S1-225796865	
S1-794708034	
S1-225825893	S2-211331261
S1-954825971	
S1-196031484	
S1-786952452	
S1-766874848	
S1-801053745	
S1-642478916	
S1-140754223	
S1-90538366	
S1-74521729	S3-997436063
S1-241040514	S2-253261001,S2-71850350
S1-727191101	
S1-3359337	
S1-96166189	
S1-620502712	
S1-697371108	
S1-297220011	
S1-141419819	
S1-806460607	
S1-815745564	
S1-320329170	
S1-858628875	
S1-299224872	
S1-172127346	
S1-424061347	
S1-593256153	
S1-462255345	
S1-974714244	
S1-488573521	
S1-287778874	
S1-436294840	
S1-8453945	
S1-633930162	
S1-709145727	
S1-887430778	
S1-497620088	
S1-465125003	
S1-633708120	
S1-32340186	
S1-895742586	
S1-746752622	
S1-640997201	
S1-393024583	
S1-262614015	S2-71850350
S1-937734016	
S1-930508874	
S1-992851450	
S1-889820427	
S1-259896101	
S1-490124385	
S1-10981175	
S1-119144470	
S1-176552566	
S1-667804153	
S1-967880568	
S1-363061415	
S1-213840961	
S1-663011781	S2-8082700,S3-105174410
S1-365130035	
S1-643291740	
S1-355425446	S2-426887952
S1-846864818	
S1-402605415	
S1-39385675	S2-774090804
S1-787009489	
S1-344832383	
S1-895434274	
S1-82945427	
S1-89412875	
S1-903477000	
S1-345663082	S3-560030303
S1-903012706	
S1-725102471	
S1-339004252	
S1-713162051	
S1-586306176	
S1-756550594	
S1-476075704	
S1-719856708	
S1-488402858	
S1-811788748	
S1-324684340	
S1-218695538	
S1-432156042	
S1-949674365	
S1-178455790	
S1-336757149	
S1-331218402	
S1-517949344	
S1-106444771	
S1-15516794	
S1-443812790	
S1-786495	S3-15383965
S1-633480269	
S1-221670314	
S1-45841780	
S1-936895659	
S1-248855615	
S1-345423245	
S1-864434067	
S1-761019501	
S1-1142590	
S1-929270366	
S1-966613352	
S1-544497855	
S1-536250985	
S1-281170415	
S1-948075425	
S1-879389329	
S1-720797568	
S1-119971515	
S1-472264276	
S1-118939506	
S1-388251219	
S1-829343893	
S1-995326037	
S1-737944011	
S1-537258330	
S1-58896189	
S1-675833262	
S1-6164608	
S1-197357662	
S1-219668518	
S1-427232710	
S1-819287003	
S1-470647256	
S1-859110458	
S1-121350359	S3-106323804
S1-508560862	
S1-644561190	
S1-365987062	S2-686410143,S2-765829266
S1-794287339	
S1-245205783	
S1-972467298	
S1-878151669	
S1-437537573	
S1-855467918	
S1-749721175	
S1-297777655	
S1-807365014	
S1-98346704	
S1-707818859	
S1-636820240	
S1-310095620	
S1-987506440	
S1-847079404	
S1-873747778	
S1-588164601	
S1-490710521	
S1-359914494	
S1-212340960	
S1-962528151	
S1-994243930	
S1-579844828	
S1-732752319	
S1-976360354	
S1-202561259	
S1-283559796	
S1-432173149	
S1-434164541	
S1-783289521	
S1-430720482	
S1-866632679	
S1-599191143	
S1-936273608	
S1-162506438	
S1-595979657	
S1-574405744	
S1-287636395	S2-185013334,S2-297579015
S1-726124817	
S1-552052093	S2-491807838
S1-912228543	
S1-58076305	
S1-816262008	
S1-597826913	
S1-187475506	
S1-44825451	S2-410711059
S1-317551500	
S1-650609836	
S1-68315962	
S1-569459170	
S1-526705455	
S1-967158718	
S1-439294194	
S1-94588431	
S1-38085002	
S1-387647858	
S1-425145206	
S1-372414613	
S1-547253134	
S1-411535328	
S1-773318881	
S1-33017980	
S1-579135386	
S1-13725965	S2-311792054
S1-161736811	
S1-446819700	
S1-229382696	
S1-386124783	
S1-989372371	
S1-657451229	
S1-33302212	
S1-986774734	
S1-976491745	
S1-677335134	
S1-836781383	
S1-625534251	
S1-279156625	
S1-681389133	
S1-983829962	S3-152924100
S1-715180838	
S1-761481191	
S1-674800210	
S1-517855803	
S1-750013601	
S1-73054291	
S1-481026952	
S1-467647338	
S1-894331989	
S1-293673743	
S1-865010662	
S1-273079514	
S1-59104576	
S1-900102102	
S1-421188239	
S1-327590818	
S1-655077783	
S1-205107754	
S1-602472419	
S1-850523705	
S1-303271605	
S1-109641889	
S1-707971011	
S1-285072614	
S1-427559996	
S1-333348301	
S1-371267677	
S1-809062789	
S1-596389295	
S1-370694887	
S1-842134202	
S1-718858784	
S1-979911307	
S1-211737803	
S1-117413640	
S1-981901478	
S1-775811852	
S1-689969707	
S1-757841636	
S1-325632196	
S1-487587563	
S1-704287978	
S1-204031459	
S1-605285689	
S1-945990084	
S1-831693491	
S1-770981108	
S1-873024427	
S1-891889902	
S1-946550805	
S1-376883229	
S1-192181608	
S1-118615275	
S1-704802468	
S1-297785554	S2-767997013
S1-882407636	
S1-364380070	
S1-569481503	
S1-107742155	
S1-234569220	
S1-996768452	
S1-193117504	
S1-580605574	
S1-826309390	
S1-313918745	
S1-926812147	
S1-276356599	
S1-530927300	
S1-194343073	S2-705585429
S1-336152543	
S1-608765617	
S1-212189068	
S1-454018980	S2-128801830
S1-698527608	
S1-851201018	
S1-755026238	S2-151497011
S1-711120298	
S1-30158707	
S1-819864199	
S1-643635283	
S1-710024714	
S1-32880212	
S1-369295741	
S1-921472883	
S1-628563780	
S1-52218655	
S1-382272515	
S1-158071126	
S1-730715924	
S1-843165346	
S1-145259886	
S1-956824670	
S1-979671520	
S1-90015848	
S1-947236975	
S1-32254237	
S1-528612247	
S1-783895561	
S1-614792963	
S1-100663700	
S1-809406756	
S1-325608211	
S1-414204370	
S1-63363530	
S1-146259603	
S1-771158065	S3-706878729
S1-189302015	
S1-46623715	
S1-350918063	
S1-493253612	
S1-142723272	
S1-335572227	
S1-234455242	
S1-939091239	
S1-386630305	
S1-367171000	
S1-91386465	
S1-859010094	S3-851409065
S1-726533617	
S1-118926781	
S1-373553677	
S1-594051562	
S1-565597243	
S1-682083447	
S1-582545917	S2-637707478
S1-754677948	
S1-188161132	
S1-834491272	
S1-789050237	
S1-256305727	
S1-770249650	
S1-447767050	
S1-554290205	
S1-287359440	
S1-798469548	
S1-522825722	
S1-998460575	
S1-285620421	
S1-67753444	
S1-49817228	
S1-477554046	
S1-666828017	
S1-677425393	
S1-480011150	
S1-85809986	
S1-419501830	
S1-70100429	
S1-378364734	
S1-576871849	
S1-170039772	
S1-49213081	
S1-582205407	
S1-340439104	
S1-41940589	
S1-198120889	
S1-337769660	
S1-626640921	
S1-365954294	
S1-918526289	
S1-840822199	
S1-603264258	
S1-312230871	
S1-229573265	
S1-685693871	
S1-282967408	
S1-439617663	
S1-306779909	
S1-214629590	
S1-73993163	
S1-843789631	
S1-829166142	
S1-117544682	
S1-536020925	
S1-786350825	
S1-807736264	
S1-263474173	
S1-367995246	
S1-722433811	
S1-316383771	
S1-474172740	
S1-462436614	
S1-192212558	
S1-68788761	
S1-363602843	
S1-863841034	
S1-268727774	
S1-31048215	
S1-993077036	
S1-430113075	
S1-364492309	
S1-662374899	
S1-368294495	
S1-243377525	
S1-477880236	
S1-372445638	
S1-297016023	
S1-947868950	S2-20869901,S2-790145633,S3-170859479,S3-197081371,S3-233941087,S3-280541618,S3-369941843,S3-489941683,S3-554085780
S1-365863157	
S1-869536495	
S1-465727031	
S1-507585165	
S1-450297037	S2-952911724
S1-199060579	S2-604976451,S2-612591290,S2-817996506
S1-853432391	
S1-43083318	
S1-180174918	
S1-915527840	S2-772985419
S1-295294453	
S1-672075976	
S1-662860247	
S1-234109819	
S1-168549051	S2-290451243
S1-861100110	
S1-377846202	
S1-125952499	
S1-227222686	
S1-646859671	
S1-985309692	S3-652441898
S1-469306646	
S1-615317204	
S1-263026652	
S1-348535141	
S1-479728994	
S1-564116899	S2-244461000,S2-29569525,S2-470324870,S2-642909030,S2-879541485
S1-341452973	
S1-423209851	
S1-916575962	
S1-12369353	
S1-994837554	
S1-600561344	
S1-332415230	
S1-485676347	
S1-583355528	
S1-473979905	
S1-229274587	
S1-812860344	
S1-98628717	
S1-281731728	
S1-845586355	
S1-239475266	
S1-87921766	
S1-48747549	
S1-99250472	
S1-944927549	
S1-324196829	
S1-955519392	
S1-394675558	
S1-392389716	
S1-847130154	
S1-841376643	
S1-87744471	
S1-963671687	
S1-283014894	
S1-928345305	
S1-513923669	
S1-204464643	
S1-647789499	
S1-517651003	
S1-63603457	
S1-435843549	
S1-231685693	
S1-907422223	
S1-270110984	
S1-409044385	
S1-870052836	
S1-64462787	
S1-561742839	
S1-102242847	
S1-188647562	
S1-20522263	
S1-116986524	
S1-40133428	
S1-211706351	
S1-450039152	
S1-795351282	
S1-550084951	
S1-445938841	
S1-581639417	
S1-918052091	
S1-304661889	
S1-480102394	
S1-398160036	
S1-276158488	
S1-430806766	
S1-240218187	
S1-291398160	
S1-143416578	
S1-459519226	
S1-482145452	
S1-513946183	
S1-422684979	
S1-72100687	
S1-114621226	
S1-759083010	
S1-779546019	
S1-142476266	
S1-923161661	
S1-444941176	
S1-673515563	
S1-437999839	
S1-569163219	
S1-153405972	
S1-145093189	
S1-743958115	
S1-482176232	
S1-866176572	
S1-293070409	
S1-288798628	
S1-675309028	
S1-690723863	
S1-345660337	
S1-789610510	
S1-173823933	
S1-286502411	
S1-162979840	
S1-932343406	
S1-46448200	
S1-690237392	
S1-337510150	
S1-424777284	
S1-859200891	
S1-577240317	
S1-105356114	
S1-147450568	
S1-191634263	
S1-843812261	
S1-12557489	
S1-744052941	S2-346644481,S2-497972322,S2-727863452,S2-728767898,S2-919924109,S3-117250439,S3-379835856,S3-571327237,S3-735923193
S1-422308362	
S1-679809740	S2-20869901,S2-790145633,S3-170859479,S3-233941087,S3-280541618,S3-489941683,S3-554085780
S1-86727305	
S1-190397816	
S1-77359451	
S1-526867784	
S1-27764246	
S1-296623522	
S1-767810572	
S1-814203751	
S1-530166193	
S1-827720771	
S1-698026385	
S1-877495214	
S1-722352499	
S1-523668950	
S1-98328044	
S1-181817412	
S1-318150136	
S1-623454395	
S1-529172004	
S1-827619379	
S1-241640222	
S1-604321939	
S1-678508415	
S1-507657774	
S1-406695933	
S1-737295214	
S1-698689512	
S1-552152222	
S1-41022573	
S1-339792863	
S1-96592873	
S1-954388560	
S1-849013973	
S1-895967181	
S1-879959005	
S1-478011420	
S1-193079869	
S1-458704087	
S1-675998552	
S1-230238177	
S1-303793288	
S1-606890696	
S1-953911980	
S1-190008540	
S1-704909483	
S1-957406280	
S1-353379964	
S1-865952045	
S1-772023141	S2-900738223
S1-955358197	
S1-379955483	
S1-649472075	
S1-665143790	
S1-100416618	
S1-714021913	
S1-322360664	
S1-23662686	
S1-170944410	
S1-443094160	
S1-614335328	
S1-668555841	
S1-933820342	
S1-270670859	
S1-147801462	
S1-16185570	
S1-128046478	
S1-264304236	
S1-923161793	S2-226715256
S1-802451476	S2-723380300
S1-654481042	S3-678576160
S1-294942896	
S1-46287321	
S1-908223115	
S1-548060265	
S1-663127104	
S1-656428793	
S1-925202873	
S1-628382503	
S1-941347586	
S1-18794113	
S1-40150263	
S1-899882894	
S1-673153647	
S1-934069854	
S1-712510857	
S1-573188346	
S1-223585476	
S1-3885889	
S1-124133884	
S1-578967821	
S1-935909890	
S1-441734006	
S1-878939311	
S1-843306839	
S1-164487982	
S1-414946644	
S1-620804927	
S1-58920105	S2-108984077,S2-515152170
S1-680727611	
S1-481517957	
S1-485319984	
S1-656057605	
S1-991011701	
S1-357170162	
S1-101740731	
S1-395503414	
S1-763337051	
S1-380513982	
S1-970065533	
S1-754646322	
S1-631938182	
S1-826550490	
S1-538080209	
S1-981915508	
S1-765817886	
S1-357444541	
S1-233846577	
S1-605381994	
S1-274063051	
S1-849369234	
S1-436426640	
S1-154326785	
S1-705248661	S3-293300637
S1-520521583	
S1-602287969	
S1-296341423	
S1-927630329	
S1-445694698	
S1-185397229	
S1-143235512	
S1-448804054	S2-187119816,S2-269098468,S2-41086033,S2-468427870,S2-847014050,S3-648942348,S3-696077585,S3-734747152,S3-773498036
S1-165220078	
S1-732710021	
S1-280495529	
S1-413848349	
S1-324095800	
S1-724222873	
S1-195638626	
S1-382746444	
S1-988843955	
S1-400293805	
S1-54009750	
S1-819390353	
S1-35384274	S2-473295515
S1-476107718	
S1-271495771	
S1-617273697	
S1-192915963	
S1-948638609	
S1-522773787	
S1-64938579	
S1-58847033	
S1-409710402	
S1-895427926	
S1-578275678	
S1-420548393	
S1-178060739	S2-234965874
S1-276795644	
S1-579470647	
S1-484023776	
S1-441737927	
S1-796196384	
S1-539293894	
S1-951857419	
S1-335092922	
S1-862840211	
S1-275568256	
S1-319015810	
S1-781997960	
S1-492617062	
S1-771840345	
S1-212231406	
S1-924365582	
S1-856925496	
S1-859582945	
S1-28666330	
S1-22655776	
S1-676615274	
S1-316133144	
S1-721898698	
S1-566366140	
S1-771368017	
S1-665157746	
S1-489611014	
S1-722828279	
S1-772179239	
S1-537386709	
S1-238165238	
S1-356031531	
S1-921973778	
S1-131170774	
S1-642398802	
S1-47602109	
S1-822332610	
S1-919077832	
S1-830030073	
S1-862824279	
S1-527101867	
S1-687903267	
S1-640315001	
S1-7006846	
S1-538485261	
S1-817120518	
S1-876532311	S2-73255518
S1-181075395	
S1-385560589	
S1-431741749	
S1-303706137	
S1-100133350	
S1-188567558	
S1-810916940	
S1-638783471	
S1-528996282	
S1-931909177	
S1-822935443	
S1-575597070	
S1-601866394	
S1-986250467	
S1-164824822	
S1-103166552	
S1-170859973	
S1-86871129	
S1-725559263	
S1-457103886	
S1-927156287	
S1-695384054	
S1-678907066	
S1-485166324	
S1-373371820	
S1-85148134	
S1-588824637	
S1-102697807	
S1-123614964	
S1-967787797	
S1-721417768	S3-153906248
S1-470793695	S2-636805045
S1-455427378	
S1-316252575	
S1-552670689	
S1-880334103	
S1-586759500	
S1-351996407	
S1-563409075	S3-589489453
S1-398652252	
S1-796881883	
S1-439669631	
S1-562917545	
S1-438822695	
S1-980913474	
S1-232078759	
S1-12817516	
S1-185743666	
S1-91773871	
S1-841999179	
S1-635087902	
S1-431317357	
S1-784559101	
S1-334363991	S3-21242995
S1-45547751	
S1-356824601	
S1-103684131	
S1-341468873	
S1-367955149	
S1-302622069	
S1-681357632	
S1-845903916	
S1-252167251	
S1-604174059	
S1-24294254	
S1-688718296	
S1-813524637	
S1-123258379	
S1-591195599	
S1-981947954	
S1-175228	
S1-520176288	
S1-174752015	
S1-786232577	
S1-398220951	
S1-951690055	
S1-358715789	
S1-720588592	
S1-655925921	
S1-566573882	
S1-752884067	
S1-71886753	
S1-732808100	S2-411967947
S1-153213682	
S1-807839340	
S1-555614917	
S1-94292397	
S1-211098936	
S1-618932978	
S1-224504767	
S1-361415441	
S1-958306728	
S1-32695820	
S1-244955035	
S1-475534552	
S1-5941610	
S1-22566246	S2-698489713,S3-922753681
S1-576909517	
S1-629674571	
S1-808103639	
S1-497369489	
S1-768455813	
S1-169835481	
S1-420375567	
S1-502674167	S2-185013334
S1-821375423	
S1-772032177	
S1-707283126	
S1-81183886	
S1-239446939	
S1-503736434	
S1-530661714	
S1-272486440	
S1-792196649	
S1-337743329	
S1-678942192	
S1-773973572	
S1-953251791	
S1-672855095	S3-689243815
S1-778559786	
S1-392673447	
S1-800464444	
S1-670420071	
S1-754010939	
S1-611234292	
S1-21460157	
S1-882381465	
S1-823803332	S3-405499556
S1-615077670	
S1-519660405	
S1-526229216	
S1-432191735	
S1-551547477	
S1-2442401	
S1-215924394	
S1-723061271	
S1-324370531	
S1-452722544	
S1-98669089	
S1-560530740	
S1-356266611	
S1-20362737	
S1-947525407	
S1-534723879	
S1-683573121	
S1-567550420	
S1-366566283	
S1-41040242	S3-348886668
S1-866078485	
S1-34374304	
S1-942196866	
S1-994356823	
S1-953005679	
S1-915006426	
S1-818272713	
S1-366568350	
S1-778400531	
S1-206291632	
S1-511577236	
S1-85869392	
S1-239667226	
S1-916785800	
S1-647852896	
S1-446461679	
S1-723153141	
S1-980405029	
S1-2688307	
S1-667360996	
S1-952238330	
S1-736387406	
S1-735760110	
S1-297826923	
S1-933297495	
S1-903791543	
S1-659350265	
S1-758994446	
S1-373675053	
S1-131153389	S2-553180895
S1-923908241	
S1-488432545	
S1-281814880	
S1-343855694	
S1-713539006	
S1-990950857	
S1-636275740	
S1-146347715	
S1-838019098	
S1-964829996	
S1-70117435	
S1-266898243	
S1-40371153	
S1-498350882	
S1-998398396	
S1-236753019	
S1-871435979	
S1-641760750	
S1-881072058	
S1-982292509	
S1-737543910	
S1-133736930	
S1-857437091	
S1-528789317	
S1-189101283	S3-113399955
S1-940122543	
S1-743076349	
S1-236537476	
S1-194352096	
S1-256837400	
S1-457813192	
S1-570958320	
S1-2905410	
S1-468820664	
S1-687738583	
S1-251336895	
S1-777123532	
S1-835879278	
S1-219276967	
S1-448873353	
S1-997411256	
S1-837468130	S2-441186612
S1-622779688	
S1-446904034	
S1-332435944	
S1-498399056	
S1-755608348	
S1-302020610	
S1-3682287	
S1-978407719	
S1-210355678	
S1-935072979	
S1-807144880	
S1-966384008	
S1-901844549	
S1-883496096	
S1-311963774	
S1-627391539	
S1-367801158	
S1-971870780	
S1-700789038	
S1-351775267	
S1-490618415	
S1-40062178	
S1-946141508	
S1-569810986	
S1-664718703	
S1-422804719	
S1-977287936	
S1-720754874	
S1-299476668	
S1-803260517	
S1-578584595	
S1-826056234	
S1-16691478	
S1-172081474	
S1-682258395	
S1-297621715	
S1-868304310	
S1-828233517	
S1-595257028	
S1-760897600	
S1-533631485	
S1-462909273	
S1-507279311	
S1-56413537	
S1-296102744	
S1-316297027	
S1-155246833	
S1-755271978	
S1-688623626	
S1-832058878	
S1-282310688	
S1-486063262	
S1-874239638	
S1-328471439	S2-280214592
S1-66416778	
S1-558934148	
S1-744444429	S2-97405974
S1-95547571	
S1-680915510	
S1-747785827	
S1-346269259	
S1-893730696	
S1-779679041	
S1-922976713	
S1-861648375	
S1-706310519	
S1-44187756	
S1-694407511	
S1-235849615	
S1-80309936	
S1-752039138	
S1-137530378	
S1-26021538	
S1-50206704	S2-187119816,S2-196613960,S2-269098468,S2-468427870,S2-605726696,S2-802095609,S2-847014050,S3-648942348,S3-734747152,S3-773498036,S3-878324708
S1-63353734	
S1-985030700	
S1-512173527	
S1-956987965	
S1-196680744	
S1-298467952	S3-70784381
S1-665099659	
S1-892584591	
S1-961177944	
S1-988241951	S3-93766396
S1-392780875	
S1-350613771	
S1-682136106	
S1-46179222	
S1-876565028	
S1-648959660	
S1-648840657	
S1-436282957	
S1-221675426	
S1-333434029	
S1-443495120	
S1-281327248	
S1-827671639	
S1-73091612	
S1-525512619	
S1-116249378	
S1-739628707	
S1-791524462	
S1-230068977	
S1-657858130	
S1-371328996	S2-659667401
S1-761091050	
S1-894834345	
S1-201098479	
S1-910487857	
S1-681432974	
S1-828511658	
S1-791679666	
S1-122133527	
S1-852681841	
S1-57899346	
S1-989277953	
S1-259348609	
S1-332228620	
S1-654402730	
S1-246874064	
S1-637758265	
S1-906354566	
S1-126118707	
S1-82002881	
S1-411703958	
S1-384778473	
S1-609566237	
S1-843921839	
S1-170728775	
S1-49417587	
S1-768690404	
S1-325960388	
S1-980197078	
S1-852890634	
S1-781625833	
S1-618005722	
S1-592497400	
S1-281009967	
S1-351181278	
S1-457628684	
S1-868828554	
S1-813104560	
S1-954610668	
S1-501623157	
S1-37212391	
S1-709818799	
S1-746885449	
S1-695648384	
S1-590482184	
S1-206290912	
S1-160663130	
S1-809097737	
S1-254294411	
S1-388074615	
S1-29574871	
S1-716861603	
S1-538571851	
S1-437596220	
S1-121871847	
S1-699987255	
S1-101741196	
S1-54141088	
S1-426423111	
S1-781073832	
S1-842893534	
S1-16328072	
S1-444427296	
S1-56786823	
S1-562470646	
S1-155358859	
S1-420200038	
S1-355159597	
S1-981813694	
S1-492172285	
S1-906585163	
S1-868887466	
S1-380797072	S2-70581577
S1-26954671	
S1-921805363	
S1-727723950	
S1-157779468	
S1-637391058	
S1-775496488	
S1-222110449	
S1-889737466	
S1-27919663	
S1-866159128	
S1-724631737	
S1-391356263	
S1-378165171	
S1-770322523	
S1-465628397	S2-839415047
S1-235174796	
S1-873238424	
S1-558684056	
S1-728940834	
S1-727493773	
S1-576669140	
S1-298717636	S2-521485245
S1-591126110	
S1-446879097	
S1-231255268	
S1-901318343	
S1-810339465	
S1-982267415	
S1-668990649	
S1-46515805	S3-108113253
S1-570479164	
S1-678994081	
S1-54423855	
S1-888562900	
S1-113259386	
S1-178319905	
S1-751953341	
S1-864383549	
S1-192179066	S2-185013334,S2-423000730,S3-798390923
S1-236455581	
S1-206874769	
S1-564459570	
S1-694782873	
S1-641335295	
S1-786079276	
S1-200822016	
S1-29956364	
S1-660846876	
S1-304161945	S3-234369272,S3-28391425
S1-684804672	
S1-104247983	
S1-150645194	
S1-789233617	
S1-464304619	
S1-572174013	S3-957191648
S1-220323729	
S1-963246620	
S1-155008716	
S1-429000029	
S1-490327275	
S1-212108227	
S1-655422777	S2-538225822
S1-432910021	
S1-998103290	
S1-590586409	
S1-945048543	
S1-274497090	
S1-497309396	
S1-863694207	
S1-895090251	
S1-940022999	
S1-861605602	
S1-462887243	
S1-981451295	
S1-214876934	
S1-739737336	S2-564724754,S2-832560806
S1-387839518	
S1-875265602	
S1-948904670	
S1-41814065	
S1-653509301	
S1-806260800	
S1-588596686	
S1-618708781	
S1-996440673	S2-767912318,S3-328940207,S3-561839301
S1-797984546	
S1-998608754	
S1-729646541	
S1-621165749	
S1-794339918	
S1-798078202	
S1-733170831	
S1-720648813	
S1-318562373	
S1-291318032	
S1-678735682	
S1-685238800	
S1-160523670	
S1-403620074	
S1-274419973	
S1-523298958	
S1-35902882	
S1-975441536	
S1-202913143	
S1-475022934	
S1-642418104	
S1-25787022	
S1-779439369	
S1-609101398	
S1-219911047	
S1-319590585	
S1-948838374	
S1-56886200	
S1-492673642	
S1-252480535	
S1-205309033	
S1-703703530	
S1-163837924	
S1-162859724	
S1-938222710	
S1-944754419	
S1-676145534	
S1-324416566	S2-216986601
S1-126312625	
S1-513502678	
S1-610928085	
S1-452529574	
S1-450854107	
S1-541947409	
S1-891196346	
S1-470105011	
S1-680147300	
S1-997724182	
S1-359147452	
S1-568911579	S2-123007061,S2-236096250,S2-256621857,S2-329405096,S2-534796720,S2-574584543,S2-63082253,S2-703722492,S2-847933753,S2-920233551,S2-984363671,S3-148156789,S3-244669915,S3-949870446
S1-267301579	
S1-600766140	
S1-99916388	S3-548817770
S1-91234832	
S1-825648683	
S1-179831758	
S1-625910648	
S1-357544432	
S1-209653672	
S1-16139337	
S1-333306935	
S1-258585613	
S1-606897442	
S1-607966851	
S1-240462690	
S1-876754607	
S1-137874522	
S1-679191511	
S1-868123277	
S1-241250256	
S1-320103732	
S1-899819105	
S1-298935650	
S1-981463267	
S1-438280992	
S1-105634332	
S1-171942591	
S1-379142732	
S1-621949335	
S1-51750115	
S1-88843675	
S1-225618497	S2-123007061,S2-329405096,S2-404142853,S2-534796720,S2-574584543,S2-63082253,S2-703722492,S2-920233551,S2-984363671,S3-148156789,S3-244669915,S3-814880158,S3-949870446
S1-591518512	
S1-368845929	
S1-225813956	
S1-744657415	
S1-942397490	
S1-230432700	
S1-115142882	
S1-378278641	
S1-285617489	
S1-35103378	
S1-875908553	
S1-960828400	
S1-185081423	
S1-70444258	
S1-163898250	
S1-107065684	
S1-436252140	
S1-340234573	
S1-589978169	
S1-994559742	
S1-913169659	
S1-3078790	
S1-808086391	
S1-164124819	
S1-942892378	
S1-565994804	
S1-313404344	
S1-800263893	
S1-602459218	
S1-856358436	S2-420814161
S1-606705669	
S1-444290304	
S1-541963420	
S1-827513281	
S1-938070544	S2-15083666
S1-799478574	
S1-702420330	
S1-667877787	
S1-278104116	
S1-62987042	
S1-725444957	
S1-407828731	
S1-829771404	
S1-152216944	
S1-44030155	
S1-781656501	
S1-115119683	
S1-601734009	
S1-480840916	
S1-80206055	
S1-6252468	
S1-46781453	
S1-332128727	
S1-471722254	
S1-606244252	
S1-662325917	
S1-212763884	
S1-507730060	
S1-732561712	
S1-602840790	
S1-929221066	
S1-540649388	
S1-691850070	
S1-988174067	
S1-566918312	
S1-421134957	
S1-445531949	
S1-223798318	
S1-169393547	
S1-26185023	
S1-77161439	
S1-909167967	
S1-799494943	
S1-693391179	
S1-551053619	
S1-517071571	
S1-362436750	
S1-380858584	
S1-830349135	
S1-772005725	
S1-145391960	
S1-117555580	
S1-964929482	
S1-919442109	
S1-901635365	
S1-38447718	
S1-343740971	
S1-927874663	
S1-303778185	
S1-832891995	
S1-553301933	
S1-560995875	
S1-327498387	
S1-591311484	
S1-866282042	
S1-887350477	
S1-965538978	
S1-230923930	
S1-627099947	
S1-848343163	
S1-928051159	
S1-593733409	
S1-487048421	
S1-779160551	
S1-316155401	
S1-350662855	
S1-665642212	
S1-891777266	
S1-145052101	
S1-276547156	
S1-416998868	
S1-984658511	
S1-70281311	
S1-36413381	
S1-712161795	
S1-277943534	
S1-562003820	
S1-86793473	
S1-975313526	
S1-29373805	
S1-266627430	
S1-902635948	
S1-769494478	
S1-265951081	
S1-640948674	
S1-804626572	
S1-843839347	
S1-715230360	
S1-52082802	
S1-588314359	
S1-567448102	
S1-301157367	
S1-833620318	
S1-194727163	
S1-912240801	
S1-183266233	
S1-709611242	
S1-110056408	
S1-85606506	
S1-895968005	
S1-818051408	
S1-1263247	
S1-876891514	
S1-772238960	
S1-55671265	
S1-822340265	
S1-454434202	
S1-553023395	
S1-938167981	
S1-438143217	
S1-406935524	
S1-743850218	
S1-969134796	
S1-163211549	
S1-396900382	S3-287436167
S1-839630798	
S1-136262276	
S1-777709887	
S1-476681256	
S1-332159304	
S1-388600682	
S1-314718661	
S1-834685390	
S1-709320824	
S1-335722158	
S1-908042957	
S1-210021380	
S1-193649231	
S1-87570736	
S1-932364568	
S1-583802868	
S1-989461090	
S1-846779599	S2-123007061,S2-329405096,S2-404142853,S2-51877109,S2-574584543,S2-597397985,S2-63082253,S2-685480560,S2-703722492,S2-847933753,S2-920233551,S2-984363671,S3-148156789,S3-814880158,S3-859692502,S3-949870446
S1-966093982	
S1-429781963	
S1-368854847	
S1-312405348	
S1-209453623	
S1-459304212	
S1-929589038	
S1-94941873	
S1-30797567	S3-641916484
S1-904831205	
S1-679520605	
S1-770415462	
S1-56582064	
S1-207571911	
S1-380257772	
S1-431077991	S3-23208438
S1-658738892	
S1-767794661	
S1-309050179	
S1-215516049	
S1-989106130	
S1-328973404	
S1-891451955	
S1-779096738	
S1-302755292	S2-410711059
S1-546135625	
S1-460402974	
S1-122968855	
S1-415279496	
S1-476826753	
S1-298909266	
S1-525404470	
S1-450657275	
S1-333899460	
S1-484452791	
S1-326127297	
S1-71980	
S1-278947666	
S1-639980008	
S1-540271882	
S1-157228180	S3-414943043
S1-897474359	
S1-170346856	
S1-923381931	S3-601675965
S1-29599619	
S1-645127035	
S1-343506816	
S1-206316150	S2-769153246
S1-483035706	
S1-30633868	
S1-61703865	
S1-864452695	
S1-847560509	
S1-656456633	
S1-472809546	
S1-215790192	
S1-928369840	
S1-895370371	
S1-876051876	
S1-296950676	
S1-480945071	
S1-893311984	
S1-935478863	S3-611681699
S1-229054052	
S1-163544211	
S1-6399799	
S1-362998419	
S1-900202650	
S1-674528256	
S1-242045743	S3-822961676
S1-952496026	
S1-355236830	
S1-164026489	
S1-169912784	
S1-465211898	S2-191653607
S1-53164196	
S1-717246765	
S1-124338024	
S1-841456699	
S1-490504041	
S1-496144543	
S1-685274936	
S1-795261447	
S1-498099835	
S1-536970527	
S1-247988386	
S1-804880798	
S1-485156684	
S1-945489487	
S1-923287424	
S1-450794855	
S1-988817568	
S1-789535908	
S1-776261815	
S1-974181763	
S1-390719693	S3-297245507
S1-13534533	
S1-139981419	
S1-272605888	
S1-770907666	
S1-745334536	
S1-10399974	
S1-819749960	
S1-120018800	
S1-486968363	
S1-60117864	
S1-949860688	
S1-948762219	
S1-52108669	
S1-976550721	
S1-447490781	
S1-217056713	
S1-166226800	
S1-947000376	
S1-699933128	
S1-456463212	
S1-683044070	
S1-577726113	
S1-505503013	
S1-32189730	
S1-171110134	
S1-220281876	
S1-507483443	
S1-975783840	
S1-100090318	
S1-629841475	
S1-844292915	
S1-733030734	
S1-528118707	
S1-980734939	
S1-900391272	
S1-890048793	
S1-967028009	
S1-122355147	
S1-133501035	
S1-9275562	
S1-479555773	
S1-952298962	
S1-383362087	
S1-522837972	
S1-562450376	
S1-158074174	
S1-359195269	
S1-384149916	
S1-992618818	
S1-952916940	
S1-439981214	
S1-730840107	
S1-815786238	
S1-182334158	
S1-831620164	
S1-952960663	
S1-832937503	
S1-170058743	
S1-252912305	
S1-449601022	
S1-898307318	
S1-930876391	
S1-785957462	
S1-871652471	
S1-551124341	
S1-338796058	
S1-468304884	
S1-86852859	
S1-723103093	
S1-708391085	
S1-626618162	
S1-634764863	
S1-97286732	
S1-270271385	
S1-446154029	
S1-651791461	
S1-315562671	
S1-820683293	S2-497972322,S2-728767898,S2-919924109,S3-379835856,S3-660080086,S3-735923193
S1-366362638	
S1-586336502	S3-51303281
S1-85661932	
S1-619135674	
S1-798553561	
S1-380535556	
S1-23088598	
S1-115559038	
S1-812167714	S2-155911543,S2-530247686,S3-64079929
S1-742554200	
S1-866983488	S2-469961716
S1-925050058	
S1-631507371	
S1-676686000	
S1-61378960	
S1-792905940	
S1-810619294	
S1-940191646	
S1-607593857	
S1-654428991	
S1-344393150	
S1-508801769	
S1-558064307	
S1-758437082	
S1-717769964	
S1-229579665	
S1-793290718	
S1-373407506	
S1-169641943	
S1-718394477	
S1-561846100	
S1-523086454	
S1-670866170	
S1-244145207	
S1-858487672	
S1-618138943	
S1-331845381	
S1-707914448	
S1-102202834	
S1-141087331	
S1-165542342	
S1-898947890	
S1-385250817	
S1-761011833	
S1-566283539	
S1-830033553	
S1-359647275	
S1-412780936	
S1-723193003	
S1-879340990	
S1-683469235	S2-662414001
S1-938289799	
S1-499577363	
S1-279430601	
S1-565499346	
S1-723119894	
S1-760571597	
S1-854460537	
S1-744441968	
S1-366218531	
S1-840856707	
S1-686075050	
S1-340908805	
S1-950352948	
S1-729139935	
S1-382369917	S2-244461000,S2-767912318,S3-144159472,S3-328940207,S3-561839301
S1-131275816	
S1-909477585	
S1-649013740	
S1-990304072	
S1-12188150	
S1-164331186	
S1-206729052	
S1-671216987	
S1-787135439	S2-536110477
S1-447836895	
S1-599728679	
S1-392613930	
S1-679163581	
S1-339569941	
S1-377045700	
S1-103696676	
S1-138215786	
S1-792751955	
S1-679295304	
S1-919181184	
S1-185377150	
S1-326799045	
S1-855475776	
S1-911000207	
S1-801634717	
S1-152207704	S2-388192690
S1-402174224	
S1-696447601	
S1-831496060	
S1-679205019	
S1-654107372	
S1-661430018	
S1-410250623	S3-606217734
S1-104836514	
S1-467207112	
S1-165900086	
S1-538697953	
S1-35716214	
S1-555242574	
S1-707750433	
S1-875822381	
S1-938021511	
S1-777231906	
S1-242806243	
S1-763668340	
S1-551954783	
S1-350048531	
S1-39677770	
S1-441163607	
S1-181211511	
S1-50361107	
S1-368163744	
S1-81637363	
S1-908556099	
S1-112266537	
S1-799451228	
S1-276826309	
S1-555201996	
S1-354170724	
S1-279755257	
S1-229674674	
S1-113333556	
S1-544010333	
S1-917774819	
S1-258645330	
S1-478167659	
S1-333836832	
S1-512674451	
S1-559080468	
S1-95934635	
S1-570457769	
S1-200578967	
S1-637851222	
S1-463095270	
S1-659392520	S3-417336009
S1-868253384	
S1-764352021	
S1-70369892	
S1-154506277	
S1-230171743	
S1-26657890	
S1-912109108	
S1-462817793	
S1-779558912	
S1-207558293	
S1-231366900	
S1-340295769	
S1-692278184	
S1-923925267	
S1-537732138	
S1-145113596	
S1-649604295	
S1-626738085	
S1-871384836	
S1-558804165	
S1-729891404	
S1-742041298	
S1-567374729	
S1-238889164	
S1-721669266	S3-455423900
S1-646878073	
S1-505763648	
S1-149421435	
S1-998766330	
S1-574051238	
S1-683118229	
S1-270692076	
S1-296157008	
S1-811133170	
S1-559234144	
S1-577853723	
S1-425892798	
S1-402068757	
S1-538328084	
S1-402235667	
S1-402789813	S3-888635263
S1-76470290	
S1-433010236	
S1-865732673	
S1-85498570	
S1-682928109	
S1-560648592	
S1-965568162	
S1-114468266	
S1-126915647	
S1-22931524	
S1-489390303	
S1-848470945	
S1-575386973	
S1-536510073	
S1-402360980	
S1-688052073	
S1-112777200	
S1-4364876	
S1-986281205	
S1-229290320	
S1-377664765	
S1-831614451	
S1-28018490	
S1-259215897	
S1-968529535	
S1-415154931	
S1-960459919	
S1-108484076	
S1-480332260	
S1-218276571	
S1-598909400	
S1-120612245	
S1-715847600	S2-785893047,S2-917622023,S3-233447411
S1-507088646	
S1-20971136	
S1-334289360	
S1-638236524	S3-647784160
S1-460679179	
S1-160175495	
S1-62263148	
S1-174320635	
S1-331986655	
S1-54396991	
S1-732812992	
S1-947543861	
S1-353899126	
S1-870048224	
S1-705842662	
S1-140424239	
S1-770041852	
S1-719368072	
S1-517658209	
S1-897836699	
S1-912803277	
S1-986226976	
S1-529670053	
S1-152242221	S3-492635654
S1-815947255	
S1-640747618	
S1-464229908	
S1-259452896	
S1-268847598	S2-13072938,S2-20869901,S2-790145633,S2-816390814,S2-920659605,S3-174497076,S3-197081371,S3-20787426,S3-233941087,S3-280541618,S3-369941843,S3-43056314,S3-437742410,S3-489941683,S3-554085780
S1-458313492	
S1-641637482	
S1-217605541	
S1-4241903	
S1-614224669	
S1-135757879	
S1-734344380	
S1-606641496	
S1-764334106	
S1-220090251	
S1-315298364	S2-170144683
S1-773547079	
S1-111976722	
S1-369734289	
S1-657398412	
S1-640609028	
S1-485358472	
S1-206979561	
S1-638581377	
S1-874788125	
S1-305814761	
S1-754299069	
S1-810681963	
S1-466188717	
S1-378496541	
S1-318341696	
S1-614656267	
S1-941376850	
S1-222052555	
S1-354501989	
S1-925778627	
S1-527291351	
S1-31991450	
S1-410193530	
S1-14111597	
S1-893567686	
S1-884096681	
S1-194242126	
S1-998393883	
S1-265629808	
S1-848287425	
S1-953046190	
S1-816821735	
S1-448104570	
S1-178999240	
S1-744755349	
S1-33584121	
S1-624082294	
S1-306547736	
S1-621822966	
S1-386260642	
S1-844085084	
S1-778194269	
S1-685295297	
S1-902086157	
S1-35194933	
S1-637744350	
S1-931662521	
S1-762626196	
S1-506646426	
S1-294859826	
S1-113728236	
S1-688017047	
S1-986227642	
S1-753809530	
S1-519265207	S2-244461000,S2-767912318,S3-144159472,S3-328940207,S3-561839301
S1-33007344	
S1-422251191	
S1-247681674	S3-583975579
S1-466484333	
S1-852391545	
S1-90729935	
S1-583739355	
S1-915615816	
S1-644726112	
S1-189515270	
S1-512964068	
S1-43291021	
S1-780602737	
S1-644581475	S2-466457038
S1-942049752	
S1-635826207	
S1-488394541	
S1-610930382	S2-27374347,S2-93944014
S1-489219669	
S1-967394558	
S1-481204083	
S1-318907189	
S1-602417576	
S1-417222362	
S1-37422728	
S1-650567594	
S1-399374368	
S1-125362169	
S1-898632627	
S1-702502390	
S1-224912352	
S1-170718079	
S1-984835623	
S1-716369106	
S1-241000339	
S1-607237763	
S1-517952569	
S1-740004926	
S1-302005514	
S1-363287970	
S1-368409178	
S1-356343329	
S1-110094447	
S1-918808549	
S1-796747712	
S1-531449272	
S1-543939911	
S1-11073851	
S1-314676977	
S1-206391308	
S1-391420313	
S1-393367230	
S1-215379976	
S1-894845389	
S1-376945004	
S1-102200986	
S1-319433869	
S1-194414974	
S1-941668951	
S1-182489599	S2-104917275
S1-656946330	
S1-678140835	
S1-182364566	
S1-838417107	
S1-767940596	
S1-315801208	
S1-396648104	S2-243696406
S1-531158702	
S1-80406007	
S1-769541676	
S1-926139357	
S1-225870264	
S1-112716272	
S1-433666231	
S1-512465270	
S1-382559862	
S1-388035054	
S1-403369651	
S1-821962159	
S1-673646777	
S1-727856659	S2-23994190
S1-244934664	
S1-263168682	S3-338787581
S1-621417630	S3-156236853,S3-589925289
S1-47170762	
S1-468434907	
S1-733281943	
S1-692656928	
S1-809021931	
S1-14236679	
S1-784687156	
S1-151232670	
S1-132351509	
S1-688442898	
S1-857205474	
S1-974540956	
S1-422924219	
S1-54599556	S2-399597228,S2-971258085,S3-156752988
S1-814693802	
S1-939269286	
S1-109309970	
S1-351383707	
S1-948827215	
S1-428560303	
S1-991274764	
S1-438597077	
S1-692174250	
S1-410228845	
S1-853134901	S2-928352728
S1-236358356	
S1-281663647	
S1-117766623	
S1-282833798	
S1-940179180	
S1-778782728	
S1-481167025	
S1-113898976	
S1-91280461	
S1-306922503	S2-18239116,S2-978643354,S2-990787024
S1-762230880	
S1-513897683	
S1-681756009	
S1-18938100	
S1-561064994	
S1-368120546	
S1-619512874	
S1-461691670	
S1-51476992	
S1-553102212	
S1-746825318	
S1-108262995	
S1-62648139	S2-244461000,S2-312291757,S2-980731603
S1-365868620	
S1-46766328	S2-795608900
S1-593484334	
S1-673354128	
S1-134122288	S3-857316495
S1-613337600	
S1-121682200	
S1-122345571	
S1-126615329	
S1-690354332	
S1-73436716	
S1-747852359	
S1-200854359	
S1-829598138	
S1-29743298	
S1-704216672	
S1-801444408	
S1-130871626	
S1-414723210	
S1-916152693	
S1-628169579	
S1-220193920	S2-258925491,S2-462209155,S3-17998868
S1-34593272	
S1-92942472	
S1-468300531	
S1-908347087	
S1-474659341	
S1-753848753	
S1-467669411	
S1-219523647	
S1-495422887	
S1-497449482	
S1-6687513	
S1-480118773	
S1-824040898	
S1-933548736	S3-108908933
S1-756855011	
S1-381271606	
S1-89736536	
S1-310829560	
S1-495194237	
S1-125825480	
S1-811735088	
S1-665033244	S2-767912318,S3-144159472,S3-328940207,S3-561839301
S1-415159533	
S1-565064267	
S1-783649299	
S1-477529781	
S1-847931495	
S1-128257856	S3-90722611
S1-987954041	
S1-436068165	S2-272351032,S2-454483999,S2-591482651,S2-59604091,S2-814744581,S3-638541983
S1-861477697	S3-99584532
S1-535870262	
S1-117410925	
S1-275231855	S2-162389613
S1-812866512	
S1-693993540	
S1-290910902	
S1-793636926	
S1-392669187	
S1-418527685	
S1-95727296	
S1-412806978	
S1-683955344	
S1-215162282	
S1-369522775	
S1-994930834	
S1-493844794	
S1-449809696	
S1-787610485	S2-444286133,S2-584539052,S2-77241306
S1-679130487	
S1-754156865	
S1-116098456	
S1-46326637	
S1-520350964	
S1-849587293	
S1-230443807	
S1-165930227	
S1-959464347	
S1-233650733	
S1-640676538	
S1-100320435	
S1-523124609	
S1-889145385	
S1-849811480	
S1-977857717	
S1-673106001	
S1-317748049	
S1-808275900	
S1-271906038	
S1-735986438	
S1-491947326	
S1-5356669	
S1-374021576	
S1-129007343	
S1-790133811	S2-272351032,S2-453996934
S1-765553909	
S1-997854625	
S1-757553065	
S1-335566777	
S1-521034659	S2-868266996,S3-990214711
S1-106713544	
S1-531736502	
S1-627992412	
S1-688411836	
S1-500338357	
S1-922018458	
S1-771953810	
S1-739796055	
S1-927495337	
S1-594598772	
S1-457340810	
S1-65872214	
S1-277127544	
S1-611396639	
S1-429358703	
S1-232718407	
S1-433824443	
S1-717689452	
S1-697781899	
S1-759894026	
S1-346165715	
S1-71025936	
S1-8496376	
S1-587380334	
S1-772894608	
S1-242467249	
S1-995686097	
S1-689676305	
S1-222478897	
S1-298867322	
S1-414944375	
S1-821206435	
S1-192458311	
S1-606423556	
S1-86040059	
S1-400045520	
S1-84295304	
S1-974339730	
S1-685062198	
S1-930941828	
S1-557810803	
S1-500539975	
S1-987688762	S2-688506599
S1-658877850	
S1-99118911	S2-915631763
S1-806568711	
S1-132274986	
S1-555867154	
S1-297915741	
S1-517433538	
S1-372906738	
S1-49870306	
S1-940747860	
S1-867587090	
S1-367024969	
S1-137928344	
S1-47631817	
S1-576082491	
S1-373231069	
S1-175222700	
S1-87515047	
S1-804077430	
S1-670811864	
S1-755382769	
S1-169299350	
S1-674808035	S2-156552749,S2-521985477
S1-453883866	
S1-33766053	
S1-464423406	
S1-602245269	
S1-343700495	
S1-408565583	
S1-985954485	
S1-497208495	
S1-827944436	
S1-946414375	
S1-565593961	
S1-550358201	
S1-52473032	
S1-880707463	
S1-321616638	
S1-368040910	
S1-585393107	
S1-764392060	
S1-754882035	
S1-49578704	
S1-818095359	
S1-634190522	
S1-798988862	
S1-794948764	
S1-743775412	
S1-520587521	
S1-556466855	
S1-579224415	
S1-103811791	
S1-470055434	
S1-448464567	
S1-207667114	
S1-894048946	
S1-810837473	
S1-845408249	
S1-876680140	
S1-40045189	
S1-265343205	
S1-464199162	S3-129182001
S1-986462880	
S1-557946692	
S1-917105847	
S1-906423356	
S1-951357774	
S1-792996791	
S1-760241428	
S1-259868951	
S1-249949043	
S1-200363551	
S1-427873586	
S1-762966630	
S1-276638574	
S1-983354539	
S1-439396530	
S1-519476580	
S1-128196680	
S1-85638966	
S1-325476567	
S1-566595708	
S1-773903239	
S1-386258857	
S1-758058337	
S1-522078506	
S1-557342180	
S1-153343953	
S1-273955974	
S1-839367358	
S1-795681774	
S1-261635465	
S1-808271017	
S1-139989874	
S1-423498499	
S1-709922954	
S1-254104623	
S1-749839535	
S1-776089640	
S1-639185600	
S1-851078815	S2-544544353,S3-691327074
S1-723650685	
S1-642954216	
S1-230765721	
S1-737144572	S3-666267188
S1-726101815	
S1-359670237	
S1-428637196	
S1-258848162	
S1-385954406	S2-509943486
S1-504094969	
S1-218549558	S2-685825527
S1-171165517	
S1-561729727	
S1-997236369	
S1-760784764	
S1-704294238	
S1-976019732	
S1-952970176	
S1-722820515	
S1-439759537	
S1-25525870	
S1-261245139	
S1-535548690	S2-611759661,S3-130647528
S1-813344444	
S1-615832111	S2-978643354
S1-475758506	
S1-263289064	S3-876133698
S1-217652203	
S1-326187747	
S1-812711858	
S1-943675771	
S1-607201821	
S1-492405454	
S1-201563762	
S1-707794163	
S1-859107830	
S1-974786169	
S1-178055329	
S1-489599576	
S1-476962059	
S1-956972270	
S1-601006614	
S1-918803130	
S1-80776	
S1-227022266	
S1-397867692	
S1-963765495	
S1-125733604	S2-132805742,S2-185013334,S2-530247686,S3-64079929
S1-525352948	
S1-463128644	
S1-143433633	S2-123007061,S2-295222105,S2-574584543,S2-63082253,S2-703722492,S2-984363671,S3-148156789
S1-623330075	
S1-638994271	
S1-340612655	
S1-493973448	
S1-130431247	
S1-530200999	S3-536391720
S1-223254345	
S1-167277869	
S1-717466257	
S1-104986528	
S1-172047791	
S1-250778669	
S1-127482388	
S1-376049784	
S1-162036943	
S1-502872698	
S1-391139317	
S1-722289730	
S1-258005388	
S1-638980830	
S1-812788487	
S1-656641065	
S1-255135985	
S1-619925715	
S1-390535126	
S1-793794801	
S1-268079105	
S1-240561136	
S1-619244902	
S1-107304651	
S1-227490922	
S1-51206279	
S1-324958514	
S1-546201084	
S1-119556371	
S1-341293636	
S1-927961438	
S1-535328381	
S1-516746625	
S1-347445840	
S1-119968225	
S1-377874863	
S1-341819852	
S1-764280435	
S1-691614393	
S1-667173731	
S1-108015586	
S1-844632080	
S1-180910565	
S1-450610488	
S1-458445180	
S1-626132996	S2-43040568
S1-955133366	
S1-724109174	
S1-68382284	
S1-600631624	
S1-718579751	
S1-409902397	
S1-913086747	
S1-405136950	
S1-159826526	
S1-612703844	
S1-85016581	
S1-920730702	
S1-313598124	
S1-219703096	
S1-23360552	
S1-460751608	
S1-892098567	
S1-273578150	
S1-574025172	
S1-104147765	
S1-440397831	
S1-511949546	
S1-555306607	
S1-900985622	
S1-431034264	
S1-750577681	
S1-96432465	
S1-302865798	
S1-32096251	
S1-232141	S2-123007061,S2-329405096,S2-534796720,S2-847933753,S2-984363671,S3-234230645,S3-244669915
S1-546900158	
S1-587122656	
S1-533857633	
S1-534218508	
S1-622437801	
S1-147381187	
S1-245032950	
S1-661306540	
S1-516953626	
S1-739084385	
S1-243045199	
S1-557268647	
S1-1329238	
S1-145828982	
S1-381878400	
S1-996967110	
S1-425268525	
S1-491572295	
S1-627547231	
S1-760671599	
S1-14252869	
S1-51597865	
S1-570398062	
S1-838919799	
S1-687381312	
S1-854756355	
S1-479527626	
S1-521066586	
S1-611041417	
S1-726229664	S2-937946084
S1-446138924	
S1-3652663	
S1-142540527	
S1-636934745	
S1-851581908	S2-12319116,S3-542824123
S1-692321610	
S1-797562755	
S1-916209339	
S1-702090122	
S1-105351396	
S1-799517335	
S1-418378719	
S1-486264952	S3-219273455
S1-289905473	
S1-653091965	
S1-85651439	
S1-65050223	
S1-683527201	
S1-259527438	
S1-528065489	
S1-39998206	
S1-163773747	
S1-130912228	
S1-996842941	
S1-520779068	
S1-436521043	
S1-675278297	
S1-652719139	
S1-509254768	
S1-431881109	
S1-357854164	S3-559509709
S1-597024098	
S1-374041656	
S1-202123531	S2-251860012,S2-461662527,S2-51435294,S2-913195122,S2-926387302,S3-618110846
S1-170519579	
S1-871436036	
S1-121993607	
S1-703504888	
S1-657800602	
S1-854202353	
S1-228476433	
S1-970718643	
S1-811514359	
S1-675592900	
S1-454185190	
S1-266150084	
S1-424988884	
S1-800479989	S3-157769318
S1-348525863	S3-366861148
S1-480133617	
S1-742420756	
S1-840392378	
S1-10062579	
S1-139162442	
S1-283792159	
S1-771969594	
S1-62963179	
S1-147466083	
S1-624182822	
S1-681011650	
S1-813808496	
S1-926159618	
S1-79610459	
S1-899218576	
S1-433419502	
S1-864031341	
S1-108017381	S2-332163699
S1-523050866	
S1-995735041	
S1-437046897	
S1-823635807	
S1-435041384	
S1-277998694	S3-547131477
S1-620513067	
S1-777379040	
S1-604117897	
S1-335153245	
S1-508792549	
S1-22573665	
S1-186284876	
S1-101263170	
S1-947089721	
S1-273703645	
S1-735557128	
S1-26584655	S2-123007061,S2-326046453,S2-329405096,S2-574584543,S2-63082253,S2-703722492,S2-847933753,S2-920233551,S2-984363671,S3-148156789,S3-244669915,S3-814880158,S3-980803239
S1-432399165	
S1-517094449	
S1-960823980	
S1-747542283	S3-729762467
S1-273762452	
S1-343753164	
S1-273511664	
S1-95250544	
S1-737534107	S2-123007061,S2-329405096,S2-51877109,S2-534796720,S2-63082253,S2-847933753,S3-148156789,S3-234230645
S1-334922293	
S1-836107869	
S1-284047086	
S1-1435863	
S1-51402795	
S1-52272145	
S1-451207283	
S1-389859363	
S1-456607733	
S1-986745029	
S1-630252462	
S1-382238052	
S1-897790459	
S1-347875742	
S1-310784046	
S1-302685636	
S1-504696357	
S1-646340096	
S1-852480136	
S1-706962864	
S1-218324366	
S1-557518531	S2-800631797
S1-177054884	
S1-943382200	
S1-151405789	
S1-383555977	
S1-457236046	
S1-672804298	
S1-115344048	
S1-497380626	
S1-576179432	
S1-229536238	
S1-17647335	
S1-146271637	
S1-553306646	
S1-226312582	
S1-141544592	
S1-416870750	
S1-609686480	
S1-707551299	
S1-895211829	
S1-725540529	
S1-305841856	
S1-127398070	S3-448923894
S1-538475444	S2-37080803
S1-878749577	
S1-927209466	
S1-735324027	
S1-292202764	
S1-30888785	
S1-475450184	
S1-432788390	
S1-997807190	
S1-222066796	
S1-174792964	
S1-79736348	S2-139130984,S2-272351032,S3-182512145
S1-446371453	
S1-697753933	
S1-852843314	
S1-116745313	
S1-111579968	
S1-338959066	
S1-755695749	
S1-501659071	
S1-27453271	
S1-891705267	
S1-213711061	
S1-340877983	
S1-273452047	
S1-254835138	
S1-164218480	
S1-883766964	
S1-357937592	
S1-953372469	
S1-734424099	
S1-402157991	
S1-952970291	S2-13072938,S2-790145633,S2-816390814,S3-20787426,S3-233941087,S3-280541618,S3-369941843,S3-43056314,S3-496774869
S1-720071759	
S1-863437153	
S1-547133956	
S1-396677333	
S1-747861058	
S1-307113118	
S1-630662861	
S1-341159497	
S1-299674385	
S1-409135803	
S1-750167220	
S1-391391219	
S1-559564557	
S1-220513155	
S1-450806805	
S1-920648201	
S1-840197811	
S1-667333905	
S1-276506234	
S1-305881553	
S1-448190589	
S1-787665911	
S1-356592378	
S1-264399329	
S1-426426150	
S1-238334837	S2-196574406
S1-921181080	
S1-384875921	
S1-766088874	
S1-373645743	S3-457615411
S1-320944101	
S1-459475173	
S1-975824935	
S1-301192160	
S1-331067242	
S1-441441698	
S1-156695059	
S1-421549578	
S1-534067676	
S1-322627884	
S1-581712362	S2-436149839
S1-130442963	
S1-135710952	
S1-388277393	
S1-522222080	S2-473706093
S1-891675514	
S1-210304702	
S1-60530379	
S1-187011905	
S1-352437733	
S1-774557679	
S1-648884719	
S1-186951550	
S1-711996477	
S1-944708848	
S1-526213748	
S1-954289564	
S1-882954384	S3-302551726
S1-635283071	S2-712375691
S1-620236404	
S1-607405117	
S1-900620899	S3-859091620
S1-667492152	
S1-627287290	
S1-713214446	
S1-94559069	
S1-464270078	
S1-555756802	
S1-279544386	
S1-161113407	
S1-980777453	
S1-940461808	
S1-226944091	
S1-65300225	
S1-588751193	
S1-836242310	
S1-954320078	
S1-797876267	
S1-78625248	
S1-820804282	
S1-140403565	
S1-281207210	
S1-826225070	
S1-755207616	
S1-730710061	
S1-633060455	
S1-281440483	
S1-982848845	
S1-219264594	
S1-273158121	
S1-302513581	
S1-815542052	
S1-381480856	
S1-725946321	
S1-212275228	
S1-739940200	
S1-528578332	
S1-303789004	
S1-38910981	
S1-561882435	S2-251860012,S2-51435294,S2-913195122
S1-624347546	
S1-931668142	
S1-623083217	
S1-957929871	S2-269779468
S1-776501152	
S1-335852521	
S1-139798074	
S1-161040238	
S1-927766813	
S1-234696842	
S1-187568104	
S1-917959820	
S1-979931630	
S1-228773755	
S1-273781649	
S1-801894424	S3-225992990
S1-303244376	
S1-86656506	
S1-594812363	
S1-613995737	
S1-317575530	
S1-241957612	
S1-519203065	S2-816390814,S3-170859479
S1-632062714	
S1-433863007	
S1-909986124	
S1-880571259	
S1-360276933	
S1-228106563	
S1-278553685	
S1-221507858	
S1-898062246	
S1-504851059	
S1-690630070	
S1-461586452	
S1-343905993	
S1-642257566	
S1-479367801	
S1-361375443	
S1-53472973	
S1-706813744	
S1-322921070	
S1-848189584	
S1-742662671	
S1-567204829	
S1-265485887	
S1-713519560	
S1-686140926	
S1-965229938	S2-135260468
S1-773860567	
S1-636840552	
S1-392384936	
S1-513310797	
S1-899940157	
S1-453844519	
S1-702262678	
S1-662764608	
S1-617140831	
S1-717633802	
S1-209706919	
S1-473416041	
S1-165101367	
S1-910110875	
S1-513508342	
S1-447883783	
S1-646820707	
S1-258973603	
S1-291038388	
S1-171286192	
S1-22264390	
S1-678043272	
S1-110891582	
S1-130921669	
S1-652768308	
S1-935422790	S2-908085597
S1-657151882	
S1-493322604	
S1-290442235	
S1-376551955	
S1-533910632	
S1-62639077	
S1-436126115	
S1-474200010	
S1-458309732	
S1-972416302	
S1-718448764	
S1-76954124	
S1-426814177	
S1-557143050	
S1-805787945	
S1-380030595	
S1-445766688	
S1-983794557	
S1-847202884	
S1-868243354	
S1-828569310	
S1-146992791	
S1-214700312	
S1-957735142	
S1-317825404	
S1-459341708	
S1-469460169	
S1-299746466	
S1-922988570	
S1-404030522	
S1-301229837	
S1-650784784	
S1-1668182	
S1-840347901	
S1-967028296	
S1-40723514	
S1-972562477	
S1-102629041	
S1-899214590	
S1-982535516	
S1-306775388	
S1-670620696	
S1-239559665	
S1-281130282	
S1-922208287	
S1-302712720	
S1-502273598	
S1-492363231	S2-647228577
S1-266362885	
S1-11469807	
S1-309823873	
S1-370001113	
S1-839324317	
S1-406171753	
S1-142492064	
S1-45192282	
S1-699147605	
S1-559860337	
S1-168081062	
S1-963372013	
S1-546417858	
S1-502331464	
S1-287098473	
S1-484160374	
S1-398329141	
S1-711670695	
S1-695167209	
S1-122520498	
S1-293730070	
S1-608758497	
S1-118221876	
S1-464926465	
S1-95986597	
S1-499304316	
S1-82376605	
S1-713702202	
S1-576747732	
S1-670653028	
S1-241469253	
S1-232211587	S2-606907506
S1-225730280	
S1-590198598	
S1-334615114	
S1-135405940	
S1-949040233	
S1-187556586	
S1-885868585	
S1-995760383	
S1-3553459	
S1-810881479	S2-23519898
S1-910723114	
S1-976154169	
S1-630640275	
S1-218901097	
S1-837723446	
S1-833129517	
S1-686833140	
S1-810373260	
S1-699061233	
S1-694237902	
S1-628263398	
S1-45397126	
S1-629986004	
S1-410215202	
S1-330711791	
S1-216165933	
S1-403243517	
S1-130992945	
S1-136860419	
S1-638451363	
S1-151209022	
S1-435462560	
S1-727842844	
S1-126988258	S3-366861148
S1-652341001	
S1-855274850	
S1-347432787	
S1-553507915	
S1-300973803	
S1-345762964	
S1-35869297	
S1-924839665	
S1-826740843	
S1-853625714	
S1-667856052	
S1-242270292	
S1-178498365	
S1-146872925	
S1-586251012	
S1-731638934	
S1-538136946	
S1-475228313	
S1-209766592	
S1-583372765	
S1-489024631	S2-315515632
S1-109754688	
S1-748496353	
S1-563978639	
S1-524472166	
S1-729087413	
S1-791013717	
S1-523999884	
S1-599644464	
S1-809265643	
S1-716127468	
S1-789266327	
S1-19348650	
S1-230625274	
S1-17836670	
S1-270475471	
S1-179444782	
S1-844978815	
S1-44449835	
S1-793407742	
S1-1038505	
S1-46340998	
S1-989737645	
S1-861987928	
S1-95312837	
S1-936035345	
S1-164135850	S2-838758022
S1-613045685	
S1-875300558	
S1-185485593	
S1-563984333	
S1-823166803	S3-505353609
S1-633145169	
S1-674231262	
S1-62438045	
S1-197169508	
S1-574670038	
S1-208264458	
S1-540889752	
S1-127700580	
S1-962579919	
S1-297403081	
S1-620595269	
S1-241383807	
S1-900042895	
S1-260914000	
S1-223112696	
S1-171001718	
S1-287324035	
S1-61815086	
S1-702221773	
S1-680131902	
S1-926869105	
S1-795668128	
S1-121624922	
S1-952283825	
S1-921656284	S3-852035874
S1-5518459	
S1-443745943	
S1-943363444	
S1-732647424	
S1-213483843	
S1-139924582	
S1-474100956	S2-552252281
S1-167011931	
S1-220010184	
S1-4035258	
S1-454289455	S2-584539052
S1-997369674	
S1-156097599	
S1-494627377	
S1-314807802	
S1-770223709	
S1-806355283	
S1-139827814	
S1-761235676	
S1-359647453	
S1-491518282	
S1-415484328	
S1-247391273	
S1-576536744	
S1-475265386	
S1-127682818	
S1-957651479	
S1-930514874	
S1-624357575	
S1-69580734	
S1-755866486	
S1-299592128	
S1-663230751	
S1-295046621	
S1-405463599	
S1-556830912	
S1-343775273	
S1-361289993	
S1-426526821	
S1-539776221	
S1-134426326	
S1-800157153	
S1-943779220	
S1-242114575	
S1-986022827	
S1-88243668	
S1-120739300	
S1-892926360	
S1-603924394	
S1-12594833	
S1-636504656	
S1-455811483	
S1-844440641	
S1-608420539	
S1-691107526	
S1-184245796	
S1-732072993	
S1-636844116	
S1-752766057	
S1-878654269	
S1-519686610	
S1-522946190	
S1-485016348	
S1-250992414	
S1-429846503	
S1-133731073	S2-71850350
S1-816426293	
S1-192228195	
S1-768539285	
S1-625843023	
S1-958819114	
S1-104199008	
S1-586393759	
S1-979708533	
S1-593041655	
S1-446491642	
S1-406366906	
S1-96778697	
S1-810629187	S2-258515598,S2-628890875,S3-675325940
S1-64658110	
S1-81922036	
S1-25637570	
S1-332740032	
S1-176775842	
S1-555977060	
S1-253046632	
S1-242072086	
S1-45267576	
S1-970383969	S2-786231857
S1-653219247	S2-665238248
S1-700859776	
S1-729587286	
S1-937235856	
S1-855835121	
S1-211000965	
S1-610635579	
S1-369214311	
S1-877190185	
S1-230958745	
S1-585333140	
S1-842904415	
S1-53777127	
S1-642163769	
S1-251811717	
S1-882718072	
S1-91969062	
S1-701280086	
S1-948809543	
S1-506260527	
S1-178190120	
S1-767516042	
S1-933705109	
S1-578233420	
S1-435678540	S2-989789577
S1-900849856	
S1-780221466	S3-578967804
S1-940925177	
S1-608123748	
S1-592612788	
S1-78621470	
S1-383266410	
S1-58190068	
S1-641446549	
S1-203305728	S2-233564659
S1-414715986	
S1-487006142	
S1-729129164	
S1-319426147	S2-664093200,S2-913296330
S1-902197015	
S1-201294242	
S1-383786667	
S1-844467582	
S1-767390373	
S1-922162157	
S1-341181177	
S1-939544624	
S1-955035007	
S1-840948515	
S1-646911988	
S1-781376340	
S1-903641882	
S1-56992712	
S1-15939157	
S1-465147067	
S1-901175926	
S1-188589550	
S1-936790529	
S1-808652735	
S1-224523923	
S1-812874293	
S1-622719065	S2-273745025
S1-216114744	
S1-653794792	
S1-941680438	
S1-14416185	
S1-381434618	
S1-398915146	
S1-170818907	
S1-187061917	
S1-890770763	
S1-993156026	
S1-807691415	
S1-194525664	
S1-272383144	
S1-944767853	
S1-332735565	
S1-765889609	
S1-179807085	
S1-770382060	
S1-978162	
S1-843601691	
S1-777691698	
S1-207380587	
S1-967909486	
S1-275889112	
S1-567294934	
S1-554885341	
S1-872194579	
S1-737764004	
S1-57060857	
S1-336417501	
S1-108697080	
S1-176521475	
S1-415828712	
S1-200223797	
S1-486045617	
S1-437215941	
S1-327401286	
S1-105291325	S2-335689443
S1-543660748	
S1-47939320	
S1-392066566	
S1-517009276	
S1-14816150	
S1-604072826	
S1-73656034	
S1-332551136	
S1-840159081	
S1-618656600	
S1-716404078	
S1-708233707	
S1-933355856	
S1-156591341	
S1-303332897	
S1-159721548	
S1-784288005	
S1-636793403	
S1-945435987	
S1-984202967	
S1-584913759	
S1-781801855	
S1-903911990	
S1-751777966	
S1-397799011	
S1-702870629	S2-551369973
S1-703052321	
S1-8193345	
S1-106852248	
S1-602291870	
S1-149554056	
S1-997589269	
S1-543539324	
S1-565808682	
S1-211994818	
S1-559616291	
S1-746949286	
S1-756868444	
S1-318123479	
S1-247266507	
S1-961144421	
S1-858239150	
S1-223583050	
S1-516473046	
S1-191124575	
S1-54879141	
S1-865958979	
S1-83252035	
S1-559865346	
S1-371199355	
S1-369797434	
S1-780345892	
S1-785252324	
S1-926345285	
S1-841373345	
S1-145763470	
S1-841743665	S2-720857242
S1-436825383	S2-979925840
S1-950955077	S3-536391720
S1-963932840	
S1-675804837	
S1-743029185	
S1-998713486	
S1-301586299	
S1-895252505	
S1-718060681	S2-187119816,S2-269098468,S2-802095609,S2-847014050,S3-503895482,S3-734747152,S3-773498036
S1-760675333	
S1-344466889	
S1-695050046	
S1-55535042	
S1-458642787	
S1-580538043	
S1-884620359	
S1-712553781	
S1-37889651	
S1-247279280	
S1-299081709	
S1-516898653	
S1-573176320	
S1-195055130	
S1-559522476	
S1-746635612	
S1-350124200	
S1-502237334	
S1-32456940	
S1-630058591	
S1-733682239	
S1-245461191	
S1-506361976	
S1-823019567	
S1-309856036	
S1-50581813	
S1-321315235	
S1-446703622	
S1-416761352	
S1-383382888	
S1-63496455	
S1-592387437	
S1-415856926	S3-764381143
S1-147923423	
S1-257282286	
S1-758488315	
S1-260795893	
S1-114222338	
S1-58123928	
S1-445968025	
S1-588793279	
S1-573862000	
S1-237572555	
S1-445319985	
S1-377284775	
S1-67763976	
S1-311713572	
S1-214664273	
S1-409519522	
S1-103285703	
S1-786109392	
S1-163769659	
S1-113223843	
S1-591191022	
S1-198135994	
S1-351465945	
S1-388573567	
S1-834719481	
S1-775923444	
S1-585228861	
S1-743242919	
S1-344584433	
S1-8756206	
S1-228656781	
S1-163957033	
S1-728742158	
S1-290776028	
S1-850159318	
S1-298648161	
S1-662483248	
S1-791393805	
S1-364828350	
S1-404488180	
S1-766660871	
S1-233145588	
S1-590944028	
S1-719070917	
S1-180169342	
S1-395452979	
S1-73408275	
S1-377100091	
S1-510055745	S2-712928583
S1-29961607	
S1-609732564	
S1-62784998	
S1-642757274	
S1-187465253	
S1-454772892	
S1-850754068	
S1-26551621	
S1-956580654	
S1-829934899	
S1-653107117	S2-240440098,S2-873065724,S3-441268536,S3-644782724
S1-482003985	
S1-365688065	
S1-23677968	
S1-127385426	
S1-477965041	
S1-299315548	
S1-701422050	
S1-898532168	
S1-969697916	
S1-314227517	
S1-394498665	
S1-217949893	
S1-398567117	
S1-738056844	
S1-907852332	
S1-445877524	
S1-426303908	
S1-610188110	
S1-646733531	
S1-814726892	
S1-888279100	
S1-211905968	
S1-247000893	
S1-604167845	
S1-6674998	
S1-815529949	
S1-382090986	
S1-735164586	
S1-476486489	
S1-827137051	
S1-228667819	
S1-622908270	S3-203492323
S1-697477547	
S1-34799614	
S1-709095015	
S1-9512453	
S1-777624266	
S1-611490558	
S1-235409116	
S1-509889266	
S1-469091067	
S1-321323594	
S1-827536908	
S1-369021917	
S1-167416265	
S1-145404859	
S1-429830220	
S1-514167049	
S1-822994330	
S1-884970466	
S1-217808607	
S1-817107388	
S1-611582862	
S1-889436459	
S1-826509071	
S1-697487967	
S1-530542778	
S1-696026297	
S1-468542157	
S1-950273679	
S1-375612246	
S1-88500767	
S1-171546079	
S1-582297375	
S1-133268363	
S1-816248910	
S1-593509315	
S1-114666623	
S1-921753587	
S1-616135173	
S1-247220445	
S1-517059382	
S1-931628350	
S1-790678587	
S1-818230834	
S1-781124045	
S1-100279315	
S1-639117711	
S1-200130609	
S1-525295317	
S1-916026842	
S1-706192721	
S1-958319125	
S1-596714378	
S1-160662312	
S1-443518148	
S1-751290238	
S1-854329193	
S1-859768797	
S1-566053993	
S1-559939986	
S1-480845986	
S1-14999758	S2-510757616,S2-860815863
S1-751262771	
S1-694746730	
S1-173532237	S2-264929965
S1-126474399	S2-735230018
S1-946259154	
S1-406508554	
S1-730735703	S2-239164593
S1-381363075	
S1-403982837	
S1-994229876	
S1-989534383	
S1-357798418	
S1-421278018	
S1-211897689	
S1-580069306	
S1-481498340	
S1-202441803	
S1-124503616	
S1-446965799	
S1-746325843	
S1-957781574	
S1-436736514	
S1-657022807	
S1-837729618	
S1-40011196	
S1-848020491	
S1-839641187	
S1-678136889	
S1-686691773	
S1-784271083	S2-453996934
S1-455474831	
S1-163405778	S2-258515598
S1-651505333	
S1-595983224	
S1-283031199	
S1-776636694	
S1-616659980	
S1-817286229	
S1-970491092	
S1-333689064	
S1-910087834	
S1-423086485	
S1-328874865	
S1-543447501	
S1-603145092	S2-690393517
S1-21349613	S2-829985869
S1-240649323	
S1-366707034	
S1-380102096	
S1-42400859	
S1-755882304	
S1-413568377	
S1-924302947	
S1-105249478	
S1-250035257	
S1-451437575	
S1-121921633	
S1-580226875	S2-823243394
S1-296089983	
S1-102303378	
S1-837026329	
S1-404963719	
S1-913266868	
S1-266363120	
S1-538255226	
S1-326375173	
S1-821168065	
S1-890640403	
S1-835070717	
S1-729255543	
S1-488248907	
S1-585044880	
S1-658870420	
S1-594223473	
S1-7479360	
S1-568831284	
S1-755548329	
S1-805742087	
S1-433348072	
S1-204172064	
S1-543605321	
S1-115948957	
S1-175999133	
S1-824725661	
S1-299155086	
S1-900015610	S2-849336208
S1-701988153	
S1-767274423	
S1-995031065	
S1-872290851	
S1-69762801	
S1-6405853	
S1-788566906	
S1-655355041	
S1-787093553	
S1-720227697	
S1-266702214	
S1-287410793	
S1-29974192	
S1-992038866	
S1-537767952	
S1-376309082	
S1-481521290	
S1-690736949	
S1-653604075	
S1-406182827	
S1-384694769	
S1-631421669	
S1-905610674	
S1-489934030	
S1-310069501	
S1-119275921	
S1-659403071	
S1-802855294	
S1-950360550	
S1-638557054	
S1-598503838	
S1-135607410	
S1-487116936	
S1-791680071	S2-715683121
S1-374509951	
S1-892794716	
S1-756973078	
S1-476942027	
S1-853337661	
S1-676700710	
S1-183696970	
S1-166589246	
S1-733762738	
S1-594480055	
S1-167141033	
S1-29047579	
S1-866518967	
S1-475734041	S2-169701692,S2-363980567,S2-521485245
S1-511614665	
S1-468379479	
S1-379369049	
S1-716504261	
S1-211068743	
S1-532738397	
S1-140677392	
S1-989925373	
S1-611868436	
S1-379787071	
S1-196169790	
S1-433191813	
S1-701487652	
S1-45138321	
S1-653161508	
S1-532709463	
S1-782996573	
S1-527104005	
S1-98329479	
S1-602055639	
S1-467601634	
S1-902209912	
S1-444594649	
S1-623846945	
S1-752147918	
S1-406923217	
S1-964918077	
S1-156804805	S3-246206971
S1-121483246	
S1-281838188	
S1-546235402	
S1-172772938	
S1-925454130	
S1-516589921	S3-515533743
S1-48478578	
S1-945476941	
S1-326349312	
S1-721285631	
S1-679653209	S2-59489867
S1-322750469	
S1-66348396	
S1-139756023	
S1-350479291	S2-580853997
S1-789419944	
S1-456585646	
S1-533170663	
S1-140559558	
S1-110066004	
S1-617064124	S3-675446230
S1-437550680	
S1-448018899	
S1-428217724	
S1-515884757	
S1-303496680	
S1-557233086	
S1-537118933	
S1-458076943	
S1-453332173	
S1-986357326	
S1-81143024	
S1-573957700	S2-844372825
S1-684666070	
S1-419347798	
S1-574482790	
S1-715567207	
S1-735318154	
S1-425303389	
S1-43523508	
S1-531525476	
S1-98277762	
S1-705713025	
S1-8744367	
S1-113811969	
S1-8814407	
S1-7952954	
S1-66770531	
S1-891308355	
S1-88204806	
S1-307901914	S3-185186870
S1-646193638	
S1-932392207	
S1-168575620	
S1-150451400	
S1-344911319	
S1-524397591	
S1-496229526	
S1-664304809	S2-886663007
S1-457353582	
S1-810968572	
S1-315795460	
S1-788494579	
S1-525901175	
S1-166100381	
S1-371278037	
S1-976078752	
S1-53499951	
S1-323342021	
S1-224774611	
S1-437951158	
S1-594974314	
S1-360240928	
S1-581127158	
S1-159098485	
S1-893847903	
S1-935372013	
S1-503950162	
S1-101469146	
S1-402982478	
S1-259668566	S2-123007061,S2-329405096,S2-574584543,S2-703722492,S2-847933753,S2-910325046,S2-984363671,S3-148156789,S3-244669915,S3-814880158
S1-374254657	
S1-25688300	
S1-907068889	
S1-299759870	
S1-348187849	
S1-594417144	S2-155102922
S1-355030632	
S1-884200077	
S1-20880363	
S1-541936940	
S1-766788569	
S1-345424121	
S1-907865018	
S1-188374841	
S1-962834065	
S1-36674557	
S1-693700393	
S1-340001149	
S1-291641643	
S1-270542817	
S1-480838278	
S1-899460856	
S1-625335134	
S1-932897365	
S1-581530644	
S1-112119131	
S1-402065537	
S1-436987038	
S1-558911141	
S1-424109860	
S1-626705203	
S1-989161321	
S1-899687632	
S1-90166250	S3-818348994
S1-533576960	
S1-675145398	
S1-73153171	
S1-275751394	
S1-55807149	
S1-509021363	
S1-171245357	
S1-887606365	
S1-420680981	
S1-189717582	
S1-212537507	
S1-440217753	
S1-84049368	
S1-12334356	
S1-781712517	S2-369952160,S2-399597228,S2-971258085,S3-156752988
S1-211094178	
S1-357467786	
S1-292223040	
S1-105050415	
S1-817906448	
S1-264491470	
S1-68519410	
S1-514198392	
S1-358909862	
S1-180428251	
S1-745397396	
S1-586397724	
S1-876991375	
S1-755354024	
S1-47981946	
S1-139079196	
S1-396664204	
S1-759534744	
S1-562008911	
S1-700755309	
S1-503067580	
S1-990456125	
S1-926540701	
S1-569103290	
S1-596359814	
S1-345374619	
S1-783516976	
S1-889166278	
S1-342382063	
S1-668531919	
S1-939286104	S2-324959905,S2-542711036,S2-766232113,S3-917362468
S1-818738514	
S1-18262600	
S1-866691054	
S1-664375334	
S1-126095563	
S1-26460927	S2-13072938,S3-170859479,S3-280541618,S3-369941843,S3-489941683
S1-645610465	
S1-688760208	
S1-263139090	
S1-179736438	
S1-707961232	
S1-481444021	
S1-351975332	
S1-605070061	
S1-817299955	
S1-301052901	
S1-229694731	
S1-721344090	
S1-288745004	
S1-877741155	
S1-161309900	
S1-263892460	
S1-513599128	
S1-953761436	
S1-375165850	
S1-902564407	
S1-895322435	
S1-992248145	
S1-76698152	
S1-411030	
S1-484696107	
S1-820132803	
S1-775962931	
S1-983976386	
S1-418923440	
S1-937365394	
S1-476016290	
S1-830909468	
S1-752467852	
S1-386434519	
S1-207186369	
S1-718049994	
S1-978001671	
S1-930965262	
S1-964796300	
S1-733612741	
S1-546166487	
S1-463468184	
S1-379600826	
S1-75112977	
S1-459868030	
S1-921949610	
S1-491150614	
S1-959590345	
S1-627418879	
S1-267800869	
S1-971058732	
S1-368525941	
S1-98622865	
S1-435925608	
S1-507166503	S3-892291702
S1-707783375	
S1-908249466	
S1-338957448	
S1-883773364	
S1-968332918	
S1-646217985	
S1-923953011	S3-176402709
S1-486888586	
S1-751174522	
S1-940391924	
S1-506661247	
S1-682512031	
S1-962544382	
S1-309381512	
S1-441349015	
S1-494623223	
S1-761272783	
S1-801552826	
S1-908340970	
S1-175472186	
S1-713114163	
S1-868486501	
S1-277377300	
S1-281004950	
S1-215088806	
S1-140719561	
S1-991551326	
S1-486669405	
S1-813239690	
S1-590385281	
S1-755720871	
S1-268323329	
S1-672403821	
S1-457117540	
S1-149860919	
S1-770520847	
S1-134115180	
S1-918035685	
S1-612384243	
S1-408763291	S2-130335447
S1-113058192	
S1-279038088	
S1-274681616	
S1-693925837	
S1-45946739	
S1-386396381	
S1-994126768	
S1-515219087	
S1-911898237	S3-721724960
S1-154261046	
S1-135753871	
S1-574482227	
S1-720619659	
S1-687777636	
S1-600252299	
S1-57905919	
S1-307720418	
S1-980273982	
S1-74928501	
S1-507548508	
S1-745315208	
S1-743619701	S2-322424758
S1-611601828	
S1-182023166	
S1-339634929	
S1-262908094	S2-795080120
S1-140726878	
S1-321636602	
S1-580692843	
S1-786940069	
S1-5805172	
S1-379153384	
S1-894718740	
S1-452018876	
S1-888579602	
S1-728218549	
S1-605677190	
S1-110582588	
S1-19256590	
S1-833144474	
S1-630611762	
S1-900824065	
S1-846203964	
S1-581442283	
S1-324132849	
S1-23119232	
S1-810319015	
S1-706741352	
S1-864660341	
S1-926783079	
S1-947901769	
S1-433602501	
S1-577525293	
S1-455055944	
S1-639187727	
S1-588382664	
S1-611658325	
S1-971410332	
S1-399548869	
S1-939695180	
S1-694621496	
S1-475350427	
S1-996639185	
S1-74524085	
S1-913709645	
S1-81877564	
S1-823580542	
S1-761715283	
S1-947638057	
S1-780209007	
S1-711977978	
S1-965821657	
S1-237682788	
S1-786132096	
S1-177060844	
S1-80704857	
S1-767129939	
S1-146244255	
S1-28533942	
S1-422392446	
S1-421403418	
S1-790298301	S2-336750623
S1-771404433	
S1-815809326	
S1-892719094	
S1-506011386	S2-318695668
S1-162219319	
S1-165881449	
S1-83717084	
S1-716407122	
S1-79060211	
S1-287309921	
S1-389989439	
S1-986400604	
S1-237690148	
S1-459902633	
S1-14024161	
S1-226480101	
S1-382840760	S3-291467114,S3-817150948
S1-290618878	
S1-847261525	
S1-961541110	
S1-538652542	
S1-345364306	
S1-455003230	
S1-138763170	
S1-924856824	
S1-784405726	
S1-215414147	
S1-676335248	
S1-66214803	
S1-795383690	
S1-710419867	
S1-974111206	
S1-82512626	
S1-849984943	
S1-310398583	
S1-631503122	
S1-317724879	
S1-105114617	
S1-691774352	
S1-85569962	
S1-361935244	
S1-392425400	
S1-921465632	
S1-980301787	
S1-871903043	
S1-297742190	
S1-186481727	
S1-626979946	
S1-551793245	
S1-692085267	
S1-172667353	
S1-257971339	
S1-254257195	
S1-694597331	
S1-831689980	
S1-420176723	
S1-810811765	
S1-752934624	
S1-754106226	
S1-699748206	
S1-460467149	
S1-390556836	S2-206777049
S1-125226366	
S1-449220864	
S1-450210866	
S1-234877150	
S1-205121863	
S1-969872929	
S1-155825751	
S1-729562653	
S1-667946438	
S1-245206089	
S1-392176381	S3-10971390,S3-216986249
S1-272455073	
S1-634527057	
S1-585873994	
S1-881158298	
S1-97690685	
S1-896653015	
S1-325652498	
S1-665887335	
S1-544511804	
S1-969943954	
S1-896596082	
S1-159845454	
S1-461580521	
S1-6547069	
S1-622465292	
S1-818965321	
S1-535276242	
S1-832825068	
S1-473516920	
S1-136873370	
S1-89943359	
S1-26831858	
S1-34369720	S2-247738094,S2-51435294,S2-913195122,S3-404281660
S1-218471023	
S1-164266670	
S1-507708897	
S1-874898247	
S1-206896952	
S1-206391563	
S1-431641853	
S1-198228618	
S1-137308321	
S1-532136900	
S1-671536697	
S1-615178708	
S1-647173498	
S1-35293194	
S1-857432780	
S1-728679371	
S1-972736030	
S1-251469508	
S1-204822794	
S1-441843724	
S1-325350634	
S1-97346689	
S1-127774657	
S1-199345691	
S1-748393232	
S1-733237704	
S1-473263911	
S1-68041950	
S1-663035895	
S1-11700475	
S1-219239696	
S1-148912231	
S1-174674529	
S1-109241726	
S1-385324072	
S1-339835869	
S1-556258407	
S1-385483606	
S1-412522620	
S1-212806081	
S1-606901466	
S1-55534506	
S1-657631395	
S1-552950124	
S1-549762646	
S1-94680143	
S1-398753035	
S1-966022454	
S1-665537374	S2-244461000,S2-258925491,S3-654708839,S3-682461332
S1-845976850	
S1-959790731	
S1-454288296	
S1-700423446	
S1-699518397	
S1-993813813	
S1-560104006	
S1-361726062	
S1-320082766	
S1-685818127	
S1-770968198	
S1-528923732	
S1-388859358	
S1-838183542	
S1-134933375	
S1-313258391	
S1-907573377	
S1-94897061	
S1-587374769	
S1-467868176	
S1-191563467	
S1-986970342	
S1-607793458	S2-689458306
S1-941352022	
S1-729256525	
S1-812320346	
S1-425309478	
S1-230205987	
S1-879615067	
S1-89895611	
S1-207954443	
S1-256383768	
S1-556999398	S3-690145089
S1-652026424	
S1-44189473	
S1-318594686	
S1-268786790	
S1-359064506	S3-580749583
S1-881970609	
S1-778935556	
S1-521480639	
S1-34540900	S3-442216236
S1-369330202	
S1-423240599	
S1-858160275	
S1-518088829	S2-832560806
S1-872246976	
S1-438739259	
S1-518499488	
S1-530544759	
S1-308181228	
S1-590041133	
S1-418694729	
S1-875092059	
S1-576484572	
S1-388767593	
S1-88196851	
S1-702117138	
S1-556075317	
S1-240604402	
S1-492647342	
S1-216204100	
S1-785274616	
S1-150076147	
S1-565437317	
S1-941876442	
S1-507216899	
S1-464686396	
S1-705339733	
S1-507539233	
S1-91625492	
S1-327229214	
S1-813699074	
S1-295201511	
S1-164185385	
S1-479768100	
S1-77801915	
S1-745970559	
S1-736617230	
S1-318326583	
S1-869522885	
S1-81758339	
S1-750245426	
S1-914115819	
S1-228118969	
S1-485602166	
S1-403524574	
S1-326194456	
S1-741256676	
S1-214914943	
S1-532668906	
S1-763196732	
S1-64545208	
S1-932270924	
S1-225996412	
S1-416294949	
S1-50986628	S2-557601883
S1-158991042	S3-522400083
S1-716563252	
S1-348125775	
S1-167415974	
S1-836393580	
S1-932719935	
S1-135296616	
S1-100187919	S2-694388858
S1-138269865	
S1-463643228	
S1-225228735	
S1-839999682	
S1-996766061	
S1-482209352	
S1-390387670	
S1-864394231	
S1-809314802	
S1-984264540	
S1-758862959	
S1-591158971	
S1-347352517	
S1-162676951	
S1-85398994	
S1-993588188	
S1-773460584	
S1-20974230	
S1-642905163	
S1-479761702	
S1-768347315	
S1-290909607	
S1-530637264	
S1-272922202	
S1-599779282	
S1-263398342	
S1-406316425	
S1-657020458	
S1-978855013	
S1-18546457	S3-11878628
S1-860127314	
S1-176004602	
S1-243855834	
S1-803953884	
S1-610419822	
S1-699967866	
S1-190644318	
S1-519122835	
S1-163178706	
S1-416058252	
S1-771893759	
S1-143094156	
S1-269503438	
S1-877712287	
S1-753515243	
S1-589715866	
S1-545134929	
S1-914609854	
S1-111043079	
S1-822361028	
S1-721723504	
S1-107849895	
S1-812316280	
S1-428218449	
S1-15581358	
S1-346521673	
S1-61079859	
S1-420221261	
S1-374098734	
S1-203878261	
S1-697198353	
S1-218539301	
S1-96251867	
S1-363438427	S2-34516684
S1-373681495	
S1-94414647	S3-37782693
S1-694632906	
S1-613663525	
S1-919206141	
S1-142950270	S2-139130984,S3-182512145
S1-722684604	
S1-644912003	
S1-711170999	
S1-917032805	
S1-329525557	S2-21923784,S2-612591290,S2-817996506
S1-872266811	
S1-281858379	
S1-730435526	
S1-549470283	
S1-20506821	
S1-780914535	
S1-92724228	
S1-144844391	
S1-264547144	
S1-533090453	
S1-323760684	
S1-238435593	
S1-210940023	
S1-786590121	
S1-530528868	
S1-266542534	
S1-377363025	
S1-134808008	
S1-19823695	
S1-353946779	
S1-19778941	
S1-419712378	
S1-661764968	
S1-496968901	S3-306653140
S1-333965940	
S1-824853714	
S1-157448805	
S1-231514377	
S1-288845872	
S1-647695671	
S1-446839131	
S1-302944369	
S1-456132040	
S1-386172222	
S1-708261634	
S1-445086300	
S1-512050679	
S1-192895693	
S1-265121379	S2-151070668,S2-368870105
S1-211689041	
S1-898455684	
S1-213737861	
S1-294867424	
S1-433568798	
S1-373033028	
S1-707318446	
S1-929368053	
S1-102433249	
S1-189494213	
S1-21523316	
S1-369734039	
S1-175003867	
S1-415990316	
S1-148753478	
S1-208594098	
S1-108640458	
S1-345978299	
S1-859804172	
S1-525749617	
S1-971358710	
S1-791684659	
S1-888304943	
S1-896271081	
S1-49234588	
S1-899151069	
S1-824888370	
S1-439373261	
S1-240518615	
S1-395553557	
S1-140901712	
S1-816910683	
S1-785811387	
S1-560129303	
S1-4730815	
S1-855410170	
S1-810671564	
S1-838116236	
S1-722295122	
S1-22462862	
S1-24375625	
S1-985097031	
S1-219485728	
S1-953600280	
S1-131465707	
S1-168650793	
S1-695190831	
S1-866098083	S3-245984245
S1-227022897	
S1-337708175	
S1-626032211	
S1-411764031	
S1-854450299	
S1-220425715	
S1-567995063	
S1-741661363	
S1-735119942	
S1-507323382	
S1-778305641	
S1-182892387	
S1-997775051	
S1-861635182	
S1-622014387	
S1-818794162	
S1-85875660	
S1-102994647	
S1-903651090	
S1-879176522	
S1-275308379	
S1-411806986	
S1-668070216	
S1-774433623	
S1-802158714	
S1-878031935	
S1-940551750	
S1-220440002	
S1-899812971	
S1-703850936	
S1-675084872	
S1-470833900	S2-475330798
S1-578332447	
S1-928034354	
S1-12637290	
S1-235061073	
S1-453367907	
S1-61516785	S2-512863099,S2-772985419,S3-124470912
S1-679174723	
S1-492130733	
S1-215312359	
S1-592866610	
S1-348517273	
S1-882295182	
S1-410253669	
S1-355959113	
S1-25102566	
S1-452546951	
S1-267993976	
S1-532183197	
S1-632294551	
S1-746032296	
S1-970887092	
S1-707218925	
S1-96369658	
S1-150092414	
S1-744523074	
S1-83956048	
S1-456455997	
S1-206580642	
S1-283793852	
S1-347688544	
S1-376761890	
S1-328392378	
S1-589484557	
S1-101386104	
S1-743432846	
S1-537095411	
S1-474184705	
S1-27067147	
S1-3526820	
S1-720109446	
S1-821548134	
S1-510559162	
S1-900157058	
S1-271544535	
S1-120469183	
S1-419648212	
S1-311700589	
S1-701676803	
S1-156962686	
S1-589955966	
S1-301930673	
S1-516549961	S3-835547232
S1-857785076	
S1-255976409	
S1-382848644	
S1-962674176	
S1-68688529	
S1-310922143	
S1-164174207	
S1-338889171	
S1-930628324	
S1-751633912	
S1-45504969	S3-966788298
S1-666414184	
S1-139939913	
S1-742669690	
S1-972149440	
S1-746525176	
S1-131348784	
S1-839649850	
S1-100641945	
S1-52123969	
S1-967717469	
S1-795245461	S2-785423856
S1-806197577	
S1-576826076	
S1-133236904	
S1-404270005	
S1-312154301	
S1-127814684	S2-329039981
S1-474975160	
S1-382399077	
S1-465260095	S2-690262598
S1-579476810	
S1-777496180	
S1-192455679	
S1-794651822	
S1-97172795	
S1-312442131	
S1-519090727	
S1-265650801	
S1-346655278	
S1-532263005	
S1-445700965	
S1-716390845	
S1-992743298	
S1-832442273	
S1-917008353	
S1-881125216	
S1-456126898	S2-522531091,S2-904741291
S1-269228723	
S1-547774923	
S1-957009968	
S1-853930842	
S1-188535180	
S1-508651883	
S1-129548164	
S1-475424916	
S1-826888164	
S1-207098595	S3-168184764
S1-455613994	
S1-778871982	S2-754798757
S1-54869107	
S1-306822911	
S1-260606492	
S1-477457737	
S1-593884831	
S1-753066813	
S1-105054016	
S1-563047320	S2-5196844
S1-901365639	
S1-898578286	S2-247738094,S2-829602188,S2-991736902,S3-572138601,S3-957723993
S1-510397955	
S1-394622442	
S1-92360053	
S1-433801823	
S1-918778794	
S1-530711102	
S1-548408592	
S1-514927223	
S1-834314092	
S1-84422853	
S1-863716540	S2-109990218
S1-165688970	S2-476721611
S1-845032915	
S1-964400942	
S1-538812405	
S1-141508921	
S1-386637281	
S1-164027682	
S1-65736131	
S1-512518011	
S1-982736698	
S1-52976413	
S1-380681688	
S1-103869294	
S1-771204309	
S1-754554883	
S1-778987190	
S1-311056087	
S1-673666459	
S1-816083909	
S1-671002046	
S1-161483272	
S1-563346725	
S1-18683720	
S1-682303113	
S1-14961313	
S1-199801011	
S1-158914809	
S1-631641790	
S1-854983608	
S1-241895944	
S1-307861176	
S1-853393513	
S1-498791279	
S1-451334593	
S1-413836533	
S1-899019921	
S1-137669931	
S1-472671684	
S1-605204456	
S1-263660988	
S1-675575363	
S1-756174618	
S1-410128012	
S1-930050361	
S1-979275261	
S1-926492868	
S1-207888842	
S1-691941744	
S1-333715327	
S1-43874906	
S1-639508317	
S1-855174456	
S1-503792383	
S1-829664368	
S1-33647678	
S1-935366525	
S1-577645128	S2-436927739
S1-484611505	
S1-954392906	
S1-536905855	S2-566338171
S1-707768267	
S1-983051672	
S1-422756979	
S1-293478662	
S1-684391951	
S1-189338477	
S1-297414947	
S1-258672312	
S1-684066146	
S1-523703751	
S1-840623085	
S1-203029614	
S1-133840053	
S1-268015054	
S1-814761215	
S1-974780705	
S1-969995739	
S1-49922089	
S1-604720754	S2-542711036,S2-683953111
S1-856385628	
S1-896578326	
S1-794698423	
S1-473432836	
S1-803387714	
S1-484088914	
S1-962997100	
S1-429723574	
S1-214868663	
S1-432845001	
S1-257105725	
S1-791872172	
S1-70511788	
S1-842677464	S3-488129189
S1-792446104	
S1-742740313	
S1-298175218	
S1-872409378	
S1-369218013	
S1-575129395	S3-542824123
S1-688292920	
S1-753601355	
S1-170123026	
S1-290193824	
S1-804928492	
S1-49568133	
S1-485290219	
S1-320784729	
S1-758356959	
S1-639971513	
S1-843739455	
S1-465145341	
S1-460848542	
S1-916186946	
S1-98916647	
S1-182691643	
S1-919633078	
S1-758197827	
S1-349547094	
S1-572994121	
S1-236070674	
S1-179836430	
S1-993804002	
S1-736493540	
S1-268610223	
S1-575937019	
S1-844504575	
S1-707015907	S2-948419035
S1-981437358	
S1-866586688	
S1-942422561	
S1-449193896	
S1-446093549	
S1-356773320	
S1-595835095	
S1-620971939	
S1-508615529	
S1-480978279	
S1-168889843	
S1-615714485	
S1-97240748	
S1-659988422	S3-219273455
S1-19759521	
S1-5486694	
S1-124619658	
S1-130545091	
S1-683620505	
S1-232226211	
S1-173470985	
S1-340879498	S3-176616373
S1-864580516	
S1-220967847	
S1-971912070	
S1-554625022	
S1-213704477	
S1-771167070	
S1-544904910	
S1-347142933	
S1-392929659	
S1-571554205	
S1-711492716	
S1-471931393	
S1-768487200	
S1-380321793	
S1-124904704	
S1-8187548	
S1-71190027	
S1-734286276	S2-292393822,S2-394313492,S2-824273314
S1-984271119	
S1-450871971	
S1-37290214	
S1-679378800	
S1-711076826	
S1-720893999	
S1-40969838	
S1-715782239	
S1-67374123	
S1-29343435	
S1-306244106	
S1-298109081	
S1-470471190	
S1-936507982	
S1-977203113	
S1-370988515	
S1-384001420	
S1-880515262	
S1-675427049	
S1-378230358	
S1-738498988	
S1-827222568	
S1-140336851	
S1-963098435	
S1-883054624	
S1-350047081	
S1-408167247	
S1-318850568	
S1-204859669	
S1-701019578	
S1-268824066	
S1-278899959	
S1-141197262	
S1-313097263	
S1-636205731	
S1-760896125	
S1-823207865	
S1-11919753	
S1-797915393	
S1-231834559	
S1-388489734	
S1-921346169	
S1-489192958	
S1-519804595	
S1-786082986	
S1-320047569	
S1-238257781	
S1-526945969	
S1-576543855	
S1-453126859	
S1-197785390	
S1-19243634	
S1-548745359	
S1-960652119	
S1-998188124	
S1-649690849	
S1-903648188	
S1-601595412	
S1-225476110	
S1-894040993	
S1-475733073	
S1-167869389	
S1-589777253	
S1-287431735	
S1-822074446	
S1-843537721	
S1-77535309	
S1-746256981	
S1-74774423	
S1-935560869	
S1-557684046	
S1-24672734	
S1-404454090	
S1-384678498	
S1-776309528	
S1-14580025	
S1-829290781	
S1-933816600	
S1-820801829	
S1-490707185	
S1-431855318	
S1-15713813	
S1-245701060	
S1-933088184	
S1-668091827	
S1-200441965	
S1-704820507	
S1-51402604	
S1-25530909	
S1-570103924	
S1-419277936	
S1-43241605	
S1-17398605	
S1-845014659	
S1-968410150	
S1-733635547	
S1-722804858	
S1-382324942	
S1-658606733	
S1-726594198	
S1-988294396	
S1-10015126	
S1-307470723	
S1-973571452	
S1-168553412	
S1-577325535	
S1-744794326	
S1-277750229	
S1-819332569	
S1-438219164	
S1-774969565	
S1-319607213	
S1-256726877	
S1-312574957	
S1-64227782	
S1-833369689	
S1-729743375	
S1-493371250	
S1-452947082	
S1-1613700	
S1-774903134	
S1-420716947	
S1-166659491	
S1-544387765	
S1-844970196	
S1-15108031	
S1-866847714	
S1-523910572	
S1-753543787	
S1-957135632	
S1-809578770	
S1-803912036	
S1-162560228	
S1-745653139	
S1-624671607	S3-534197175
S1-731671544	
S1-982588229	
S1-294082184	
S1-318528976	
S1-499802209	
S1-329778385	
S1-360778879	
S1-614917747	
S1-169821317	
S1-634167160	
S1-631323799	
S1-696627390	
S1-653514396	
S1-687546855	
S1-265599238	
S1-4793735	
S1-391465370	
S1-977885592	
S1-319095034	S3-233464546
S1-210823010	
S1-582287679	
S1-84179827	
S1-859452283	
S1-736189267	S2-37969787
S1-888164726	
S1-726491799	
S1-661958295	
S1-330295142	
S1-333847728	
S1-751887466	
S1-871533256	
S1-584846242	S3-306653140,S3-811275466
S1-831213381	
S1-743853805	
S1-620607873	
S1-991646032	
S1-334609287	
S1-62307174	
S1-176826826	
S1-130233674	
S1-633715056	
S1-484195787	S3-392964257
S1-295457201	
S1-883701820	
S1-140753239	
S1-661407619	
S1-603901946	
S1-116908443	
S1-378869309	
S1-119091908	
S1-257579330	
S1-845095611	
S1-235999037	
S1-311472300	
S1-655088323	
S1-974865490	
S1-318887702	
S1-733312740	
S1-851473421	
S1-683105853	
S1-36345987	
S1-41356282	
S1-274217880	
S1-947779632	S2-110279997
S1-957700443	
S1-49671833	
S1-957467392	
S1-759281762	S3-852791044
S1-384150931	
S1-232859693	
S1-706689548	
S1-89496505	
S1-339648876	
S1-858843271	
S1-155047678	
S1-206667830	
S1-995683353	
S1-456385446	S2-85268354,S2-963703256
S1-142977097	
S1-52787050	
S1-542268714	
S1-829193003	
S1-541330457	
S1-36221416	
S1-182668341	
S1-408040411	
S1-410034477	
S1-774229271	
S1-988417686	
S1-322791192	
S1-143939246	
S1-122409485	
S1-262392346	
S1-188712373	
S1-162876347	
S1-632751724	
S1-472430549	
S1-628211123	S2-310112510
S1-41382743	
S1-281620591	
S1-234218211	
S1-973194075	
S1-664437382	
S1-84448896	
S1-310387311	
S1-987386236	
S1-446766373	S2-657476175
S1-142459713	S2-473295515,S2-480006522
S1-96001728	S3-531460896
S1-989347352	
S1-953114875	
S1-278133170	
S1-286685430	
S1-75710	
S1-855676093	
S1-407868866	
S1-129687547	S2-30243607
S1-323720444	
S1-691476789	
S1-690470253	
S1-889730455	
S1-602728363	
S1-275726462	
S1-428648259	
S1-629873802	
S1-369915146	
S1-769825265	
S1-529132100	
S1-903414359	
S1-343914590	
S1-855269748	
S1-807981750	
S1-221237748	
S1-991903327	S2-437090525,S3-237813115
S1-367408699	
S1-624701105	
S1-271508540	
S1-641022850	
S1-763302129	
S1-374904548	
S1-222300637	
S1-195729950	
S1-945532019	
S1-104874720	
S1-130252508	
S1-434367211	
S1-346126397	
S1-607229964	
S1-862125974	
S1-828247046	
S1-889318230	
S1-50703214	
S1-225625032	
S1-123667425	S2-93749685,S3-341874857
S1-552665240	
S1-772983186	S2-128548910,S2-169692904,S2-368870105
S1-987851247	
S1-97854495	
S1-682865215	
S1-556630036	
S1-562987949	
S1-711671760	
S1-51977638	
S1-153107423	
S1-844454421	
S1-333346616	
S1-358189069	
S1-702595642	
S1-543257115	
S1-803985772	
S1-42297084	
S1-468823868	
S1-821485998	
S1-337844252	
S1-379219994	
S1-866973942	
S1-389454975	
S1-370159588	
S1-252798771	
S1-679136578	
S1-375247486	S2-285861491
S1-478533799	
S1-423007551	
S1-320848773	
S1-220227845	
S1-691585389	
S1-329331613	
S1-411600569	
S1-261948843	
S1-779007947	
S1-612226823	
S1-453686505	
S1-404085277	
S1-598472759	
S1-716430865	
S1-560016645	
S1-582015807	
S1-380957433	
S1-637477481	S3-795292381
S1-270587443	
S1-570262009	
S1-738250159	
S1-939795243	
S1-150290354	S3-810738994
S1-822250381	
S1-489032704	
S1-802733994	
S1-493356487	
S1-774769457	
S1-97848238	
S1-107729813	
S1-582083775	
S1-287076016	
S1-431110916	
S1-539558707	
S1-152377818	
S1-432102684	
S1-952478487	
S1-418351336	
S1-519456843	
S1-938613825	
S1-332441551	S2-573108388
S1-21916527	
S1-598194438	
S1-729150827	
S1-168424629	
S1-810312471	
S1-416285154	
S1-65497874	
S1-512454192	
S1-444331244	
S1-597139319	
S1-469456752	
S1-311079279	
S1-559052677	
S1-819228021	
S1-769692773	
S1-312271502	
S1-781348482	
S1-187516560	
S1-433297526	
S1-881769491	
S1-181658197	
S1-529282839	
S1-999266858	
S1-905013138	
S1-816336757	
S1-273544435	
S1-142913772	
S1-122502928	
S1-775215466	
S1-245423758	
S1-803867046	
S1-313301689	
S1-422461708	
S1-956857973	
S1-893577023	
S1-386961294	
S1-70318872	S2-759392709
S1-776582596	
S1-42512455	
S1-305860680	
S1-350804221	
S1-599790448	
S1-628742554	
S1-280351384	
S1-482691526	
S1-326401932	
S1-856157391	
S1-129697607	
S1-577063479	
S1-101528594	
S1-649038975	
S1-345327495	
S1-243246078	S3-120087557
S1-357617586	
S1-34067917	
S1-756949062	
S1-434771325	
S1-995163747	
S1-183551538	
S1-678556692	
S1-924149270	
S1-803998294	
S1-533086283	
S1-742361309	
S1-454339639	
S1-721192018	
S1-654075737	
S1-860265413	
S1-738090205	
S1-127865390	
S1-88450818	
S1-362575266	
S1-917695559	
S1-184008384	
S1-28610748	
S1-815532621	
S1-394673925	
S1-658553024	
S1-226092411	
S1-642293579	
S1-152823995	
S1-605194985	
S1-612369220	S2-612503689
S1-660994803	
S1-254896227	
S1-772678411	
S1-91218786	
S1-569736670	
S1-207532071	
S1-144018195	
S1-347979238	
S1-666880499	
S1-929220487	
S1-417872605	
S1-472815296	
S1-354837287	S2-244461000,S2-258925491,S3-654708839,S3-682461332
S1-540988090	
S1-458511744	
S1-293397047	S2-756222953,S3-915370634
S1-637052837	
S1-371582035	
S1-719598258	
S1-32221128	
S1-44069631	
S1-990678443	
S1-186221051	
S1-661354544	
S1-358070599	
S1-745256862	
S1-158578472	
S1-632799658	
S1-160595830	
S1-291901107	
S1-975677396	
S1-278327131	
S1-907194224	
S1-619504164	
S1-998039006	
S1-518083662	
S1-794708721	
S1-144753539	
S1-598838112	
S1-920294579	
S1-571027792	
S1-51516745	
S1-268824428	
S1-294875985	
S1-659950673	
S1-979959953	
S1-194165860	
S1-216580626	
S1-613851225	
S1-967101211	
S1-948969521	
S1-88966299	
S1-733495646	
S1-631506217	
S1-929054691	S2-653062110
S1-338362626	
S1-658315347	
S1-779059529	
S1-602292671	
S1-168077861	
S1-991572595	
S1-94211740	
S1-799022397	
S1-947743941	
S1-10022057	
S1-282212001	S3-973152629
S1-547941437	
S1-206382015	
S1-454310328	
S1-974828340	
S1-739492607	
S1-18467148	
S1-236525949	
S1-493200814	
S1-826226401	
S1-135662451	
S1-651387848	
S1-655189477	
S1-403724202	
S1-459327272	
S1-79860647	
S1-961928843	
S1-895929419	
S1-426287976	
S1-773189341	
S1-418192932	
S1-692312953	
S1-344115245	
S1-423124781	
S1-531611840	S2-13072938,S2-20869901,S2-790145633,S3-170859479,S3-233941087,S3-369941843,S3-43056314
S1-107510700	
S1-2649316	
S1-904396640	
S1-62259618	
S1-854999260	
S1-773323468	
S1-909277491	
S1-807631610	
S1-814558941	
S1-648241191	
S1-8227902	
S1-41439918	
S1-694209651	
S1-488957184	
S1-633042475	
S1-552285734	
S1-828436727	
S1-788541488	
S1-428331911	
S1-216170284	
S1-463539474	
S1-572676826	
S1-497829573	
S1-160853016	
S1-574184803	
S1-351383280	
S1-50937237	
S1-160307069	
S1-582441239	
S1-895614501	
S1-52755176	
S1-717251610	S3-717172585
S1-703981894	
S1-947474773	
S1-679408568	
S1-251981321	
S1-784734398	
S1-297694575	
S1-48087517	
S1-769736621	
S1-477715799	
S1-280514854	
S1-978519594	
S1-538939734	S2-13072938,S2-790145633,S3-174497076,S3-197081371,S3-20787426,S3-233941087,S3-280541618,S3-369941843,S3-43056314,S3-496774869
S1-761113485	
S1-421545713	
S1-377205743	
S1-966432306	
S1-917198719	
S1-846566737	
S1-37904887	
S1-492222237	
S1-149728124	
S1-875788852	
S1-570014499	
S1-437560195	
S1-857058327	
S1-180498932	
S1-651178322	
S1-302197131	
S1-561798231	
S1-228432576	
S1-909900184	
S1-269775347	
S1-996547668	
S1-841751267	
S1-483340593	
S1-333038206	
S1-949750300	
S1-547866820	
S1-943545194	
S1-210318421	
S1-123341585	
S1-168432483	
S1-785751905	S2-907163760
S1-978101379	
S1-118456182	
S1-240602194	
S1-632495045	
S1-229643327	
S1-833478546	
S1-783257107	
S1-132566513	
S1-445166808	
S1-474803869	
S1-251290782	
S1-39546464	
S1-996601686	
S1-299151613	
S1-627957196	
S1-411738826	
S1-832060214	
S1-463676481	
S1-742628782	
S1-9572705	
S1-75814522	
S1-617537829	
S1-236872318	
S1-553432108	
S1-359353328	
S1-692993433	
S1-888796114	
S1-95686130	
S1-665351582	
S1-362820948	
S1-586007332	S2-580853997
S1-823829897	
S1-772272805	S3-776637546
S1-985250067	
S1-976726753	
S1-747715316	
S1-504436049	
S1-343568571	
S1-929199890	
S1-891145758	
S1-729615543	
S1-951092333	
S1-153994913	
S1-856044557	
S1-721836558	
S1-498447839	
S1-460575532	
S1-759831614	
S1-178421458	
S1-656246032	
S1-836222565	
S1-284833330	
S1-280974034	
S1-118205613	
S1-300375116	
S1-655336192	
S1-458179655	
S1-829994865	
S1-401960672	
S1-879816912	
S1-982159088	
S1-554627675	
S1-889679196	
S1-78045292	
S1-521355923	
S1-164168962	
S1-907114197	
S1-807035081	
S1-500210146	
S1-732138285	
S1-756251313	
S1-665928652	
S1-639971786	
S1-459763629	
S1-209011642	
S1-509689915	
S1-643258490	
S1-360148368	
S1-583538068	
S1-173146269	
S1-548029859	
S1-438065831	
S1-655140469	
S1-252661307	
S1-382102728	
S1-499005655	
S1-644297299	
S1-726242223	
S1-166545492	
S1-209232982	
S1-607654017	
S1-57653654	
S1-396805796	
S1-30909010	
S1-511185011	
S1-179404368	
S1-28143101	
S1-305893196	
S1-283891101	
S1-821005119	
S1-878836811	
S1-942477596	
S1-124907835	
S1-960750386	
S1-836471740	
S1-666356172	
S1-287317806	
S1-667584292	
S1-221333847	
S1-399304049	
S1-309988088	
S1-726384801	
S1-7604242	
S1-391515943	
S1-558647097	
S1-34743632	S2-672867689
S1-874347593	
S1-160095310	
S1-107715652	
S1-65868775	
S1-641505154	S2-27096299
S1-330266979	
S1-693518485	
S1-905479468	
S1-316508179	
S1-782168738	
S1-327261380	
S1-367986122	
S1-550478072	
S1-133616259	
S1-654523328	
S1-785174561	S3-170636529
S1-240141092	
S1-868165555	
S1-202854642	
S1-816012895	
S1-89035058	
S1-617593000	
S1-106485904	
S1-15692040	
S1-94853055	
S1-21471956	
S1-70067015	
S1-530825338	
S1-448068500	
S1-126032191	
S1-918103165	
S1-373046886	
S1-125623285	
S1-969869688	
S1-81656760	
S1-100194951	
S1-519961130	
S1-870387518	
S1-333385995	S3-206912244
S1-102111455	
S1-104584787	
S1-871141486	
S1-577084080	
S1-791297961	
S1-863954353	
S1-578964831	
S1-920023077	
S1-214235221	
S1-4055591	S2-187119816,S2-269098468,S2-41086033,S2-516243741,S2-605726696,S2-802095609,S2-847014050,S3-235133900,S3-648942348,S3-69037052,S3-734747152,S3-867447121
S1-974749346	
S1-154464604	S2-273265532
S1-311050484	
S1-666096637	
S1-16079145	
S1-738851213	
S1-61342199	
S1-815601813	
S1-76841268	
S1-995194840	
S1-313707519	
S1-590643676	
S1-812763659	
S1-265671264	
S1-812142813	
S1-764011392	
S1-250277009	
S1-343986973	
S1-291838961	
S1-934507412	
S1-202571580	
S1-902431208	
S1-375303105	
S1-983138502	
S1-982650506	S3-191221379
S1-205505277	
S1-931608282	
S1-382607373	
S1-626048785	
S1-797209202	
S1-516430124	
S1-525856483	S2-13072938,S2-816390814,S3-170859479,S3-174497076,S3-20787426,S3-280541618,S3-369941843,S3-43056314,S3-489941683
S1-899497012	
S1-592706215	
S1-4825909	
S1-398105951	
S1-601172096	
S1-121275871	
S1-236125895	
S1-848792210	
S1-99188538	
S1-278586777	
S1-683717641	
S1-968303331	
S1-910185119	
S1-371498549	
S1-198549714	
S1-714111255	
S1-694764672	
S1-21334353	
S1-71868418	
S1-844455513	
S1-105836402	S2-657666901
S1-805401586	
S1-266107412	
S1-360241817	
S1-782937090	
S1-724125082	
S1-460049970	
S1-548631337	
S1-524545277	
S1-843081851	
S1-556833385	
S1-509688599	
S1-641279527	
S1-376524432	
S1-491355091	
S1-421983612	
S1-786364339	
S1-99856041	S2-454483999,S2-59604091,S2-814744581,S2-915410850,S3-638541983,S3-921601088
S1-153812231	
S1-379011225	
S1-724357454	
S1-8270119	
S1-122645436	
S1-850903307	
S1-831858658	
S1-677482679	
S1-998938906	S2-512863099,S2-772985419
S1-237822704	
S1-987331645	
S1-470024425	
S1-617658781	
S1-914650813	
S1-681533845	
S1-710219327	
S1-960715502	
S1-167981246	
S1-891035116	
S1-244482286	
S1-352564455	
S1-899133727	
S1-144827749	
S1-200829301	
S1-230341152	
S1-309371816	
S1-599556505	
S1-409894646	
S1-948468507	
S1-571582844	
S1-977882171	
S1-20040573	
S1-111978392	
S1-334772885	
S1-656233047	
S1-806934629	S3-330930479
S1-437908627	
S1-405091590	
S1-159249246	
S1-497395896	
S1-101800271	
S1-948002890	
S1-372699380	
S1-572540181	
S1-232677889	
S1-240300030	
S1-130747224	
S1-204787286	
S1-775454115	
S1-616998145	
S1-571272823	
S1-463726156	
S1-277762882	
S1-325485352	
S1-367381197	
S1-717808307	
S1-390409690	
S1-604730766	
S1-49726618	
S1-757054294	
S1-375241599	
S1-565316175	
S1-947265964	
S1-151030464	
S1-115885858	
S1-574326409	
S1-927965512	
S1-933834380	S3-480357859
S1-886278142	
S1-323443087	
S1-390927218	
S1-377044827	
S1-187666455	
S1-55554536	
S1-828639572	
S1-938415808	
S1-945435452	
S1-901627456	
S1-403584546	
S1-760875909	
S1-448938757	
S1-301720055	
S1-339214069	
S1-131688259	
S1-842206376	
S1-270032680	
S1-549330315	
S1-414545277	
S1-692424263	
S1-422823667	S2-782958098
S1-422617255	
S1-612770679	
S1-734502570	
S1-361878391	
S1-657089962	
S1-205124864	
S1-505666567	
S1-946752074	
S1-152832643	S2-12319116,S3-542824123
S1-866245500	
S1-403849078	
S1-475123475	
S1-424416808	
S1-479608765	
S1-866289656	
S1-855005305	
S1-746684353	
S1-316440148	
S1-276750291	
S1-102771597	
S1-346986478	
S1-72197215	
S1-409468034	
S1-46044953	
S1-185041276	
S1-233488846	
S1-502291069	
S1-787727279	
S1-651510582	
S1-334033275	
S1-525101032	
S1-46126146	
S1-735593161	
S1-348253561	
S1-697172589	
S1-505109817	
S1-178809818	
S1-43596540	
S1-771667804	
S1-264500978	
S1-89906767	
S1-887093209	
S1-939168950	
S1-337203109	
S1-465918321	
S1-263048080	
S1-586383362	
S1-757744521	
S1-799661835	
S1-37181702	
S1-499469600	
S1-613636545	
S1-338105259	
S1-172193821	
S1-833412872	
S1-996662508	
S1-476361546	
S1-819735197	
S1-474781372	
S1-202513059	
S1-240597107	
S1-154636396	
S1-27330099	
S1-394377750	
S1-570086264	
S1-730701522	
S1-361093848	
S1-728711296	
S1-730865484	
S1-550031802	
S1-941659900	
S1-324762659	
S1-595627643	
S1-257645062	
S1-13454436	
S1-544392540	
S1-263275892	
S1-189768196	
S1-967885472	
S1-857445710	
S1-231572731	
S1-559161481	
S1-893988754	
S1-930681339	
S1-434067860	
S1-687135529	
S1-628722339	
S1-445607577	
S1-877075018	
S1-757456004	
S1-80764558	
S1-863089865	
S1-212495766	
S1-594708865	
S1-658064417	
S1-58519633	
S1-176252273	
S1-219258072	
S1-460785806	
S1-583978205	
S1-228209411	
S1-318773251	
S1-643629852	
S1-498296224	
S1-447245573	S2-193673323,S2-244461000,S2-29569525,S2-470324870,S2-642909030,S2-879541485
S1-721650917	
S1-453113470	
S1-57306897	
S1-373890903	
S1-763249214	
S1-190932161	
S1-544829029	S2-695175095
S1-341159222	S2-174455503
S1-947274590	
S1-48173593	
S1-7496598	
S1-699645402	
S1-544458216	
S1-624989970	
S1-390113910	
S1-270420170	S2-185013334,S2-423000730,S3-798390923
S1-516607776	
S1-420160553	
S1-756503827	
S1-880880912	
S1-161076129	
S1-561960365	
S1-542102482	
S1-144674915	
S1-574026346	
S1-941353248	
S1-736833461	
S1-576856762	
S1-717006240	
S1-303064366	
S1-790560606	
S1-613783550	
S1-524321731	
S1-294318628	
S1-402967044	
S1-905469806	
S1-181966399	
S1-568964005	
S1-112260864	
S1-69205908	S2-346969873,S2-853027522,S3-524220025,S3-606159038
S1-796507096	
S1-988484599	S2-897575310
S1-724280006	S2-659774316
S1-54190183	
S1-882301890	
S1-623603592	
S1-139388421	
S1-81761802	
S1-762927933	
S1-501104011	
S1-554039808	
S1-332703455	
S1-199014020	
S1-612803965	
S1-632702764	
S1-89537501	
S1-210862397	
S1-152728810	
S1-465839849	S2-672563162
S1-129606907	
S1-478270795	
S1-314077933	
S1-3724026	S2-987194385
S1-574900325	
S1-926611217	
S1-644419867	
S1-4211903	
S1-757185778	
S1-140717425	
S1-801245203	
S1-722345260	
S1-527036663	
S1-59159117	
S1-425935249	
S1-273941995	
S1-483799108	
S1-907321035	S2-473295515
S1-108879780	
S1-103706011	
S1-978535654	
S1-49282526	
S1-663809513	
S1-736884581	
S1-950238810	
S1-221325460	
S1-912478646	
S1-288876432	
S1-500872053	
S1-662249970	
S1-365215381	
S1-32113095	
S1-794837954	
S1-56452237	
S1-65172748	
S1-374547271	
S1-518100323	
S1-518197446	
S1-546031917	
S1-811071364	
S1-435073837	
S1-24376718	
S1-337057968	
S1-418040968	
S1-458501833	
S1-833228415	
S1-488234881	
S1-124394227	
S1-663122374	
S1-78426255	
S1-359146920	
S1-168259999	
S1-718750140	
S1-638505613	
S1-112823334	
S1-751420958	
S1-169849769	
S1-195393959	S2-420814161,S2-640639990
S1-963678454	
S1-138215742	
S1-815328217	
S1-256751457	
S1-151600784	
S1-476387357	
S1-981795875	
S1-635390151	
S1-393839940	
S1-813501302	
S1-343090029	
S1-631303958	S2-724631818
S1-9096475	
S1-418618038	
S1-695863977	
S1-400747039	
S1-228255001	
S1-613539193	
S1-505287329	
S1-629991702	S2-196860811
S1-285834858	
S1-227174459	
S1-390616853	
S1-955197424	
S1-187518996	
S1-757043602	
S1-359685186	
S1-724716397	
S1-321142680	
S1-894762502	
S1-440396473	
S1-161775188	
S1-841972370	
S1-98344275	
S1-205985365	S3-250819391
S1-274846955	
S1-455016454	
S1-343982153	
S1-551565931	
S1-78456998	
S1-937024207	
S1-176009186	
S1-75967496	
S1-4065884	
S1-524276860	
S1-137686597	
S1-134218934	
S1-503866374	
S1-728543001	
S1-346536165	
S1-933248167	
S1-179408888	
S1-825479037	
S1-841080262	
S1-994537850	
S1-641281706	S3-812159896
S1-950493185	
S1-660008706	
S1-912920749	
S1-485233001	
S1-526041063	
S1-543991207	
S1-789993413	
S1-733553005	
S1-654795247	
S1-968215273	S2-522556457
S1-885745810	
S1-803644266	
S1-718435564	
S1-305278371	
S1-451436009	S3-758276793
S1-635745466	
S1-299944063	
S1-544666594	
S1-373615946	
S1-565113080	
S1-87312585	
S1-975001336	
S1-200729435	
S1-449014406	
S1-214199484	
S1-993139677	
S1-296748098	
S1-467612708	
S1-456977163	S2-429245631
S1-987790458	
S1-516504245	
S1-223085267	
S1-394281875	
S1-253386434	
S1-557701042	
S1-376476518	
S1-521021345	
S1-731853543	
S1-460117109	S2-112550664,S2-241940330,S2-246748717,S2-352931738,S2-543173344,S2-803146186
S1-458099686	
S1-640227213	
S1-840118499	
S1-77811288	
S1-92010556	
S1-712704483	
S1-899155024	S2-85178611
S1-921579013	
S1-684251738	
S1-791472207	
S1-496333919	
S1-108083030	
S1-897132534	
S1-104738800	S2-508760520
S1-601173670	
S1-846392654	
S1-960020675	S2-332225099
S1-83079965	
S1-205725545	
S1-461284121	
S1-508222612	
S1-880601864	
S1-687334641	
S1-708135822	
S1-211426639	
S1-172333584	
S1-197043467	
S1-15057917	
S1-515191765	
S1-252093174	S3-229848590
S1-558511750	
S1-793561940	
S1-191737952	
S1-641866226	
S1-365913258	
S1-36871336	
S1-833613122	S3-359011359
S1-895986398	
S1-473890660	
S1-678760170	
S1-672233625	
S1-652675944	
S1-236915191	
S1-99595492	S2-927607081
S1-398559545	
S1-431317155	
S1-17400953	
S1-917263894	
S1-183443248	
S1-862625408	
S1-438287638	
S1-146303715	
S1-373756261	
S1-882391126	
S1-660548070	
S1-502799087	
S1-242804128	
S1-866467139	
S1-67697852	
S1-228656428	
S1-531990402	
S1-221749902	
S1-276908618	
S1-242140925	
S1-376499160	
S1-356344335	
S1-311592481	
S1-358282985	
S1-775661239	
S1-16917795	
S1-278409160	
S1-425096730	
S1-619473488	
S1-79682816	
S1-981631569	
S1-568637057	
S1-152591116	
S1-932265754	
S1-143674493	
S1-545208031	S2-379470628
S1-401563806	
S1-951071111	
S1-318886898	
S1-949555372	
S1-921216241	
S1-995362392	
S1-543415563	
S1-478892087	
S1-978845099	
S1-473922737	
S1-923654133	
S1-311150909	
S1-291512820	
S1-123567135	
S1-5958493	
S1-679175993	
S1-487807402	
S1-363694338	
S1-408984692	
S1-866917347	
S1-512671796	
S1-624087768	
S1-132674673	
S1-467943121	
S1-201232884	
S1-129701983	
S1-221459737	
S1-657122886	
S1-258929342	
S1-239059919	
S1-589926906	
S1-185621497	S2-772985419
S1-92981084	
S1-948069007	
S1-864230105	
S1-520614437	
S1-673706677	
S1-137374785	
S1-27816074	
S1-987315383	
S1-710456628	
S1-699245456	
S1-389895777	
S1-219244898	
S1-739578785	
S1-680871574	
S1-384969579	
S1-224865500	
S1-21478246	S2-320003604
S1-194243304	
S1-933289830	
S1-714011811	
S1-93060705	
S1-570386428	
S1-54464183	S2-521485245,S2-865296385
S1-780385419	
S1-510171594	
S1-364829685	
S1-575710437	
S1-219596598	
S1-221293479	S2-65807310
S1-84230384	
S1-455454754	
S1-298875387	
S1-656636689	
S1-902655206	S2-556868318
S1-37797616	
S1-507380109	
S1-948859864	
S1-777330065	
S1-173188610	
S1-328897419	
S1-430591168	
S1-60539405	
S1-984552295	
S1-968739877	
S1-846833029	
S1-810005324	
S1-943701517	S2-13072938,S2-20869901,S2-220733207,S2-790883248,S3-170859479,S3-197081371,S3-280541618,S3-281302626,S3-43056314,S3-489941683
S1-561729237	
S1-994571944	
S1-97297146	
S1-763298609	
S1-332363465	
S1-350083324	
S1-234794629	S3-813624164
S1-898337945	
S1-422628911	S2-411014006
S1-376216727	
S1-683199001	
S1-979104052	
S1-909143458	
S1-656348532	
S1-878607228	
S1-322760691	
S1-772792300	
S1-541604416	
S1-561793602	
S1-968329492	
S1-966342572	
S1-910473925	
S1-34467296	
S1-649470033	
S1-511467687	
S1-627965397	
S1-632192208	
S1-788955536	
S1-515945815	
S1-157708016	
S1-794642343	
S1-533276979	
S1-774151533	
S1-809710133	
S1-986221919	
S1-729345325	
S1-140234304	
S1-110051425	
S1-448362925	
S1-333951312	
S1-918785963	
S1-363387213	
S1-889015551	
S1-379697023	
S1-639764375	
S1-110099234	
S1-580191952	
S1-992998394	
S1-124008578	
S1-77394474	
S1-740923891	
S1-708899539	
S1-392570331	
S1-274338504	
S1-430781126	
S1-314051237	
S1-751648676	
S1-519777340	
S1-702900792	
S1-848791172	
S1-429773678	
S1-584035894	
S1-717076880	
S1-402371738	
S1-147552568	
S1-475728543	
S1-425941287	
S1-368903475	
S1-967448247	
S1-736015002	
S1-471137462	
S1-459775592	
S1-887078973	
S1-52733676	
S1-460320564	S3-101962562
S1-618891544	
S1-7267562	
S1-343520907	
S1-996139470	
S1-332841523	
S1-753741816	
S1-131912969	
S1-553970019	
S1-653512986	
S1-761261774	
S1-777136779	S3-137246917
S1-57432682	
S1-193417512	
S1-675349783	
S1-850231341	
S1-55975658	S2-258925491,S3-654708839
S1-439965858	
S1-963296073	
S1-741939113	
S1-605132638	
S1-583870408	
S1-500379951	
S1-464836446	
S1-71674461	
S1-790382551	
S1-690420510	S3-135322683
S1-640416043	
S1-614455245	
S1-440963048	
S1-793389184	
S1-547961154	
S1-808369470	
S1-327377977	
S1-647218264	
S1-970546567	
S1-7757356	
S1-41728494	
S1-999935265	
S1-49651588	
S1-537037743	
S1-366624235	
S1-528954542	
S1-91097814	
S1-949292627	
S1-259508592	
S1-789525691	
S1-215791843	
S1-438600953	
S1-326720564	
S1-913875300	
S1-371574597	
S1-741554425	
S1-27837146	S2-548973387,S2-955876497
S1-250061606	
S1-119685383	
S1-33467452	
S1-594134009	
S1-621021410	
S1-66315121	
S1-344948483	
S1-40574874	
S1-454272611	
S1-801415066	S2-77530297
S1-322765669	
S1-494049274	
S1-280407704	
S1-114011587	
S1-367544083	
S1-897644595	
S1-546932498	
S1-131421481	
S1-349086266	
S1-722880516	
S1-392085426	
S1-464259159	
S1-147100914	S3-167168008
S1-83189500	
S1-120604532	
S1-231222622	
S1-655737093	S2-877969145
S1-500486330	S3-973902061
S1-283668292	
S1-296856769	
S1-597629337	
S1-218061871	
S1-534009367	
S1-453624747	
S1-23956808	
S1-741396331	
S1-306901587	
S1-750658789	
S1-157121621	
S1-232768194	
S1-10845189	
S1-281931501	
S1-921490156	
S1-646258650	
S1-156316037	
S1-539145015	
S1-40441262	
S1-594640993	
S1-644770716	
S1-741038178	
S1-276543864	
S1-274952621	S3-577456115
S1-501585034	
S1-592388605	
S1-589749885	
S1-605719090	S2-674262035
S1-988186225	
S1-161044915	
S1-52992753	
S1-417288926	
S1-697286557	
S1-433977384	
S1-218967042	
S1-255047188	
S1-418529585	
S1-383684340	
S1-262457066	
S1-51986832	
S1-872682860	
S1-247880415	
S1-144322161	
S1-531089446	
S1-916631966	
S1-901689576	
S1-401505231	
S1-683785504	
S1-69450646	
S1-551573165	
S1-506108604	
S1-296960626	
S1-481549431	
S1-315133887	
S1-9192115	
S1-640077902	
S1-379141	
S1-408164118	
S1-639024757	
S1-162377309	
S1-968394529	
S1-715968943	
S1-655822957	
S1-266673132	
S1-357370182	
S1-791843010	
S1-115246987	
S1-722307224	
S1-191719580	
S1-212666597	
S1-572586464	
S1-405363546	
S1-368390263	
S1-317264159	
S1-344325713	
S1-893497567	
S1-50996838	
S1-766691296	
S1-272925102	
S1-616326047	
S1-1741400	
S1-355521809	
S1-813895844	S3-194646104
S1-378504740	
S1-433631329	
S1-137050483	
S1-486753713	
S1-695662340	
S1-207390239	S3-988082226
S1-523907115	
S1-938409945	
S1-909211731	
S1-989824551	
S1-461136934	
S1-980762686	
S1-421843668	
S1-959776900	
S1-122513065	
S1-549029093	
S1-724922746	
S1-408037658	
S1-933654888	
S1-948647349	
S1-659773823	
S1-867041285	
S1-573292180	
S1-326978992	
S1-935767201	
S1-702465744	
S1-637811161	
S1-278620369	
S1-484952625	
S1-716393576	
S1-817831633	
S1-826226469	
S1-182116977	
S1-960804670	
S1-588273478	
S1-247257861	
S1-757798424	
S1-62424506	
S1-998120075	
S1-910515315	
S1-189858156	
S1-741334072	
S1-826095426	
S1-827281599	
S1-822503975	
S1-475841678	
S1-588915407	
S1-404725135	
S1-19783999	
S1-999488571	
S1-603758676	
S1-680333275	
S1-417594273	
S1-178787463	
S1-449462671	
S1-882877527	
S1-942194679	
S1-375057769	
S1-783839060	
S1-804274586	
S1-391155250	
S1-531648870	S2-920278677
S1-948528556	
S1-228306430	
S1-50897949	
S1-145311497	S2-243287682
S1-63435734	
S1-31973102	
S1-31307617	
S1-176108557	
S1-849668322	
S1-22404373	
S1-568531745	
S1-39645784	
S1-204500662	
S1-78079383	
S1-8651801	
S1-383200664	
S1-639843893	
S1-138972192	
S1-776351796	
S1-984336378	S3-977326807
S1-58677062	
S1-929118693	
S1-628858647	
S1-135538922	
S1-207071552	
S1-421272264	
S1-75012434	
S1-416250765	
S1-120036257	
S1-217057031	
S1-105645705	
S1-984655760	
S1-865844515	
S1-63643505	
S1-460404648	
S1-204633862	
S1-527417046	
S1-754110798	
S1-225934674	
S1-461308988	
S1-414594872	
S1-433705238	
S1-236075596	
S1-873923616	
S1-600972536	
S1-624631749	
S1-911314878	
S1-345841664	
S1-453283634	
S1-722352183	
S1-17664535	
S1-553164546	
S1-397330887	
S1-12414995	
S1-323351825	
S1-7159153	
S1-451962110	
S1-48305912	
S1-900362035	
S1-687388001	
S1-477729601	
S1-349220827	
S1-374172304	
S1-773085757	
S1-8111647	S2-13072938,S2-790145633,S2-816390814,S3-174497076,S3-369941843,S3-489941683
S1-709739042	
S1-887424530	
S1-53237139	
S1-292705274	
S1-10626835	
S1-20704533	
S1-882547910	
S1-575729935	
S1-744887328	
S1-821655965	
S1-941210891	
S1-995762992	
S1-956242615	
S1-191435440	
S1-884886849	
S1-52427747	
S1-278692376	
S1-981706344	
S1-821561465	
S1-877051105	
S1-993444407	
S1-636183890	
S1-881830888	
S1-667654653	
S1-914253079	
S1-100671480	
S1-50066065	S2-124031933
S1-331409561	
S1-551689785	
S1-479226545	
S1-580313607	
S1-797762002	
S1-368758395	
S1-962839658	
S1-935051472	
S1-822546824	
S1-982928843	
S1-380226084	
S1-169369935	
S1-254982694	
S1-727307703	
S1-857630401	
S1-382111907	
S1-929334857	
S1-826781414	
S1-306285603	
S1-385600433	
S1-123513685	
S1-325179103	
S1-614929837	
S1-848638163	
S1-415948714	
S1-455378327	
S1-432090025	
S1-217175031	
S1-721886233	
S1-744043836	
S1-679972350	
S1-722049954	
S1-655763539	
S1-522794804	
S1-618539259	
S1-961053975	
S1-340189660	
S1-714914571	
S1-28347314	
S1-829648777	
S1-212961071	
S1-586546189	
S1-804924600	S2-792150074
S1-321815884	
S1-75795774	
S1-91884021	
S1-308006813	
S1-151683654	
S1-488807082	
S1-497642310	
S1-836414414	
S1-942982160	
S1-299141402	
S1-455050858	
S1-317196085	
S1-152410135	
S1-947553029	
S1-260927581	
S1-262998850	
S1-585240331	
S1-471871549	
S1-160460551	
S1-933939219	
S1-39808900	
S1-389665277	
S1-799931538	
S1-245890620	
S1-130967036	
S1-394674055	
S1-965074319	
S1-15401440	
S1-133846251	
S1-739606535	
S1-32758223	
S1-806588707	
S1-208469981	
S1-412926866	
S1-692979648	
S1-423820963	
S1-977876246	
S1-790336437	
S1-727122870	
S1-517495492	S2-560796320
S1-552756384	
S1-368471051	
S1-919377237	
S1-325654651	
S1-791079015	
S1-416044100	
S1-151050209	
S1-476302030	S3-963643947
S1-937827395	
S1-686377962	
S1-858351243	
S1-502109543	
S1-394172825	
S1-605242066	
S1-512766267	
S1-647100249	
S1-243616969	
S1-719042900	
S1-841385901	
S1-931089059	S3-242584352
S1-939604559	
S1-110915427	
S1-780547539	
S1-785507649	
S1-166280641	
S1-839762503	
S1-969279253	
S1-101916669	
S1-254827754	
S1-735261019	
S1-875852208	
S1-420395018	
S1-344895256	
S1-774240807	
S1-925027837	
S1-482090473	
S1-259013475	
S1-302310532	
S1-930167925	S2-110173481
S1-211436120	
S1-492772516	
S1-582506176	
S1-875825413	
S1-14320096	
S1-720076341	
S1-846253043	
S1-608269572	
S1-100097160	
S1-168340489	
S1-847614200	
S1-902952855	
S1-428699602	
S1-43723566	
S1-63160245	
S1-893083987	
S1-671183648	
S1-623232639	
S1-854756457	
S1-975810344	
S1-732485732	
S1-336130195	
S1-872662229	S2-399597228,S2-971258085
S1-399792154	
S1-502713470	
S1-965486742	
S1-896669514	
S1-332550805	
S1-966656222	
S1-95129151	
S1-9663034	
S1-422919713	
S1-23834628	
S1-437076927	
S1-506748355	
S1-785384834	
S1-598780912	
S1-499553695	
S1-716656768	
S1-562348369	
S1-514334548	
S1-7875230	
S1-908612343	
S1-517204634	
S1-77005779	
S1-113486288	
S1-764002340	
S1-215732272	
S1-53092708	
S1-908077040	
S1-166677127	
S1-236145941	
S1-413661334	
S1-622274315	
S1-388862948	
S1-953747759	
S1-321865588	
S1-103770878	
S1-21396971	
S1-804367157	
S1-881193445	
S1-47666320	
S1-599526473	
S1-352484886	
S1-857030148	
S1-289592851	
S1-275778357	
S1-720492993	
S1-559705276	
S1-724454930	
S1-10674204	
S1-957890843	
S1-331564025	
S1-341314497	
S1-267123728	
S1-243869171	
S1-11297342	S3-269316890
S1-928991068	
S1-693665210	
S1-958776263	
S1-952407368	
S1-217765585	
S1-684747477	
S1-552953821	
S1-308922086	
S1-970678001	
S1-289058075	
S1-151699112	
S1-816069069	
S1-952391036	
S1-701475828	
S1-850738471	
S1-42216765	
S1-636663929	
S1-210995447	
S1-906582008	
S1-91112920	
S1-920835903	
S1-255700793	
S1-119793459	
S1-955787992	
S1-465442453	
S1-580286348	
S1-608295423	S2-441210915
S1-401181926	
S1-572206247	
S1-178777649	
S1-93200850	
S1-799125844	
S1-323590473	
S1-132711147	
S1-821976819	
S1-16592515	
S1-882539483	
S1-388542893	
S1-278842102	
S1-872494225	S2-258925491,S3-682461332
S1-925644479	
S1-178258566	
S1-99852742	
S1-502505640	
S1-910164405	
S1-264625297	
S1-889875954	
S1-801854896	
S1-54801262	
S1-884645776	
S1-485826963	
S1-422169411	
S1-382579288	
S1-726918338	
S1-416731372	
S1-115405780	
S1-714653711	
S1-443701700	
S1-863094626	
S1-96334532	
S1-772413347	
S1-333734234	S2-261149262
S1-457709426	
S1-195062468	
S1-379924988	
S1-587614728	
S1-596878937	
S1-728185448	
S1-12293617	
S1-180681588	
S1-238873970	
S1-313145490	
S1-709914624	
S1-470699283	
S1-962209795	
S1-893925385	
S1-479734881	
S1-779597926	
S1-480806032	
S1-76957428	
S1-991900318	
S1-379033486	
S1-757072247	
S1-626060859	
S1-63682260	
S1-635990060	
S1-118949031	
S1-916237329	
S1-349714378	
S1-624934074	
S1-188370341	
S1-9689051	
S1-535123946	
S1-403672972	
S1-910747945	
S1-490283337	
S1-613089997	S2-104192106,S2-170054697
S1-281748449	
S1-118439638	
S1-425986134	
S1-282958702	
S1-118587838	
S1-145128462	
S1-303587534	
S1-527394378	S2-153478719
S1-970771531	
S1-464173187	
S1-728853563	
S1-450244039	
S1-809332285	
S1-419679697	
S1-283100815	
S1-6812735	
S1-796677556	
S1-486301194	
S1-754556615	
S1-94244330	
S1-266581745	
S1-500128530	
S1-701836492	
S1-568542427	
S1-146348987	
S1-854082861	
S1-406422516	
S1-468037745	
S1-683049543	
S1-553246905	
S1-104488184	
S1-333227804	
S1-727711917	
S1-269991147	
S1-336300303	
S1-799003346	
S1-558950822	
S1-995425360	
S1-702103023	
S1-402725762	
S1-815730755	S3-205220467
S1-108276728	
S1-973320675	S3-270849173,S3-536569155
S1-745181502	
S1-935613074	
S1-957595166	
S1-642800367	
S1-419924328	
S1-981791708	
S1-607762145	
S1-961127990	
S1-183339948	S2-87875323
S1-242403841	
S1-998270300	
S1-22625101	
S1-488003025	
S1-243601469	
S1-585436260	
S1-327764402	S2-785893047,S2-876034989,S3-233447411
S1-683189814	
S1-162975711	
S1-499582175	
S1-639647210	
S1-895226818	
S1-696558905	
S1-918169154	
S1-721650203	
S1-176442034	
S1-208108614	
S1-498795006	
S1-384008311	
S1-752595416	
S1-807052404	
S1-884256306	
S1-609303756	
S1-939150170	
S1-532683773	
S1-819473078	
S1-404585767	
S1-272836823	
S1-783136054	
S1-282736170	
S1-729451095	
S1-369404536	
S1-69095872	
S1-455804773	
S1-781113477	S2-664684263
S1-355629455	
S1-786725149	
S1-812138277	
S1-998503378	
S1-315261272	
S1-543158800	
S1-273647555	
S1-254592401	
S1-639133249	
S1-739914777	
S1-893396343	
S1-372298959	
S1-438530334	
S1-632722199	
S1-663585806	
S1-595771852	S2-342110142
S1-121114983	
S1-699863831	
S1-102349928	
S1-377652900	
S1-816464897	
S1-863093170	
S1-312790952	
S1-338906718	
S1-780777637	
S1-584826885	
S1-883768294	
S1-234961114	
S1-482565809	
S1-361277425	S2-122377908
S1-627538083	
S1-272084989	S2-452429340
S1-312921861	
S1-329862347	
S1-731477130	S2-496509172,S2-509215667,S3-702775587
S1-831108831	
S1-747608808	
S1-233535808	
S1-993168989	
S1-250379878	
S1-176258615	
S1-271692063	
S1-387926132	
S1-372390645	
S1-20740841	
S1-763737713	
S1-255019889	
S1-401904030	
S1-545377346	
S1-890941375	
S1-84927133	
S1-132349940	S2-132741297,S2-132805742,S3-64079929
S1-520611992	
S1-935467742	
S1-429334341	
S1-948154115	
S1-874592424	
S1-142427829	
S1-180344243	
S1-9171222	
S1-874887200	
S1-987262446	
S1-514790894	S2-710036756
S1-100673785	
S1-724289365	
S1-619595792	
S1-282719567	
S1-809421425	
S1-35803239	
S1-298756024	
S1-167751203	
S1-606324651	
S1-984768012	S2-367171073
S1-762115177	
S1-321235268	
S1-147415649	
S1-662536685	
S1-694080431	
S1-29952434	
S1-453533181	
S1-973378525	
S1-850221477	S2-221686525,S2-356920100,S2-419699033,S2-470144907,S2-698489713
S1-170372593	
S1-851116551	
S1-577133518	
S1-387946162	
S1-348676955	
S1-789737840	
S1-44722773	
S1-29526636	
S1-31339036	
S1-421253749	
S1-936956339	
S1-747058950	
S1-290853559	
S1-988496057	
S1-561156105	
S1-484101165	
S1-950606001	
S1-882923334	S2-251860012,S2-51435294,S2-926387302,S2-991736902,S3-404281660,S3-618110846
S1-911053720	
S1-231593020	
S1-102638095	
S1-281452308	
S1-187616209	
S1-580929651	
S1-660472123	
S1-527283680	
S1-918129807	
S1-970521828	
S1-601396909	
S1-591569983	
S1-40978046	
S1-14998881	
S1-582225997	
S1-74485754	
S1-418751225	
S1-995121027	
S1-12959749	S2-125539487
S1-767794658	
S1-246388240	
S1-460629368	
S1-403461297	
S1-610291974	
S1-669803300	
S1-404920846	
S1-533276398	
S1-150663360	
S1-150868286	
S1-302396427	
S1-311026402	
S1-583000969	
S1-704842762	
S1-530721009	S2-906190563,S3-5269429,S3-757454518
S1-366403781	
S1-394020202	
S1-225073207	
S1-532886950	
S1-664091837	
S1-453117586	
S1-625924104	
S1-582808284	
S1-322413604	
S1-934493113	
S1-270123230	
S1-917506067	
S1-431863192	
S1-449892421	
S1-826583282	
S1-480110188	
S1-397229274	
S1-478509086	
S1-287995407	
S1-155650474	
S1-113030941	
S1-670949000	S2-112550664,S2-288640628,S2-352931738,S2-543173344
S1-68056967	
S1-487300190	
S1-364637562	
S1-621971581	
S1-710917189	
S1-488120035	
S1-822757224	
S1-851919135	
S1-593040607	
S1-311915150	
S1-701843614	
S1-567771401	
S1-855990817	
S1-979740912	
S1-793194026	
S1-325463902	
S1-489956324	
S1-673610046	
S1-169957997	
S1-807038234	
S1-594477872	
S1-736353359	
S1-343798606	
S1-155540279	
S1-847117838	
S1-521126518	
S1-552766194	
S1-968159872	
S1-301782268	
S1-345313670	
S1-203367011	
S1-209405155	
S1-576514668	
S1-373078104	
S1-248990799	
S1-431757161	
S1-850358628	
S1-716162487	
S1-237887870	
S1-741185739	
S1-795725040	
S1-492659046	
S1-834929672	
S1-973624986	
S1-614806389	
S1-403996916	
S1-11643604	
S1-325116927	
S1-906231523	
S1-638366564	
S1-63653500	
S1-238307333	
S1-891887358	
S1-191110698	
S1-70858081	
S1-744902772	S2-302972238
S1-595317018	
S1-173507291	
S1-99466229	
S1-252674179	
S1-974377725	
S1-975892571	
S1-149333281	
S1-207143630	
S1-70373463	
S1-588916160	
S1-628781634	
S1-211432104	
S1-112392861	
S1-811724527	
S1-212995098	
S1-340474482	S2-338507099
S1-104712829	
S1-638233260	
S1-681742023	
S1-474657475	
S1-176271484	
S1-894180372	
S1-283172128	
S1-726746849	S2-592097356,S2-805173659,S3-179516856
S1-708758016	
S1-385298252	
S1-572729048	
S1-905530301	
S1-267849448	
S1-385569364	
S1-70256132	
S1-914244645	
S1-653929781	
S1-229417551	
S1-541291246	
S1-192631485	
S1-167425315	
S1-60451250	
S1-968984343	
S1-624479027	
S1-259585466	
S1-46318857	
S1-184625544	
S1-284022359	
S1-27067167	
S1-669592210	
S1-199756136	
S1-480133415	
S1-211180066	
S1-869211822	
S1-45128184	
S1-101751892	
S1-661408771	
S1-309016104	
S1-632109592	
S1-955159329	
S1-781926467	
S1-548818010	
S1-780902032	
S1-113165641	
S1-715871586	
S1-739475649	
S1-375155417	
S1-350612789	
S1-311409270	
S1-477181128	
S1-637333244	
S1-276156196	
S1-111219808	
S1-415112681	
S1-431165864	S2-237113366
S1-790759335	
S1-984136003	
S1-789517167	
S1-61969325	
S1-770822414	
S1-947588451	
S1-806998676	
S1-912472806	
S1-218660122	
S1-388998293	
S1-959588344	
S1-170230490	
S1-302872367	
S1-104821138	
S1-200445964	
S1-739047093	
S1-323646912	
S1-93618338	
S1-665100684	
S1-106178228	S2-799342669
S1-904543367	
S1-560597986	
S1-382646009	
S1-833023507	
S1-406948946	
S1-893898409	
S1-3214697	
S1-801471162	
S1-798135000	
S1-919842614	S3-79954071
S1-505612609	
S1-108715214	
S1-279997306	
S1-537976913	
S1-932744383	
S1-880371416	
S1-567259304	
S1-14446478	
S1-462659730	
S1-240585693	
S1-221484924	S2-883799231
S1-794257935	
S1-597989668	
S1-752339413	
S1-312261600	
S1-887339121	S2-132805742,S2-530247686,S3-64079929
S1-75194385	
S1-848318999	
S1-657806406	
S1-526287964	
S1-502009635	
S1-974950518	
S1-531010541	
S1-888259653	
S1-772798989	
S1-410013258	
S1-122743375	
S1-796913310	
S1-42306430	
S1-19313747	
S1-797800482	
S1-56218255	
S1-226810083	
S1-328349859	
S1-450986104	
S1-976143636	
S1-996378120	
S1-10665167	
S1-234002428	
S1-611478201	
S1-621737290	
S1-765457447	
S1-513187416	
S1-867236344	
S1-754038625	
S1-441847104	
S1-174122342	
S1-702003501	
S1-424758605	
S1-989750640	
S1-24327690	
S1-324150389	
S1-553197776	
S1-651935604	
S1-35032686	
S1-897135968	
S1-920019274	
S1-914658031	
S1-318679211	
S1-521694337	
S1-464092864	S2-489173239
S1-939297316	
S1-101176679	
S1-476807347	
S1-126443963	
S1-335506849	
S1-280675715	
S1-698787929	
S1-200255522	
S1-878427064	
S1-256305204	S2-193283408
S1-158183626	
S1-178349722	
S1-134229320	
S1-491693394	
S1-417095676	
S1-941189309	
S1-541718428	
S1-941020234	
S1-684302640	
S1-693709664	
S1-962756989	
S1-423872480	
S1-869429476	
S1-501984768	
S1-577004089	
S1-133310808	
S1-498652923	
S1-250189368	
S1-8041428	
S1-769738927	
S1-992209525	
S1-423119021	
S1-560676125	
S1-323140729	
S1-246549469	
S1-398021722	
S1-606935579	
S1-518320698	S2-367970872,S3-54861720
S1-631471292	
S1-598129475	
S1-479853241	
S1-624129427	
S1-233393098	
S1-618577382	
S1-459384540	
S1-381557130	
S1-18078615	
S1-992499581	
S1-79101611	
S1-988756847	
S1-714518202	
S1-414240651	
S1-276484277	
S1-457272652	
S1-945622428	
S1-287681237	
S1-490481302	
S1-702876950	
S1-305164201	
S1-862134169	
S1-15314713	
S1-617172733	S2-102002062,S2-259463679
S1-68400937	
S1-747758895	
S1-899395360	
S1-752572952	
S1-600927861	
S1-6889209	
S1-873733858	
S1-340640749	
S1-832969536	
S1-875411866	
S1-789859028	
S1-267438252	
S1-746069270	
S1-640698584	
S1-4054432	
S1-28151143	
S1-831415089	
S1-33450918	
S1-557035458	
S1-309877764	
S1-560774917	
S1-74398923	
S1-846433042	
S1-255220969	
S1-625625709	
S1-196547766	
S1-453516108	
S1-259099539	
S1-577596388	
S1-454681811	
S1-124644510	
S1-840264723	
S1-336067425	
S1-864352004	
S1-876757924	
S1-990961532	
S1-202364733	
S1-782448155	
S1-633155879	
S1-182064629	
S1-999222294	
S1-829044389	S3-87131780
S1-220241813	
S1-556072275	
S1-49007985	
S1-443359816	
S1-912686294	S2-812182853
S1-749764121	
S1-648058026	
S1-765657169	
S1-199014802	
S1-312793582	
S1-830184460	
S1-714271675	
S1-524199143	
S1-428231861	
S1-821159340	
S1-536759158	
S1-732981167	
S1-2617203	
S1-171554269	
S1-550851140	
S1-248395911	
S1-402553975	
S1-393015584	
S1-355116984	
S1-98648032	
S1-184836980	
S1-815607943	
S1-860432375	
S1-502413315	
S1-854439733	
S1-45951952	
S1-301808695	
S1-462516598	
S1-612349633	
S1-98532203	
S1-953931986	
S1-859481943	
S1-810780351	
S1-793848409	
S1-779267200	
S1-863311286	
S1-126919567	
S1-499643492	
S1-971506467	
S1-609375413	
S1-581649426	
S1-660073375	
S1-948116081	
S1-993638607	
S1-972312696	
S1-575252408	
S1-552475489	
S1-733649188	
S1-661521159	
S1-859875658	
S1-801623288	
S1-40241774	
S1-396852852	
S1-998500016	
S1-832020751	
S1-770392053	
S1-862132235	
S1-469069609	
S1-430801123	
S1-390159980	
S1-231604515	
S1-216242547	
S1-377686166	
S1-679442038	
S1-768229625	
S1-386717680	
S1-4013277	
S1-804774198	
S1-391885700	
S1-677497693	
S1-333096953	
S1-956612580	
S1-770886422	
S1-278476547	
S1-742589625	
S1-229130064	
S1-489296799	
S1-424579713	
S1-66300624	
S1-883114998	
S1-252641367	
S1-829359127	
S1-940710710	
S1-483190045	
S1-956180713	
S1-290297492	
S1-993039522	
S1-207253311	
S1-216226022	
S1-49332832	
S1-560299026	
S1-455026449	
S1-326544678	
S1-101304770	
S1-613870928	
S1-28037069	
S1-983457678	
S1-632807216	
S1-231023870	S2-189773090
S1-737396204	
S1-49006704	
S1-924653871	
S1-550386626	
S1-90843268	
S1-399597777	
S1-601829318	S2-194482594
S1-486233294	
S1-693979271	
S1-222340736	
S1-693745118	
S1-13480743	
S1-645118670	
S1-621304326	
S1-905756827	
S1-760991607	
S1-818872780	
S1-395513709	
S1-508275102	
S1-411156881	
S1-479904821	
S1-942729219	
S1-257656119	
S1-153993766	
S1-952962246	S2-225052205,S2-328227277,S2-346644481,S2-471303511,S2-519920719,S2-728767898,S2-919924109,S2-994528455,S3-117250439,S3-343388041,S3-371367532,S3-379835856,S3-571327237,S3-660080086,S3-76344055,S3-857183109
S1-31415318	
S1-54923791	
S1-185459167	
S1-225629726	
S1-85167687	
S1-586679960	
S1-879462943	
S1-411637712	
S1-586142377	
S1-761714552	
S1-245737047	
S1-705116102	
S1-767882622	
S1-872818125	S3-134282659
S1-975113216	
S1-617610604	
S1-658418441	
S1-394880380	
S1-574602096	
S1-746448558	
S1-619471681	
S1-637438485	
S1-187604199	
S1-432781673	
S1-331323541	
S1-254142099	
S1-799167817	
S1-364429967	
S1-23352092	
S1-430431603	
S1-196875459	
S1-537003982	
S1-53803856	
S1-995831246	
S1-57603482	
S1-627386011	
S1-879484222	
S1-957745810	
S1-546205658	
S1-332168431	
S1-799351001	
S1-949997884	
S1-254193141	
S1-157831924	
S1-399610903	
S1-419533801	
S1-756715407	
S1-503955898	
S1-991008414	
S1-461362521	
S1-551938655	
S1-284854691	
S1-185152044	
S1-441085756	
S1-460380371	
S1-811871618	
S1-836382762	
S1-512545011	S3-323747128
S1-326268523	
S1-266185296	
S1-811044132	
S1-690292416	
S1-773018744	
S1-492906910	
S1-36040125	
S1-335351006	
S1-570470282	
S1-283075775	
S1-45634995	
S1-975565828	
S1-609098850	
S1-518701899	
S1-770029971	
S1-766285297	
S1-266546389	
S1-304278365	
S1-924429101	
S1-598812796	
S1-23434440	
S1-394179830	
S1-933392807	
S1-177908694	
S1-15476742	
S1-925926890	
S1-694239424	
S1-632899036	
S1-846342283	
S1-260819134	
S1-437753793	
S1-807837133	
S1-347322631	
S1-30042872	
S1-9188327	
S1-215435646	
S1-435254953	
S1-410902211	
S1-247505927	S3-955382355
S1-746576775	
S1-127624432	S2-6373637
S1-441544783	
S1-219648574	
S1-753383535	
S1-846143603	
S1-334508174	
S1-286196050	
S1-144375247	S3-762321162
S1-655091465	
S1-171603638	
S1-570571974	
S1-978508005	
S1-342616997	
S1-740529655	
S1-687213864	
S1-636468986	
S1-519172996	
S1-800241274	
S1-621313614	
S1-411605733	
S1-205252091	
S1-55834632	
S1-605912033	
S1-869742051	
S1-924317256	
S1-865369475	S2-20869901,S3-170859479,S3-280541618,S3-369941843
S1-328445457	
S1-258619045	
S1-734696390	
S1-25908730	S2-670437611
S1-456851379	
S1-886693746	
S1-662999816	
S1-335755261	
S1-926312008	
S1-918512599	
S1-759859610	
S1-845181046	
S1-666337038	
S1-881329565	
S1-753501879	
S1-737278080	
S1-975745982	
S1-894057895	
S1-250707118	
S1-604110376	
S1-480444911	
S1-87484778	
S1-391464104	
S1-341793306	
S1-158158832	
S1-971062041	
S1-146133931	
S1-73659455	
S1-657690659	
S1-42634506	
S1-255229267	
S1-85700912	
S1-454276343	
S1-851612071	
S1-901333116	
S1-200394765	
S1-577343	
S1-690181278	
S1-276251065	
S1-563917522	
S1-473457689	
S1-593348038	
S1-219213676	
S1-861083344	
S1-710160350	
S1-216732746	S2-240440098,S2-309385659,S2-465593416
S1-601360698	
S1-50597787	
S1-399925249	
S1-579805471	S2-704702813
S1-251431197	
S1-325357790	
S1-588099644	
S1-173093773	
S1-204706507	
S1-936544996	
S1-615999924	
S1-95200915	S3-168009791
S1-177895341	
S1-704621306	
S1-153916790	
S1-381305676	
S1-486385242	
S1-145050345	
S1-478213741	
S1-587736622	
S1-374945689	
S1-922607742	
S1-343110002	
S1-584306555	
S1-709773382	
S1-513765520	
S1-665039497	
S1-298778305	
S1-740406577	
S1-924532815	
S1-555325063	
S1-439955498	
S1-310321175	
S1-667861112	
S1-59132009	
S1-449413705	
S1-193702107	
S1-251019079	
S1-939647802	
S1-768990602	
S1-264922258	
S1-647321328	S2-287858288
S1-939669332	
S1-762472111	S2-907485882
S1-720552729	
S1-996328638	
S1-28114767	
S1-254026741	
S1-899308691	
S1-85521930	
S1-469119922	
S1-586700147	
S1-515716864	
S1-722930303	
S1-392342984	
S1-188679071	
S1-506998765	
S1-300726239	
S1-70432710	
S1-725229684	
S1-109563269	
S1-708959814	
S1-91156658	
S1-578634517	
S1-631682140	
S1-793271905	
S1-553117443	
S1-80211882	
S1-137962168	
S1-123578078	
S1-778198495	
S1-200990590	S3-961276600
S1-240382743	
S1-928523091	
S1-231213901	
S1-345256536	
S1-957510117	
S1-422941813	
S1-513735973	
S1-873081260	
S1-428588695	
S1-732553859	
S1-484196361	S3-119654340
S1-280518178	
S1-179351778	
S1-331827045	
S1-47194396	
S1-243877803	
S1-232428613	
S1-595931205	
S1-422055646	
S1-235671930	
S1-17937574	
S1-307761201	
S1-491858873	
S1-90796450	S2-330334407
S1-882044873	
S1-19075370	
S1-402013812	
S1-79180980	
S1-518313460	
S1-345972596	S2-185013334,S2-724631818
S1-75175978	S2-521485245,S2-626761254,S2-865296385
S1-703008227	
S1-270393416	S2-112550664,S2-202312555,S2-543173344,S2-681038146,S2-6815110,S3-459550291,S3-751163531
S1-629090665	
S1-14950641	
S1-749993647	
S1-240027936	
S1-33509786	
S1-600269406	S2-765829266
S1-208574700	
S1-989592025	
S1-512100937	
S1-549033376	
S1-638871109	
S1-771436339	
S1-968370024	
S1-592912881	
S1-983570232	
S1-787261008	
S1-910576633	
S1-327507180	
S1-741178785	
S1-142061278	
S1-690693780	
S1-532225593	
S1-359021712	
S1-847038786	
S1-748532243	
S1-37195847	
S1-931036392	
S1-712944027	
S1-696160245	
S1-223737985	
S1-257917460	
S1-810468748	
S1-732143211	
S1-280043822	
S1-880112193	
S1-288386115	
S1-506685982	
S1-956503062	
S1-246755551	
S1-7440588	
S1-11326174	
S1-372665989	
S1-314381124	
S1-590774469	
S1-992977821	
S1-641658304	
S1-994535461	
S1-312266710	
S1-691963766	
S1-238765919	
S1-669439022	
S1-933684115	
S1-109719353	
S1-326576338	
S1-464082904	
S1-801507351	
S1-525506877	
S1-127947127	
S1-201470287	
S1-162115650	
S1-677075317	
S1-462728377	
S1-797088212	
S1-359541621	
S1-694136542	
S1-684564451	
S1-565457191	
S1-363468298	
S1-976872875	
S1-690308737	
S1-193163318	
S1-951847581	
S1-221603117	
S1-277577538	S2-409537228
S1-740743596	
S1-602472277	
S1-205829787	
S1-507999855	
S1-763065756	
S1-498000038	
S1-151229123	
S1-59556114	
S1-956189078	
S1-42940924	
S1-486110722	
S1-120397130	
S1-197648227	
S1-429272518	
S1-115012381	
S1-989246976	
S1-660533003	
S1-938724840	
S1-35188395	
S1-815484612	S3-270849173,S3-536569155
S1-489927891	
S1-681147519	
S1-709142293	
S1-852325570	
S1-525354219	
S1-888813873	
S1-93060097	
S1-331962262	
S1-701187905	
S1-360081757	
S1-693598838	
S1-317805430	
S1-574598048	
S1-788850845	
S1-952420796	
S1-562262172	
S1-442272856	
S1-952322113	
S1-701436289	
S1-882278739	
S1-438023011	
S1-368435287	
S1-413037634	
S1-825960977	
S1-506914419	
S1-270884375	
S1-946688411	
S1-943674462	
S1-104552057	
S1-798517892	
S1-174330997	
S1-531962146	S3-512893139
S1-976942361	
S1-130805015	
S1-267414689	
S1-685020621	
S1-743605655	
S1-170520762	
S1-484498682	
S1-894996149	S2-336750623
S1-203978651	
S1-472561378	S2-260368051
S1-3378869	
S1-798922642	
S1-5688148	
S1-299520686	
S1-929983867	
S1-400323202	
S1-288383163	S2-537115257
S1-170312665	
S1-216212618	
S1-305402111	
S1-227904170	
S1-216330940	
S1-247827776	S2-325093731
S1-98933748	
S1-979919511	
S1-175916774	
S1-84105782	
S1-236894929	
S1-237261251	
S1-468077820	
S1-650618671	
S1-692914434	
S1-28970342	
S1-748268298	
S1-679177541	
S1-49305659	
S1-896008977	
S1-458617772	
S1-298821836	
S1-621932777	
S1-77354867	
S1-176655790	
S1-20407019	
S1-697485577	
S1-81014883	S2-473764841
S1-841478970	
S1-551629244	
S1-106364374	
S1-196989502	
S1-618866009	
S1-388517291	
S1-968751081	
S1-221317765	
S1-843083249	
S1-902570392	
S1-781972278	
S1-682234879	
S1-941251075	
S1-1899170	
S1-175697162	
S1-635307602	
S1-655485158	
S1-767011844	
S1-137352601	
S1-894511575	S2-975264426
S1-503228851	
S1-58836494	
S1-958675800	
S1-349026757	
S1-170108944	
S1-561651740	
S1-647736764	
S1-843583490	
S1-575667047	
S1-760123344	
S1-377932464	
S1-712157424	
S1-250263204	
S1-626777018	S2-197325139
S1-836878873	
S1-177553106	
S1-38981232	
S1-307135602	
S1-116636835	S3-448111707
S1-947058780	
S1-654858850	
S1-888105654	
S1-404772772	
S1-379360467	
S1-38257656	
S1-604743098	
S1-449104170	
S1-163643172	
S1-229168252	
S1-396349794	
S1-982068195	
S1-685258313	
S1-13833078	
S1-668577508	
S1-206269312	
S1-105065460	S2-734394079
S1-781472086	
S1-386208228	
S1-216614947	
S1-934430515	
S1-92491878	
S1-473288265	
S1-341407840	
S1-311460592	
S1-166095518	
S1-186292710	
S1-419061161	
S1-381772636	
S1-970675864	
S1-280682242	
S1-494964719	
S1-697901746	
S1-735386521	
S1-275562630	S2-185013334,S2-465593416,S2-630984437,S2-784709177,S2-791580552,S3-710323041,S3-808387780
S1-974546209	
S1-736848517	
S1-796371521	
S1-641485940	
S1-954974024	
S1-275571553	S2-151070668,S2-368870105
S1-17463606	
S1-760147531	
S1-20810513	
S1-35294396	
S1-892201155	
S1-128046455	
S1-784926481	
S1-466152414	
S1-737558265	
S1-514182264	
S1-69201586	
S1-41009949	
S1-865975814	
S1-397509921	S2-253261001,S2-71850350
S1-418693626	
S1-738742900	
S1-481013000	
S1-645356890	
S1-562358692	
S1-293764570	
S1-293505700	
S1-986741966	
S1-783693107	
S1-902672121	
S1-377194254	
S1-891722903	
S1-25735779	
S1-216561516	
S1-844405145	
S1-688765646	
S1-135612096	
S1-755283708	
S1-735958747	
S1-505509438	
S1-78850393	
S1-263951222	
S1-773502645	
S1-434735945	
S1-889602086	
S1-394544830	
S1-577449029	
S1-828283527	
S1-382545952	
S1-281130929	
S1-728906360	
S1-423820402	
S1-870059563	
S1-968839994	
S1-106771717	
S1-683841295	
S1-706314106	
S1-868981303	
S1-86760500	
S1-90342315	
S1-359234063	
S1-569875253	
S1-918808073	
S1-436342918	
S1-408057519	
S1-906031460	
S1-803544153	
S1-899102104	
S1-631816168	
S1-320583244	S2-464881130,S2-885184685
S1-200680964	
S1-744559927	
S1-790444987	
S1-184262751	
S1-548247613	
S1-834540035	
S1-493248052	
S1-511701319	
S1-117847784	
S1-333064214	
S1-204936451	
S1-381023534	
S1-615232228	
S1-645594456	
S1-403717402	
S1-779324695	
S1-590111609	
S1-146311565	
S1-22195819	
S1-852599932	
S1-784478879	
S1-974271930	
S1-557604357	
S1-830605996	
S1-366555522	
S1-522733457	
S1-576382456	
S1-523435013	
S1-446580854	
S1-337690650	
S1-238850599	
S1-976863020	
S1-18244243	
S1-477287791	
S1-365944920	
S1-758995849	S3-879284971
S1-195925909	
S1-209189108	
S1-203072494	
S1-617505478	
S1-267444597	
S1-307399173	
S1-85915259	
S1-805346707	
S1-436811108	
S1-782532872	
S1-862079159	
S1-909186750	
S1-146686037	
S1-522177821	S2-187119816,S2-196613960,S2-269098468,S2-41086033,S2-468427870,S2-9193468,S3-503895482,S3-773498036,S3-878324708
S1-311621781	
S1-720174925	
S1-519055072	
S1-892802707	
S1-24880048	
S1-721518141	
S1-754943182	
S1-888853007	
S1-952943096	
S1-848911712	
S1-616090078	
S1-401831304	
S1-757549058	
S1-128751731	
S1-764431161	
S1-138866462	
S1-422954856	
S1-538754505	
S1-886621159	
S1-649480876	
S1-127937496	
S1-513188327	
S1-653225506	
S1-475848682	
S1-947637148	
S1-878093316	
S1-560201113	
S1-478879192	S2-261149262
S1-381677382	
S1-330357995	
S1-507407590	
S1-328281187	
S1-768802152	
S1-861983350	
S1-696672823	
S1-743252707	
S1-494479368	
S1-395246964	
S1-36148872	
S1-647832736	
S1-20884649	
S1-60313602	
S1-145721277	
S1-86172372	
S1-160357638	
S1-112581763	
S1-512657877	
S1-928898342	
S1-519617780	
S1-537716853	
S1-783311463	
S1-168146129	
S1-662787250	
S1-177780061	
S1-261400943	
S1-486205437	
S1-991113072	
S1-8271561	
S1-475018757	S2-187119816,S2-196613960,S2-39765864,S2-41086033,S2-468427870,S2-490376970,S2-605726696,S2-783703941,S2-847014050,S3-503895482,S3-648942348,S3-773498036,S3-878324708
S1-489758298	
S1-448574975	
S1-67181368	
S1-824665984	
S1-258136200	
S1-509233722	
S1-88349633	
S1-749680614	
S1-316137003	S3-31164456
S1-805439633	
S1-314203303	
S1-196208040	
S1-148479071	
S1-823804425	
S1-556095961	
S1-981863292	
S1-715039336	
S1-114688567	
S1-169465833	
S1-301193446	
S1-485809191	
S1-746360084	
S1-828973333	
S1-149082169	
S1-591649668	
S1-946345761	
S1-468695753	
S1-835038052	
S1-43632023	
S1-229440119	
S1-449798991	
S1-465120934	
S1-158681287	
S1-973041899	
S1-860087302	
S1-196385453	S2-441813094,S2-744736880
S1-640517494	
S1-27741352	
S1-549885787	
S1-666179013	
S1-714562603	
S1-189890962	
S1-579584221	
S1-817294737	
S1-371618409	
S1-595930751	
S1-122579594	
S1-122341045	
S1-58115317	
S1-409587512	
S1-235450450	
S1-443846990	
S1-595847846	
S1-997657982	
S1-434481571	
S1-245053899	
S1-667194353	
S1-296749676	
S1-236476663	
S1-285118449	
S1-523457770	
S1-258005342	
S1-403200683	S3-796962302
S1-132996308	
S1-771545704	
S1-842219528	
S1-719269602	
S1-204155277	
S1-677254210	
S1-199529111	
S1-788924634	
S1-427928018	
S1-875203688	
S1-718913529	
S1-141342167	
S1-549962205	
S1-267340092	
S1-622739427	
S1-855939084	
S1-996232289	
S1-28516193	
S1-528026798	
S1-493735745	
S1-437577365	S2-346644481,S2-358267895,S2-497972322,S2-519920719,S2-728767898,S3-117250439,S3-379835856,S3-571327237,S3-660080086,S3-735923193,S3-850525146
S1-40538811	
S1-157000748	
S1-754940747	
S1-158840010	
S1-152483312	
S1-16722687	
S1-160253908	
S1-124850913	
S1-882339269	
S1-857828538	S2-135762718
S1-7784077	
S1-325947075	
S1-91463594	
S1-896220341	
S1-730946873	
S1-296347863	
S1-463946204	
S1-570315510	
S1-596995140	
S1-144982207	
S1-847758342	
S1-537228033	
S1-823629712	
S1-312995036	
S1-299378506	
S1-400817122	
S1-251515553	
S1-645774514	
S1-565805654	
S1-126346096	
S1-238488075	
S1-308119804	
S1-264356560	
S1-417878868	
S1-941171189	
S1-106839525	
S1-688758864	S2-260794285
S1-7091322	
S1-3262441	
S1-801671483	
S1-325517467	
S1-445359082	
S1-659771454	
S1-339673630	
S1-584665345	
S1-296247799	
S1-518300715	
S1-947731568	
S1-655086227	
S1-669242418	
S1-930868265	
S1-230690938	
S1-716112933	
S1-73781017	
S1-584337790	
S1-480456252	
S1-676041036	
S1-265318328	
S1-879219732	
S1-572966370	
S1-373294408	
S1-145126270	
S1-216495186	
S1-910796890	
S1-883029852	
S1-530169046	
S1-18355335	
S1-146575961	
S1-490422637	
S1-735633269	
S1-501874319	
S1-857341129	
S1-209269739	
S1-615216253	
S1-778290949	S2-20869901,S2-790145633,S2-816390814
S1-410894569	
S1-139361183	
S1-761391917	
S1-527882914	
S1-311738561	
S1-691994857	
S1-414700976	
S1-80159615	
S1-711425937	
S1-175902028	
S1-790708616	
S1-5154773	
S1-610398392	
S1-790881270	
S1-528848470	
S1-7916534	
S1-817941293	
S1-560728758	
S1-946841272	
S1-791034483	
S1-609777593	
S1-607558957	
S1-324680596	
S1-700399107	
S1-522889226	
S1-356262571	
S1-682164751	
S1-978618043	
S1-115836691	
S1-265413546	
S1-158698050	
S1-606389029	
S1-515997867	
S1-645917131	
S1-268876286	
S1-122122623	
S1-433422924	
S1-353718986	
S1-343434389	
S1-776402258	
S1-628795564	
S1-580363638	
S1-69423610	S3-357365680
S1-254448904	
S1-612819374	
S1-152123997	
S1-340036371	
S1-214107095	
S1-35467105	
S1-587165856	
S1-615547890	
S1-481337599	
S1-747983883	
S1-761688615	
S1-29617136	
S1-65589473	
S1-38267534	
S1-300194205	
S1-827404099	
S1-571630757	
S1-203816755	
S1-627926007	
S1-463685914	
S1-907070140	
S1-562656505	
S1-604345447	
S1-400570190	
S1-736668920	
S1-712475316	
S1-828321276	
S1-142455389	
S1-957832415	
S1-836178084	
S1-678691131	
S1-644703073	
S1-731860932	
S1-755570154	
S1-164894398	
S1-779646495	
S1-64882173	
S1-641981913	
S1-786250123	
S1-817691430	
S1-652735414	
S1-392706856	
S1-457355375	
S1-174736537	
S1-496243919	
S1-593657532	
S1-828254915	
S1-633878078	
S1-92716240	
S1-859262380	
S1-608302657	
S1-902492650	
S1-129033227	
S1-287245530	
S1-334581377	
S1-221787486	
S1-704788904	
S1-565886280	S2-128548910,S2-169692904,S2-368870105
S1-182679769	
S1-557472182	
S1-891909849	
S1-336608441	
S1-234003989	
S1-527209168	
S1-595370685	
S1-51880478	
S1-562165885	S3-4791701
S1-85618203	
S1-57953532	
S1-590064411	
S1-512754271	
S1-543449380	S2-244461000,S2-432235712
S1-544801998	S2-674634767
S1-983091723	
S1-467446900	
S1-33459431	
S1-153730202	
S1-964464271	
S1-189053031	S3-256226964
S1-454095540	
S1-224313783	
S1-448273495	
S1-243828765	
S1-795671626	
S1-333515243	
S1-39578451	
S1-505204133	
S1-724049559	
S1-300397892	
S1-160641854	
S1-55580801	
S1-733255479	
S1-709970347	
S1-536170881	
S1-18778282	
S1-166074266	
S1-986825119	
S1-701474589	
S1-709232666	
S1-640623643	
S1-111575785	S2-993515161
S1-963009192	
S1-690271619	S3-653836004
S1-135829897	
S1-416295266	
S1-322217899	
S1-482526831	
S1-721013285	
S1-446426470	
S1-599606559	
S1-547611976	
S1-265691039	
S1-620097492	
S1-709675362	S2-281814132
S1-373107906	
S1-946076440	
S1-816326861	
S1-159716702	
S1-224421615	
S1-231001018	
S1-852610108	
S1-728314258	
S1-435294107	
S1-328202287	
S1-206090037	
S1-180360430	
S1-993467357	
S1-433659045	
S1-880964916	
S1-132530445	
S1-617160474	S2-383030202
S1-622231013	
S1-317327168	
S1-287767267	S2-583476648
S1-976619342	
S1-620220948	
S1-501408380	
S1-816474860	
S1-391658423	
S1-525033441	
S1-788668459	
S1-530396133	
S1-277166062	
S1-34326683	
S1-361242821	
S1-569307022	
S1-401994762	
S1-396517405	
S1-664314280	
S1-975810185	
S1-677084303	
S1-541245075	
S1-689622873	
S1-111579603	S2-721546569
S1-246911688	
S1-467375498	
S1-189025577	S3-409771669
S1-571604150	
S1-463451881	
S1-392891589	
S1-878888112	
S1-559415102	
S1-970113449	
S1-825888769	
S1-745054701	
S1-479252235	
S1-913386212	
S1-358318208	
S1-831179375	
S1-312735038	
S1-920559124	
S1-566956614	
S1-650235720	
S1-265018858	
S1-352701632	
S1-515349780	
S1-87738061	
S1-996520606	
S1-110902372	
S1-824399890	
S1-720265900	
S1-342995715	
S1-163424932	
S1-684563233	
S1-505614893	
S1-706363724	S2-356273165
S1-322203849	
S1-95785172	
S1-691225316	
S1-189513785	
S1-903991946	
S1-533739346	
S1-600938948	
S1-952721927	
S1-965482190	
S1-648612829	
S1-995387092	
S1-546023883	
S1-828825256	
S1-880608330	
S1-519824121	
S1-948438747	
S1-406539878	
S1-69093037	
S1-169584089	
S1-655418367	
S1-850172270	S2-641210906
S1-510822825	
S1-510799624	S2-577652351
S1-875049673	
S1-333556077	
S1-390056183	
S1-819840854	
S1-404479688	
S1-182988061	
S1-653006268	
S1-392779838	
S1-22992712	
S1-61423366	
S1-387687292	
S1-289749595	
S1-572421828	
S1-775581478	
S1-144317546	
S1-983093261	
S1-13962638	
S1-721343642	
S1-564599776	
S1-843057195	
S1-757602214	
S1-419781949	S2-704861724
S1-487622209	
S1-317219889	
S1-445633623	
S1-348662306	
S1-923569956	
S1-464955748	
S1-935567443	
S1-237238215	
S1-906725014	
S1-477800331	
S1-337649127	
S1-203716393	
S1-764580334	
S1-400395197	
S1-795875520	
S1-291286507	
S1-663091609	
S1-904448785	
S1-893150557	S2-399597228,S2-971258085,S3-156752988,S3-237073841
S1-365842869	
S1-73196046	
S1-648696815	
S1-603830801	
S1-756920999	
S1-156276120	
S1-800829875	
S1-476870118	
S1-864875432	
S1-836108801	
S1-540798669	
S1-673999298	
S1-314161676	
S1-442884013	
S1-401426716	
S1-702775701	
S1-669141263	
S1-74306118	
S1-54061205	
S1-274795866	
S1-511516866	
S1-87095149	
S1-475193531	
S1-42429319	
S1-43154563	
S1-492016279	
S1-399148294	
S1-246763858	S2-123007061,S2-207217799,S2-329405096,S2-574584543,S2-63082253,S2-703722492,S2-847933753,S2-920233551,S2-984363671,S3-148156789,S3-244669915,S3-788049212,S3-814880158
S1-116011475	
S1-25374268	
S1-718158599	
S1-570475236	
S1-754961691	
S1-85987942	
S1-857206122	
S1-919936790	
S1-531325011	
S1-108681647	
S1-677096301	S2-834034550
S1-992701276	
S1-417014203	
S1-923425820	
S1-118367262	
S1-109217372	
S1-710834528	
S1-172135785	
S1-398360724	
S1-311372513	
S1-332293042	
S1-418955289	
S1-873021766	
S1-861160192	
S1-138252335	
S1-502746566	S2-244144042
S1-984679345	
S1-677989969	
S1-561148298	
S1-323487134	
S1-40064148	
S1-709669969	
S1-701711239	
S1-512948007	
S1-908079377	
S1-324876853	
S1-383217851	
S1-172649363	
S1-862861987	
S1-87764876	
S1-443838854	S3-127915086
S1-312756905	
S1-961046978	
S1-72036098	
S1-90284966	
S1-304062521	
S1-840840585	S2-368870105
S1-277891500	S3-811769025
S1-505944054	
S1-17074378	
S1-115496330	
S1-863147456	
S1-242997758	
S1-483486167	
S1-841608938	
S1-631807537	
S1-323157071	
S1-529891911	
S1-432046794	
S1-990772907	
S1-206761956	S2-664044832
S1-45012611	
S1-207348005	
S1-439315761	
S1-190968617	
S1-477581349	
S1-660005184	
S1-992199481	
S1-411672491	
S1-829313884	
S1-797966130	
S1-664495215	
S1-657514988	
S1-910189491	
S1-191379290	
S1-315610823	
S1-251911969	
S1-196444656	
S1-484065456	
S1-680544809	
S1-28512153	
S1-515123482	
S1-22607696	
S1-681252073	
S1-888120692	
S1-983518444	
S1-350316093	
S1-531824590	
S1-478298622	
S1-81043833	
S1-69007713	
S1-384766189	
S1-601553484	
S1-804771694	
S1-191311749	
S1-614489815	
S1-57678985	
S1-185284808	
S1-803617581	
S1-694655365	
S1-183977785	S2-53757306,S3-611995457
S1-305071812	
S1-542512288	
S1-296000542	
S1-37020699	
S1-469076530	S2-544831597,S2-60331805
S1-278244653	
S1-449849191	
S1-716969251	
S1-955570753	
S1-232588573	
S1-824904816	
S1-406410751	
S1-559586282	
S1-767489423	
S1-91117447	
S1-819916083	
S1-600814259	
S1-360194736	
S1-349506717	
S1-698579846	
S1-645403585	
S1-237888269	
S1-231668680	
S1-508196606	
S1-235904872	
S1-211961803	
S1-672917599	
S1-311399436	
S1-562142362	
S1-551017231	
S1-132850975	
S1-600074402	
S1-252057215	
S1-706537597	
S1-546597130	
S1-147588834	
S1-92890824	
S1-55169693	
S1-479141276	
S1-523155717	
S1-19569188	
S1-635322271	
S1-582074630	
S1-653410749	
S1-647933982	
S1-923570938	
S1-548143673	
S1-861202462	
S1-61849090	
S1-578493249	
S1-752130715	S2-175196958
S1-208612511	
S1-442745030	
S1-857525106	
S1-325670039	
S1-711092247	
S1-40756330	
S1-141615448	
S1-494526479	
S1-746331312	
S1-447764431	
S1-743668161	
S1-300449	
S1-302546018	
S1-60951296	S2-216323653
S1-325512669	
S1-829281642	
S1-858110151	
S1-467374499	
S1-519565091	
S1-367874046	
S1-554453382	
S1-73847105	
S1-252196086	
S1-2486501	
S1-397002980	
S1-165472945	
S1-315747377	
S1-483290768	
S1-899656234	
S1-588544851	
S1-262774368	
S1-465463687	
S1-554775706	
S1-648989083	
S1-644772008	
S1-338616525	
S1-976932665	
S1-187439357	
S1-964187411	
S1-453273367	
S1-45477412	
S1-315731192	
S1-190040638	
S1-322887325	
S1-866092756	
S1-624636501	
S1-459359194	
S1-85363695	
S1-775057313	
S1-372658256	
S1-160694575	
S1-974471882	
S1-131727051	
S1-624904097	
S1-706230323	
S1-954222581	
S1-930551950	
S1-649798717	
S1-662843841	
S1-7117300	
S1-719727405	
S1-654451087	
S1-906643868	
S1-427162362	
S1-614465167	
S1-425944441	
S1-898811987	
S1-826107548	
S1-686235708	
S1-859626295	
S1-892064230	S2-39232291
S1-404980975	
S1-403608283	
S1-792130023	
S1-446535590	
S1-925786118	
S1-148952917	
S1-406629345	
S1-257666079	
S1-984688466	
S1-730999110	
S1-4876650	
S1-58866125	
S1-690983444	
S1-919744563	
S1-254590198	
S1-802754518	
S1-804015323	
S1-231735173	
S1-910257785	
S1-168759095	
S1-672924468	
S1-61083919	
S1-820721889	
S1-926855001	
S1-104661610	
S1-594076530	
S1-514805331	
S1-302885110	
S1-258509222	
S1-875958944	S2-285894684
S1-978077243	
S1-713669451	
S1-816968538	
S1-279220116	
S1-697380729	
S1-119433959	
S1-714477891	
S1-143188017	
S1-387718057	
S1-583775009	
S1-611974567	
S1-972891042	
S1-958620982	
S1-586165908	S3-667749920
S1-323339146	
S1-812122677	
S1-568352639	
S1-504602946	
S1-650486653	S2-11993054
S1-385421187	
S1-833806861	S3-288528673
S1-309035753	S2-785893047
S1-299409871	
S1-623035373	
S1-616406566	
S1-985133519	
S1-385174664	
S1-90133669	
S1-647728646	
S1-982081462	
S1-512356577	
S1-316498676	
S1-509472901	
S1-911763130	
S1-797739929	
S1-261144532	
S1-518484931	
S1-56643455	
S1-268491527	
S1-891024785	
S1-934912060	
S1-744558344	
S1-947171808	
S1-160110841	
S1-304950813	
S1-737232771	
S1-456000717	
S1-4828074	
S1-778077373	
S1-479952145	
S1-891138416	
S1-871155686	
S1-223922050	
S1-460647930	
S1-503466256	
S1-95108851	
S1-76533723	
S1-842231859	
S1-722696369	
S1-796036248	
S1-698764823	S2-330734323
S1-382929072	
S1-276142630	
S1-615774518	
S1-484168887	
S1-877431500	
S1-867214712	
S1-504240101	
S1-608372074	S2-898058593
S1-589025039	
S1-721413990	
S1-582670276	
S1-61867910	S2-68114636
S1-597213292	
S1-285033900	
S1-6960451	
S1-773416143	
S1-761297533	
S1-414924193	
S1-472564070	
S1-221237986	
S1-93506517	
S1-576034680	
S1-234102723	
S1-440824511	
S1-587932965	
S1-985101700	
S1-699560898	
S1-214523553	
S1-471333700	
S1-998624899	
S1-865319085	
S1-272837948	
S1-142887694	
S1-992835235	
S1-400455899	S2-13072938,S2-613435235,S2-816390814,S2-920659605,S3-174497076,S3-20787426,S3-280541618,S3-369941843,S3-43056314,S3-489941683
S1-884025791	
S1-633326485	
S1-902590906	
S1-394388053	S2-76707173
S1-254060455	
S1-656692509	
S1-922976524	
S1-104448065	
S1-396668010	
S1-105213911	
S1-719141738	
S1-742901321	
S1-521559210	
S1-631926528	
S1-450320902	
S1-574673412	S2-222394464
S1-805619556	S2-346644481,S2-497972322,S2-728767898,S3-117250439,S3-379835856,S3-571327237
S1-831139971	
S1-993564616	
S1-556324886	
S1-485830525	
S1-953836573	
S1-790807043	
S1-91579147	
S1-632394151	
S1-431756795	S2-490452225
S1-217505751	
S1-572980392	
S1-935297810	
S1-757685046	
S1-501054919	
S1-564810041	
S1-585150631	
S1-329395674	
S1-249323843	
S1-192052625	
S1-27943213	
S1-900603477	
S1-872851342	
S1-367865959	
S1-763353662	
S1-794016269	
S1-330568827	
S1-495614878	
S1-645545083	
S1-411954599	
S1-844751096	
S1-302956998	
S1-749188056	
S1-395096605	
S1-405828141	
S1-939266931	
S1-195166225	
S1-392861173	
S1-395584117	
S1-781133236	
S1-525480355	
S1-29138827	
S1-179757077	
S1-892672742	S2-195567288,S2-698489713
S1-858390999	
S1-555421497	
S1-763131800	
S1-173173415	
S1-770844483	
S1-405050191	
S1-101086801	
S1-409215702	
S1-343555198	
S1-170368127	S3-12035711
S1-881042443	
S1-292216862	
S1-985030008	
S1-678114005	
S1-117466340	
S1-563808065	
S1-534640204	
S1-37700029	
S1-320002861	
S1-48978948	
S1-509536163	
S1-253804211	
S1-988793298	
S1-369981617	
S1-45754231	
S1-221574229	
S1-180758686	
S1-341720161	
S1-757231547	
S1-581156178	
S1-678989040	
S1-646962453	
S1-89257366	
S1-981115445	
S1-326773709	
S1-946855893	S3-135322683
S1-372531139	
S1-376905600	
S1-389844926	
S1-466211223	
S1-597723176	
S1-67929042	
S1-95860616	
S1-164139944	
S1-413571012	
S1-986335108	
S1-77608132	
S1-646072849	
S1-954897274	
S1-768357467	
S1-194212495	
S1-542752054	
S1-51798058	
S1-567037400	
S1-523932198	
S1-431771335	
S1-895726400	
S1-607760338	
S1-244816330	
S1-251391487	S2-438990166
S1-225867230	
S1-244651519	
S1-796926608	
S1-386780612	
S1-756972702	
S1-850706899	
S1-367987518	
S1-15585738	
S1-134318345	
S1-301967205	
S1-304516257	
S1-423818494	
S1-60125635	
S1-859543011	
S1-280318194	
S1-831895994	
S1-951467236	
S1-964450559	
S1-480808573	
S1-754811310	
S1-288741153	
S1-594738375	
S1-804544028	
S1-818056701	
S1-851809511	
S1-543761843	
S1-763605437	
S1-564808825	
S1-900446178	
S1-486003830	S2-713264333,S2-878460826,S3-60303669
S1-415447152	
S1-836154694	
S1-247402131	
S1-870388911	
S1-805953665	S2-532663623
S1-537211939	
S1-534484807	
S1-465609029	
S1-359755771	
S1-595349354	
S1-86855155	
S1-448410694	
S1-152984871	
S1-712694657	
S1-387786751	
S1-647166762	
S1-833158811	S2-906190563
S1-384904051	
S1-832444416	
S1-53984002	
S1-53779481	
S1-586872889	
S1-874658539	
S1-929998901	
S1-154173829	
S1-152596908	
S1-564374720	
S1-473552267	
S1-788418304	
S1-818235331	
S1-914911873	
S1-417516667	
S1-183285499	
S1-498904809	
S1-396957952	
S1-826745936	
S1-70497473	
S1-951515118	
S1-576131275	S2-153306127,S2-462209155,S3-854598339
S1-132006086	
S1-912164111	
S1-306624989	
S1-60310234	
S1-533067409	
S1-153735669	
S1-769837110	
S1-353820220	S2-315527000
S1-675409615	
S1-116582565	
S1-246686382	
S1-127502714	
S1-189075142	
S1-646754423	
S1-520380769	
S1-865483035	
S1-860535658	
S1-393972466	
S1-295891554	
S1-151512332	
S1-98612475	
S1-794611876	S2-785893047
S1-472680051	
S1-231095273	
S1-855112444	S2-569183399
S1-21982746	
S1-847802523	
S1-84294757	
S1-30680082	
S1-263336622	
S1-284443985	
S1-695562647	
S1-20825744	
S1-189403671	
S1-193166783	
S1-116563648	
S1-815391010	
S1-925620094	
S1-506826484	
S1-917752229	S2-244461000,S2-312291757,S2-980731603
S1-42845435	
S1-442014847	
S1-877942153	
S1-998935433	
S1-418252660	
S1-530271498	
S1-351903274	
S1-846791198	
S1-610523080	
S1-138399592	
S1-538275979	
S1-352242855	
S1-310525700	
S1-931876793	S2-410711059
S1-806504423	
S1-252524061	
S1-813544844	
S1-561867034	
S1-550433471	
S1-941781369	
S1-148681029	
S1-729847325	
S1-138112264	
S1-270120384	
S1-992682919	
S1-267004674	
S1-268956277	
S1-627608180	
S1-152341238	
S1-596460188	
S1-324718138	
S1-616277798	
S1-955696	
S1-941739353	
S1-210943345	
S1-39013848	
S1-986550842	
S1-652566991	
S1-379766238	
S1-957934216	
S1-867234475	
S1-218426158	
S1-870178005	
S1-293165258	
S1-147628849	
S1-369661807	
S1-61390187	
S1-515110391	
S1-187423148	
S1-671876466	
S1-664124758	
S1-370834000	
S1-652899834	
S1-4225902	
S1-579916266	
S1-327297343	
S1-838767070	S3-499342098
S1-88565159	
S1-76573515	
S1-752085464	
S1-822590513	S2-247738094,S2-51435294,S2-829602188,S2-913195122,S2-926387302,S2-991736902,S3-618110846,S3-904908845
S1-722063835	
S1-903506635	
S1-636674707	S3-656510604
S1-268602189	
S1-515087638	
S1-312471825	
S1-630522938	
S1-233525135	
S1-383099386	
S1-208735484	
S1-919128501	
S1-221441375	
S1-216896307	
S1-72026092	
S1-889637068	
S1-344526309	
S1-157112332	
S1-452581683	
S1-109751578	
S1-591284157	
S1-330041011	
S1-193959725	
S1-562021204	
S1-113140802	
S1-907479992	
S1-57873065	
S1-17768557	
S1-921826310	S3-2489978
S1-562178434	
S1-405660900	
S1-958731749	
S1-898268962	
S1-116258838	
S1-976224851	
S1-436488591	
S1-93071925	
S1-1581390	
S1-824579209	
S1-558148783	
S1-52785544	
S1-374992203	
S1-185937424	
S1-819749887	
S1-482267583	
S1-4444136	
S1-763536593	
S1-894362389	
S1-764165281	
S1-395245265	
S1-779185125	
S1-739408874	
S1-570058690	
S1-705159346	S2-525061791
S1-101048575	
S1-205959556	S2-673431509
S1-330749552	
S1-264660388	
S1-401197966	
S1-808033105	
S1-777709802	
S1-364946217	
S1-825189476	
S1-912835993	
S1-683891903	
S1-959639585	
S1-868053457	S2-394016093
S1-328158035	
S1-183273720	
S1-222454384	
S1-600040081	
S1-977836077	
S1-545414715	
S1-631190682	
S1-81302420	
S1-87348271	
S1-761241906	
S1-955306351	
S1-429828444	
S1-86097261	
S1-285309746	
S1-577688677	
S1-319186731	
S1-692990298	
S1-291992897	
S1-621473321	
S1-835141746	
S1-663928355	
S1-957005220	
S1-661005699	
S1-899730858	
S1-765152598	
S1-11755528	
S1-672684269	
S1-524891323	
S1-100340145	
S1-344988508	
S1-325190595	
S1-813153827	
S1-180184014	
S1-705666270	
S1-480437046	
S1-196615081	
S1-481019101	
S1-323969299	
S1-257708007	
S1-536483706	
S1-917157887	
S1-513997867	
S1-693452825	
S1-891331986	
S1-652320650	
S1-102848618	
S1-270297904	
S1-508525269	
S1-311263686	
S1-298928949	
S1-481843888	
S1-555920352	S2-12319116,S3-542824123
S1-822462593	
S1-717316802	
S1-125135009	
S1-482779936	
S1-632932419	
S1-659293753	
S1-599513625	
S1-887741930	
S1-602102676	
S1-792783612	
S1-736314843	
S1-316808229	
S1-993268785	
S1-586958460	
S1-484006648	
S1-26667742	
S1-376603142	
S1-951832720	
S1-96681513	
S1-372770562	
S1-457344467	
S1-518826205	S2-470324870,S2-642909030,S2-879541485
S1-213369659	
S1-293742982	
S1-772120387	
S1-485749026	
S1-333509698	
S1-9868389	
S1-899834170	
S1-298763056	
S1-585520056	
S1-509175616	
S1-452037772	
S1-781887356	
S1-141927027	
S1-75726913	
S1-12798898	
S1-612831545	
S1-212956221	
S1-153255887	
S1-770650410	
S1-146577833	
S1-268438994	
S1-706244910	
S1-535290309	
S1-301385548	
S1-725400820	
S1-888055412	
S1-519381645	
S1-904046125	
S1-603214157	
S1-937620743	
S1-695218543	
S1-280074232	
S1-779562225	
S1-113442190	
S1-690801737	
S1-717765369	
S1-456838059	
S1-216381928	
S1-655491946	
S1-227477628	
S1-28548013	
S1-572665277	
S1-419174518	S2-365772419
S1-740315170	
S1-820106173	
S1-227115250	
S1-856642837	
S1-688578459	
S1-554059418	
S1-808966131	
S1-22633879	
S1-816950055	
S1-359581467	
S1-115159955	
S1-609676205	
S1-678645747	
S1-679890993	
S1-120459528	
S1-265790248	
S1-310385573	
S1-988189902	
S1-716615282	
S1-640813084	
S1-852213381	
S1-100712288	
S1-41709211	
S1-316628650	
S1-542902428	
S1-986867624	
S1-951654499	
S1-827500834	
S1-117222887	
S1-668416563	
S1-657843898	
S1-364973899	
S1-832592276	
S1-245203418	
S1-811773457	
S1-80570812	
S1-966349712	
S1-288008680	
S1-107844012	
S1-376165004	
S1-784339969	
S1-784882687	
S1-277790396	
S1-861390210	
S1-161986876	
S1-835748683	
S1-724934684	
S1-673227514	
S1-286145911	
S1-760656469	
S1-160555015	
S1-532090854	
S1-874686273	
S1-437124827	
S1-766557965	
S1-776439628	
S1-874307721	
S1-696499482	
S1-577347305	
S1-524924793	
S1-926677594	
S1-888948027	
S1-994295598	
S1-884875617	
S1-267299614	
S1-430225277	
S1-618722104	
S1-428516753	
S1-67934617	
S1-981548870	
S1-463066745	
S1-904262546	
S1-917279909	
S1-57542396	
S1-766031270	
S1-958475477	S2-225798504
S1-202429890	
S1-446064069	
S1-628577162	
S1-333393459	
S1-319718901	
S1-821094053	
S1-621946202	S2-258925491,S3-173314585,S3-654708839
S1-536250131	
S1-493441144	
S1-505364335	
S1-423055434	
S1-902976522	
S1-18586573	
S1-678429391	
S1-736214638	
S1-282145321	
S1-964832308	
S1-533664678	
S1-269809674	
S1-277335964	
S1-536825306	
S1-458158108	S2-288267004
S1-68014921	
S1-533478406	
S1-692529792	
S1-13762184	
S1-552820252	
S1-534971554	
S1-269627020	
S1-981692609	
S1-548548805	
S1-793027042	S3-888348128
S1-421568010	
S1-637174492	
S1-869973086	
S1-13864014	S3-586825532
S1-378170016	
S1-342898801	S3-6778980
S1-477217952	
S1-492878026	
S1-960708705	
S1-328012308	
S1-366924644	
S1-247163948	
S1-319549609	S2-445890930,S2-544544353
S1-52735319	
S1-919745236	
S1-88488421	
S1-904957000	
S1-276959252	
S1-87136952	S3-264207613
S1-809047091	
S1-402964567	
S1-754077992	
S1-347308718	
S1-60709327	
S1-701869792	
S1-494620017	
S1-631182299	
S1-133325685	
S1-248244200	
S1-499902284	
S1-419589721	
S1-924580748	
S1-48788827	
S1-134572783	
S1-427983263	
S1-89392628	
S1-23961507	
S1-674807328	
S1-36534064	
S1-484597559	S3-602444643
S1-535962183	
S1-476384151	
S1-946606526	
S1-758122572	
S1-799850022	
S1-898284754	
S1-641268086	S2-464881130,S2-515979654,S2-885184685
S1-534928986	
S1-302682734	S3-650271250
S1-956246935	
S1-813779151	
S1-311758574	
S1-159834465	
S1-821414353	
S1-260535320	
S1-620745314	
S1-356522426	
S1-199646775	
S1-310620698	
S1-53989800	
S1-740688794	
S1-373099349	
S1-919995183	
S1-294332398	S3-852035874
S1-606095622	
S1-575668392	S2-473737843
S1-345341636	
S1-364271292	
S1-304323845	
S1-26980105	
S1-296164429	
S1-935188233	
S1-215126583	
S1-273820246	
S1-625984149	
S1-1715773	
S1-965014178	
S1-356662741	
S1-2800741	
S1-994402600	
S1-426149998	
S1-242880588	
S1-191607819	
S1-765056068	
S1-822477870	
S1-909730745	
S1-439034536	
S1-299182817	
S1-899372618	
S1-387432737	
S1-732758094	
S1-567536971	
S1-640662062	
S1-32027087	
S1-512990950	
S1-580933943	
S1-741300944	
S1-796449252	
S1-328171589	
S1-82476079	
S1-166612265	
S1-476062003	
S1-249246368	
S1-95948870	
S1-998049931	
S1-27116311	
S1-515251328	
S1-13172200	
S1-587083781	S2-123007061,S2-329405096,S2-574584543,S2-63082253,S2-685480560,S2-703722492,S2-847933753,S2-984363671,S3-148156789,S3-244669915,S3-814880158,S3-949870446
S1-502210593	
S1-803753180	
S1-488337247	
S1-159953252	
S1-898536826	
S1-401230640	
S1-970233895	
S1-579763220	
S1-510732277	
S1-665382635	
S1-643957148	
S1-65076480	
S1-268408015	
S1-665654765	
S1-92783496	
S1-194013756	
S1-223417228	
S1-925485389	
S1-609313348	
S1-432551920	
S1-894736734	S3-105059948
S1-445144348	
S1-109284527	
S1-245102317	
S1-86236617	
S1-634571265	
S1-278749907	
S1-1615690	
S1-502436751	
S1-950971676	S2-538509871,S3-747227170
S1-59335994	
S1-692401577	
S1-438617600	
S1-65609401	
S1-204900087	
S1-175586070	
S1-647116582	
S1-944944731	
S1-315867253	
S1-493146491	
S1-960453196	
S1-427284837	
S1-628847473	S2-591191259
S1-543782997	
S1-194943697	
S1-144414063	
S1-572389469	
S1-407530654	S3-616243863
S1-515915015	
S1-23086601	
S1-845101317	
S1-60846927	
S1-588238951	
S1-687046882	
S1-674360632	
S1-178238996	
S1-732935042	
S1-680979861	
S1-77519086	
S1-975532275	
S1-787465049	
S1-860910402	
S1-52266529	
S1-855446513	
S1-609441857	
S1-121408666	
S1-466648425	
S1-256424314	
S1-488263905	
S1-61628664	
S1-531284930	
S1-107723138	
S1-989029336	
S1-336794263	
S1-953580442	
S1-276748690	
S1-921569180	
S1-563208361	
S1-249257947	
S1-661074219	
S1-36401592	
S1-610756366	S3-159576600
S1-734155915	
S1-558488227	
S1-893961416	
S1-802150259	
S1-665665092	
S1-988588373	
S1-456672671	
S1-332833886	
S1-364288562	
S1-15173065	
S1-964977406	
S1-52621104	
S1-29973049	
S1-410273818	
S1-456608492	
S1-334389656	
S1-759291756	S3-177508527
S1-784079753	
S1-189807722	
S1-112735282	
S1-211306628	
S1-639386173	
S1-795199259	
S1-743251275	S2-27947637
S1-188924688	
S1-598765611	
S1-82960738	
S1-484165543	
S1-110241778	
S1-745896902	
S1-749974509	
S1-160616843	
S1-957648374	
S1-87883288	
S1-696182705	
S1-182076586	
S1-448410596	
S1-321884047	
S1-372021624	
S1-379894941	
S1-30185669	
S1-989073030	
S1-562729763	
S1-494541134	
S1-263528264	
S1-805024396	
S1-227220965	
S1-464298276	S2-27763211
S1-750680029	
S1-203229660	
S1-971689713	
S1-672844567	
S1-347753009	
S1-326861368	
S1-326987857	
S1-972962322	
S1-759152965	
S1-626030993	
S1-660902788	
S1-893968120	S2-778512142,S3-897044848
S1-56714136	
S1-676584858	
S1-366802521	
S1-162885780	
S1-321097081	
S1-83134759	
S1-183956207	
S1-377099282	
S1-692691820	S3-215548160
S1-493924975	S3-376422541
S1-469815145	
S1-301305116	
S1-651464171	
S1-175196363	S2-724700602
S1-202734740	
S1-517197298	
S1-90926978	
S1-362839511	
S1-810541728	
S1-921490368	
S1-955602288	
S1-965852966	
S1-624635135	
S1-685485671	
S1-318726002	
S1-890404377	S2-918678757
S1-212991739	S3-152571144
S1-248616030	
S1-405787434	
S1-145901322	
S1-27436132	
S1-794786463	
S1-212841370	
S1-441612935	
S1-638645414	
S1-201587931	S3-491354611
S1-130140896	
S1-955905262	
S1-920289785	
S1-357811843	
S1-406940325	
S1-713194605	
S1-200191784	
S1-569008918	
S1-383387039	
S1-182389833	
S1-596023220	
S1-956160896	
S1-846571030	
S1-252523433	
S1-882138723	
S1-69847058	
S1-680309845	
S1-151303990	
S1-85596435	
S1-293695393	
S1-478148950	
S1-920762761	
S1-483374867	S2-919675684
S1-295956267	
S1-910995287	
S1-878238636	
S1-438338622	
S1-814701569	
S1-859907009	
S1-599533248	
S1-266233298	
S1-49601510	
S1-268440701	
S1-616047356	S3-434496847
S1-801394317	
S1-304816398	
S1-39220893	
S1-979729724	S2-303251495
S1-136600065	
S1-324736216	
S1-408700908	
S1-539679304	
S1-88353269	
S1-887051645	
S1-832450635	
S1-969266815	
S1-491678227	S2-42865733,S2-744054810
S1-20030899	
S1-911288285	
S1-123962940	
S1-557269687	
S1-949731467	
S1-350654996	
S1-391701610	
S1-35598191	
S1-736847682	
S1-283138171	
S1-78978894	
S1-379398859	
S1-603953913	
S1-904762487	
S1-953266318	
S1-750299803	
S1-396775570	
S1-258167295	
S1-300467656	
S1-343581156	
S1-611358521	
S1-924503123	
S1-535974760	
S1-494068520	
S1-615639496	
S1-431387661	
S1-258959748	
S1-474317442	
S1-459688226	
S1-684458624	
S1-442165210	
S1-109420790	
S1-597858400	
S1-559771963	
S1-580487704	
S1-373278362	
S1-30386540	
S1-99723978	
S1-853512695	
S1-735900263	
S1-193609545	
S1-407577870	
S1-413718196	
S1-64258165	
S1-802552703	
S1-370224954	
S1-194606303	
S1-218760006	
S1-467624682	
S1-252543861	
S1-146564240	
S1-370325999	S2-913930320
S1-514774183	
S1-923246607	
S1-432675829	
S1-622871622	
S1-297187953	
S1-801569216	
S1-935021596	
S1-883459318	
S1-55621668	
S1-919936188	
S1-517259188	
S1-330947699	
S1-413927629	S2-132741297
S1-672301795	
S1-130783045	
S1-441862885	
S1-33237621	
S1-844225872	
S1-929988646	
S1-949513006	
S1-617147137	
S1-885629122	
S1-941121274	
S1-295502698	
S1-444253422	
S1-638069567	
S1-930046326	
S1-763691266	
S1-4013990	
S1-952343727	
S1-108786271	
S1-512299456	
S1-947951152	
S1-789775331	
S1-508660301	
S1-81261762	
S1-214970642	
S1-430011507	
S1-469551595	
S1-395313712	
S1-453552851	S2-632321059
S1-6539939	
S1-637524703	
S1-389556785	S3-158241940
S1-969392294	
S1-232380084	
S1-612399775	
S1-156863434	
S1-17145155	
S1-831977359	S2-239164593
S1-631626798	
S1-705377592	
S1-394587403	
S1-69834807	
S1-442295224	
S1-465391943	
S1-313586581	
S1-977332793	
S1-695502263	
S1-510203064	
S1-300907865	
S1-123222080	S2-591191259
S1-346266110	
S1-110417007	
S1-20963191	
S1-671928739	
S1-509418124	
S1-877959437	
S1-540286813	
S1-823881295	
S1-445209610	
S1-11496688	
S1-883244096	
S1-150373310	
S1-519607779	S3-582573684
S1-538902472	
S1-656260192	
S1-582515981	
S1-749778809	
S1-281734775	
S1-400008412	
S1-563583253	
S1-666679222	
S1-240198606	
S1-125785941	
S1-250375476	
S1-402603788	
S1-299176166	
S1-888552365	
S1-156152303	
S1-962725464	
S1-154647012	
S1-838278923	
S1-156813871	
S1-81638323	
S1-76148256	
S1-751841361	
S1-765544578	
S1-594108733	
S1-837028250	
S1-56504175	
S1-543888726	
S1-73651895	
S1-437971400	
S1-760520213	
S1-765950940	
S1-368180634	
S1-442510703	
S1-826593695	
S1-441771376	
S1-487678712	
S1-801341533	
S1-237733320	
S1-454683489	
S1-154818343	
S1-545034943	S2-950950353
S1-648177858	
S1-847310688	
S1-980394318	
S1-653567823	
S1-331746730	
S1-875544790	
S1-10705954	
S1-774457873	
S1-123948231	
S1-337393667	
S1-337400927	
S1-447222427	S3-660686302
S1-535652317	
S1-221869362	S2-464881130
S1-580895450	
S1-944388526	
S1-9558788	
S1-780309101	
S1-317232965	
S1-578244070	
S1-924859238	
S1-858366792	S2-826884849
S1-682751121	
S1-375001830	
S1-876866253	
S1-188505189	
S1-405375597	
S1-45361425	
S1-183756397	
S1-529565685	
S1-101267686	
S1-262004333	
S1-671869373	
S1-484714126	
S1-891769452	
S1-154161033	
S1-993089001	
S1-560892080	
S1-971119518	
S1-445136388	
S1-349886747	
S1-797996613	
S1-805347449	
S1-58872000	
S1-945251511	
S1-38269585	
S1-367887088	
S1-337882834	
S1-611501364	
S1-442929146	
S1-289406724	
S1-819390376	
S1-354867633	
S1-792440892	
S1-126322394	
S1-863532201	
S1-186547004	
S1-254705175	
S1-877644504	
S1-314778312	
S1-409344069	
S1-545278130	
S1-647233414	
S1-891560937	
S1-536902250	
S1-878832235	
S1-163504322	
S1-182405642	
S1-475860350	
S1-665931819	
S1-42871544	
S1-144817145	
S1-260599882	
S1-600999131	
S1-339782593	
S1-902469991	
S1-86061882	
S1-998349392	
S1-161477303	
S1-349393147	
S1-890347689	S2-247738094,S2-251860012,S2-829602188,S2-913195122,S2-926387302
S1-191095699	
S1-272553088	
S1-591243681	
S1-732569705	
S1-695741240	
S1-29480829	
S1-225941516	S2-170516399,S2-765834139
S1-810639199	
S1-514062684	
S1-138573510	
S1-674789470	
S1-633840390	
S1-771304876	
S1-930899858	
S1-878369424	
S1-905798096	
S1-476243117	
S1-700805878	
S1-151959633	
S1-225363940	
S1-471639275	
S1-962614059	
S1-410408388	
S1-71330022	
S1-97953743	
S1-49564619	
S1-202932298	
S1-11007823	
S1-560822584	
S1-578637942	
S1-94413504	
S1-579362204	S3-403571600
S1-82810036	
S1-443468704	
S1-171206589	
S1-784162894	
S1-456035613	
S1-831482022	
S1-673754581	S2-767912318,S3-144159472,S3-328940207,S3-561839301
S1-337982757	
S1-860339429	
S1-123975792	
S1-87815958	
S1-406098025	
S1-516865182	
S1-378396171	
S1-155760937	
S1-688885458	
S1-259072280	
S1-546742558	
S1-25174137	
S1-186430439	
S1-764270071	
S1-610347622	
S1-612400040	
S1-263617581	
S1-18705484	
S1-973400888	
S1-951935276	
S1-691806040	
S1-180975154	
S1-385053951	
S1-770642765	
S1-563143629	
S1-698126902	
S1-454436305	
S1-350682460	
S1-690403160	
S1-158922919	
S1-31718820	
S1-187569019	
S1-33622886	
S1-368689228	
S1-824602152	
S1-644638118	
S1-646559117	
S1-582652704	
S1-128905236	
S1-162814677	
S1-160734502	
S1-313577426	
S1-192409015	
S1-153382015	
S1-496430094	
S1-840771268	
S1-129911143	
S1-145032202	S2-185013334
S1-649363139	
S1-590639068	
S1-905017973	
S1-198138077	
S1-259325015	
S1-150706680	
S1-653820517	
S1-54465792	
S1-152223953	
S1-770110387	
S1-407489814	
S1-228891719	
S1-755510103	
S1-879137995	
S1-647252116	
S1-573679080	
S1-937167587	
S1-749599887	
S1-82196314	
S1-981746097	
S1-38778485	
S1-176486927	
S1-509833466	
S1-78894372	
S1-709198746	
S1-834618194	
S1-612851860	
S1-150028074	
S1-418633993	
S1-822949962	
S1-270756110	
S1-372137529	
S1-568683739	
S1-772617342	
S1-171071430	
S1-346713024	
S1-328994611	
S1-656861773	
S1-625244554	
S1-295449558	S2-584539052,S2-77241306
S1-644409902	
S1-614762906	
S1-972612733	
S1-541795709	
S1-532253666	
S1-157396753	
S1-439988341	
S1-490186906	
S1-240014132	
S1-767995378	
S1-247415227	
S1-55304651	
S1-178488991	
S1-660021698	
S1-972887815	
S1-489525504	
S1-501501142	
S1-463334652	
S1-284508492	
S1-361407908	
S1-840402304	
S1-83617813	
S1-198781876	
S1-519336433	
S1-902788981	
S1-705415512	
S1-372211943	
S1-961665476	
S1-335156337	
S1-316295508	
S1-807350831	
S1-144928179	
S1-693338958	
S1-958589832	
S1-737428902	
S1-482648673	
S1-576815312	
S1-911419184	
S1-280221824	
S1-394636149	
S1-501069829	
S1-99264004	
S1-175253910	
S1-967771531	
S1-941253371	
S1-496491740	
S1-28062935	
S1-703908252	
S1-954836581	
S1-865043025	
S1-98397046	
S1-235098384	
S1-139290963	
S1-616804830	
S1-403154894	S2-263777869
S1-150936751	
S1-399262482	
S1-328439916	
S1-177948551	
S1-64108471	
S1-51409311	
S1-950806950	
S1-218732443	
S1-470722485	
S1-902192640	
S1-212925126	
S1-189813659	
S1-456507146	
S1-151010171	
S1-658256132	
S1-716276743	
S1-467400443	
S1-626079433	
S1-341627155	
S1-488245409	
S1-749274990	
S1-538047760	
S1-709296754	
S1-594416199	
S1-561263786	
S1-854221296	
S1-943180403	
S1-877578519	
S1-484839101	
S1-289727909	
S1-615934819	
S1-96377737	
S1-116111251	
S1-508236426	
S1-987979156	
S1-88051887	
S1-794458983	
S1-38144166	
S1-335291714	
S1-659246967	
S1-784321872	
S1-818648630	
S1-174861967	
S1-655067902	
S1-437478243	
S1-725708491	
S1-987475728	
S1-227254117	
S1-985819884	
S1-65441848	
S1-528427929	
S1-568648660	
S1-20861849	
S1-782443901	
S1-595257114	
S1-857976077	
S1-385890862	
S1-791969564	
S1-908105562	
S1-895638050	
S1-524694531	
S1-585677408	
S1-474842869	
S1-375750870	
S1-226436098	
S1-419954013	
S1-717999021	
S1-680124924	
S1-871830168	
S1-904796165	
S1-295612849	
S1-893891608	
S1-967322888	
S1-984905275	
S1-785598254	
S1-923885747	
S1-668516720	
S1-387296593	
S1-116161642	
S1-41019323	
S1-831033588	
S1-498549387	
S1-158452206	
S1-890009601	S2-806266788
S1-99374040	
S1-395488110	
S1-983538228	S3-224477993
S1-731385742	
S1-23049509	
S1-467367076	
S1-314350170	
S1-144147002	
S1-925598289	
S1-46757517	
S1-584166223	
S1-260079448	
S1-145269453	
S1-805208081	
S1-582055688	
S1-614322316	
S1-458291513	
S1-961118651	
S1-846446797	S2-873772729
S1-530639532	
S1-561166796	
S1-633922461	
S1-729628425	
S1-202770528	
S1-362028138	
S1-834988606	S3-797870133
S1-463459175	
S1-641130174	
S1-244392088	
S1-733858657	
S1-723069171	
S1-201184721	
S1-870435709	
S1-194724124	
S1-497586447	
S1-472726006	
S1-701500737	
S1-592640067	
S1-430141662	
S1-824645290	
S1-421738496	
S1-180254591	
S1-482843079	
S1-871293001	
S1-188697542	
S1-594112463	
S1-421869475	
S1-657776045	
S1-490787716	
S1-494599301	
S1-751241879	
S1-580023316	
S1-1785736	
S1-887686892	
S1-393085584	S2-153306127,S2-432235712
S1-893688301	
S1-296824481	
S1-159546785	
S1-49620314	
S1-491910806	S2-29569525,S2-470324870,S2-642909030,S2-879541485
S1-699756521	
S1-668685816	
S1-773631101	
S1-912069561	
S1-250713175	
S1-883614427	
S1-351921517	
S1-778494324	
S1-65741845	
S1-640720387	
S1-388207984	
S1-212677114	
S1-734459267	
S1-638720328	
S1-321575784	
S1-206729639	
S1-507044127	
S1-172441432	
S1-849792063	
S1-386433727	
S1-613721479	
S1-984430347	
S1-912725519	
S1-375120990	
S1-10374784	
S1-156844609	
S1-854583601	
S1-121582878	
S1-486096865	
S1-770397465	
S1-776441563	
S1-500695843	
S1-83891527	S3-88155467
S1-406929883	S2-762310335
S1-937790853	
S1-343083433	
S1-526162793	
S1-195411224	S2-568863055
S1-414271359	
S1-565092343	
S1-779384754	
S1-613042079	
S1-155572692	
S1-181025582	S2-429130719
S1-980188336	
S1-149046637	
S1-858141066	
S1-14731853	
S1-957763393	S2-58004234
S1-455312277	
S1-163881188	
S1-788604751	
S1-74645289	
S1-356375105	
S1-306462740	
S1-448317901	
S1-454733315	
S1-415467204	
S1-356794151	
S1-495530407	
S1-354633618	
S1-662726478	
S1-324761525	
S1-834602347	
S1-286415774	
S1-641952011	
S1-904435323	S2-947433761
S1-454058031	
S1-564958668	
S1-844404925	
S1-445446596	
S1-43406414	
S1-881766741	
S1-109639631	
S1-706629835	
S1-721892988	
S1-255376143	
S1-924651769	
S1-709333767	
S1-280855708	
S1-202120162	
S1-499578186	
S1-514240927	
S1-254628037	S2-791616629
S1-409086785	
S1-542938585	
S1-768292826	
S1-120348781	
S1-646843496	
S1-616735505	
S1-125305851	
S1-17231433	
S1-376199028	
S1-864879472	S3-704610162
S1-284341699	
S1-898661415	
S1-979367155	
S1-636257793	S2-919210099
S1-861696214	
S1-676277424	
S1-154270009	
S1-274410475	
S1-647113956	
S1-417066523	
S1-562357181	
S1-7248920	
S1-894905266	
S1-687504986	
S1-288968955	
S1-762424122	
S1-717322333	
S1-962510172	
S1-993152377	
S1-736807306	
S1-847836752	
S1-559030655	
S1-957338779	
S1-341884311	
S1-396706726	
S1-846083436	
S1-928290372	
S1-246539981	
S1-201899255	
S1-668684497	S2-767912318,S3-328940207,S3-561839301
S1-838480759	
S1-256176562	
S1-93302869	
S1-341078915	
S1-260416498	
S1-133459203	
S1-733295353	
S1-443563359	
S1-684750330	
S1-889898758	
S1-214939645	
S1-450006633	
S1-300218174	
S1-977268337	
S1-123441515	
S1-803887207	
S1-511927169	
S1-87468206	
S1-951847014	
S1-926125120	
S1-442598917	
S1-640994116	
S1-941464660	
S1-532892995	
S1-728941227	
S1-777233937	
S1-800112510	
S1-290591783	
S1-846378151	
S1-743297585	
S1-30759416	S3-672525650
S1-82359915	
S1-231694416	
S1-38759562	
S1-829432953	
S1-929673797	
S1-842870559	
S1-291100478	
S1-430684576	
S1-300990143	
S1-688980502	
S1-766882425	
S1-735373360	
S1-382088646	
S1-749048202	
S1-857271069	
S1-209173794	
S1-687756777	
S1-431058129	S3-61523552
S1-638134339	
S1-89040673	S2-790145633,S3-489941683
S1-346778897	
S1-226315205	
S1-86786973	
S1-10642009	
S1-704357342	
S1-993270970	
S1-741424663	
S1-753749331	
S1-119519359	
S1-327668343	
S1-830154864	
S1-254987700	
S1-388263611	
S1-753193043	
S1-682858611	
S1-12455970	
S1-535992846	
S1-955774261	
S1-964776469	
S1-922326341	
S1-497366284	
S1-944486302	
S1-826880064	
S1-693433767	
S1-157019205	
S1-333776311	
S1-924335054	
S1-349178338	
S1-856265775	
S1-408366788	
S1-662942783	
S1-908883869	
S1-954720317	
S1-130293032	
S1-828296072	
S1-281688932	
S1-724071287	
S1-681527269	
S1-854789278	
S1-803539022	
S1-181172483	
S1-680082875	
S1-892807934	
S1-741113754	
S1-809084776	
S1-299895732	S2-480965901
S1-665352260	
S1-787735603	
S1-405503396	
S1-257935225	
S1-3683735	
S1-350613737	
S1-327467557	
S1-692081771	
S1-676980653	
S1-349739458	
S1-377009936	
S1-858231729	
S1-772199353	
S1-571680089	
S1-547728863	
S1-547488392	
S1-597649457	
S1-736247797	
S1-952852966	
S1-847929568	
S1-291703896	
S1-854546337	
S1-55631071	
S1-798923856	
S1-415817189	
S1-459478052	
S1-319571415	
S1-878025617	
S1-985301169	
S1-929795177	
S1-419998749	
S1-632877866	
S1-350313553	
S1-661945117	
S1-337169980	
S1-137236768	
S1-245377710	
S1-446289636	
S1-221983264	
S1-911543873	
S1-481376974	
S1-641044056	
S1-560476209	
S1-349861150	
S1-374641714	
S1-527852996	
S1-178865721	
S1-447359955	
S1-156007284	
S1-151316023	
S1-830745390	
S1-74380096	S3-312577481
S1-326815464	S2-130309662
S1-975247407	S2-432235712
S1-561116494	
S1-284874892	
S1-251872920	
S1-490245000	
S1-939884374	
S1-103887654	
S1-448736304	
S1-82445957	
S1-960956135	
S1-208777702	
S1-168445780	
S1-737778404	
S1-260789727	
S1-802800818	
S1-874130877	
S1-469596592	
S1-773702154	
S1-263468323	
S1-787974850	
S1-301934566	
S1-796280804	
S1-488445974	
S1-351733349	
S1-593032241	
S1-665800978	
S1-668721750	
S1-355729978	
S1-271431294	
S1-299045948	
S1-818999004	
S1-401470326	
S1-541702832	
S1-829795225	
S1-579475304	
S1-566713232	
S1-103653334	
S1-953943748	
S1-724904485	
S1-151761462	
S1-511180886	
S1-763368563	
S1-875598039	
S1-177134953	
S1-192174070	
S1-539851386	
S1-687605016	
S1-53705753	
S1-749848969	
S1-290741612	
S1-303027306	
S1-565123109	
S1-82384842	
S1-536425685	
S1-635645142	
S1-27970140	
S1-881901432	
S1-154966873	
S1-776221720	
S1-722994610	
S1-620345895	
S1-894143925	
S1-499732717	
S1-768316504	
S1-758872968	
S1-383231077	
S1-377175513	
S1-105496716	
S1-632807010	
S1-945378175	
S1-814104307	
S1-597237943	
S1-229045216	
S1-731928077	
S1-323223931	
S1-131206074	
S1-491612192	
S1-519757478	
S1-572479349	
S1-490727207	
S1-723255571	
S1-93685374	
S1-312264460	
S1-748697518	
S1-566993450	
S1-578047657	S2-261149262
S1-118422290	
S1-790567641	
S1-411618404	
S1-741785148	
S1-421301218	
S1-105519429	
S1-102596703	
S1-646446556	
S1-535495511	
S1-781080311	
S1-141929231	
S1-524737680	
S1-952513596	
S1-121493137	
S1-341950382	
S1-102018795	
S1-725059342	
S1-622889464	
S1-608555057	
S1-148051262	
S1-888603471	
S1-345362024	
S1-262250282	
S1-76442754	
S1-146075492	
S1-912526047	
S1-70027514	
S1-788536606	
S1-99651502	
S1-454591457	
S1-760616067	
S1-750404685	
S1-803325749	
S1-97566117	
S1-807874405	
S1-30539792	
S1-262919080	
S1-124326974	
S1-758003419	
S1-500219724	
S1-486720965	
S1-354438813	
S1-412986636	
S1-861416345	
S1-201087003	
S1-662813934	
S1-886735274	
S1-493067005	
S1-920156189	
S1-173388033	
S1-850451355	S2-123007061,S2-236096250,S2-329405096,S2-404142853,S2-485377927,S2-574584543,S2-63082253,S2-703722492,S2-847933753,S2-920233551,S2-984363671,S3-148156789,S3-425908319,S3-788049212,S3-814880158
S1-976317816	
S1-947859165	
S1-410059644	
S1-372958784	
S1-964152471	
S1-757586646	
S1-174414381	
S1-612663281	
S1-963042263	
S1-651251419	
S1-472622746	S2-397848451
S1-558105048	
S1-738592199	
S1-810974054	
S1-663438505	S2-783937932
S1-865353487	
S1-96093245	
S1-272609507	
S1-222532409	
S1-564736111	
S1-285598366	
S1-993959923	
S1-877609098	
S1-587815006	
S1-240542176	
S1-482434998	
S1-261013822	
S1-599874212	
S1-66116176	
S1-705996925	
S1-377548278	S2-424279158
S1-594558427	
S1-256288080	
S1-753802098	
S1-92842440	
S1-234222199	
S1-988323928	
S1-852524116	
S1-369842857	
S1-694145277	
S1-970714089	
S1-231402625	
S1-701179796	
S1-283428786	S2-410711059
S1-104523664	
S1-286794603	
S1-194101247	
S1-934782310	
S1-602977975	
S1-541739882	
S1-707464293	
S1-667753044	
S1-966135229	
S1-790643463	
S1-38399851	
S1-9910653	
S1-429303198	
S1-265325939	
S1-672028560	
S1-522812851	
S1-392524476	
S1-921248857	
S1-884882523	
S1-807064595	
S1-824117894	
S1-163369427	
S1-744523612	
S1-596486228	
S1-501337130	
S1-453227010	
S1-27027672	
S1-530302898	
S1-539999806	
S1-27786781	
S1-658491244	
S1-174895721	
S1-257330261	
S1-827146394	
S1-988410443	S3-626293954
S1-674676637	S3-463099588
S1-823597651	
S1-631426595	
S1-978760331	
S1-247860642	
S1-562122036	
S1-777741894	
S1-449430818	
S1-985970628	
S1-210329095	
S1-240989142	
S1-99137125	
S1-284966527	
S1-778942524	
S1-258150307	
S1-271684163	
S1-851191726	
S1-230756478	
S1-429680471	
S1-128160956	
S1-312885973	
S1-506354078	
S1-328637843	
S1-641063420	
S1-419247398	
S1-498346023	
S1-469090157	
S1-684709571	
S1-67166653	S2-927066589
S1-935754019	
S1-629114481	
S1-862279857	
S1-32913852	
S1-152118990	S2-946793190
S1-486753877	
S1-749670417	
S1-513939291	
S1-521958661	
S1-820788354	
S1-91099507	
S1-944926825	
S1-669686154	
S1-611025471	
S1-787286060	
S1-384971100	
S1-366715533	
S1-449250370	
S1-241761487	
S1-876974971	
S1-994665179	
S1-143320719	
S1-720468279	
S1-995972860	
S1-915135694	
S1-200393495	
S1-454829262	
S1-669955189	
S1-895864121	
S1-222867665	
S1-365414224	
S1-738911982	
S1-100634536	
S1-495422164	
S1-721174063	
S1-591680520	
S1-211361541	
S1-744613680	
S1-750709172	S3-337256424
S1-692616833	
S1-724419414	
S1-388527792	
S1-418207199	
S1-928201871	
S1-151528795	
S1-665976162	S2-949912347
S1-496634445	
S1-335692061	
S1-846979520	
S1-817511434	
S1-330634732	
S1-655866819	
S1-115852713	
S1-602623526	
S1-876157266	
S1-984502664	
S1-814670674	
S1-59657606	
S1-351239793	
S1-681214326	
S1-597621252	
S1-241496535	S2-190352262
S1-353865193	
S1-691994263	
S1-92111479	
S1-985228291	
S1-412184707	
S1-92206497	
S1-437509578	
S1-937004460	
S1-12373830	
S1-298174850	
S1-746130086	
S1-291068240	
S1-944057653	
S1-229737269	
S1-627643246	
S1-220531466	
S1-556664582	
S1-203274789	
S1-995719939	
S1-108114970	
S1-655604508	
S1-542940238	
S1-993793265	
S1-59751397	
S1-354323279	
S1-277890255	
S1-836475451	
S1-572951974	
S1-868039154	
S1-620175742	
S1-853774312	
S1-894213591	
S1-224373844	
S1-394963000	
S1-477249873	
S1-839401268	
S1-103489364	
S1-627212341	
S1-462097263	
S1-577216195	
S1-964382205	
S1-692437291	
S1-529036731	
S1-610869663	
S1-973350072	
S1-192559269	
S1-878502074	
S1-716934614	
S1-641862967	
S1-534550614	
S1-455414844	
S1-455510855	
S1-520683861	
S1-508514130	
S1-399399648	
S1-217784438	
S1-872115393	
S1-524291543	
S1-388165328	
S1-657911068	
S1-195936637	
S1-364013950	
S1-884554599	
S1-640665658	
S1-708690755	
S1-338992404	S3-314931811
S1-620833646	
S1-782995783	
S1-588593520	
S1-511771199	
S1-485362063	
S1-548083888	
S1-379595527	
S1-945248900	
S1-551274120	S2-768202390
S1-968886497	
S1-239000780	
S1-793604530	
S1-867464327	
S1-480352346	
S1-153201293	
S1-886910611	
S1-576332444	
S1-111128572	
S1-501026696	
S1-306538327	
S1-41754208	
S1-165381421	
S1-714376067	
S1-832645963	
S1-600998239	
S1-945521489	
S1-874478882	S2-187119816,S2-196613960,S2-269098468,S2-41086033,S2-468427870,S2-490376970,S2-516243741,S2-605726696,S2-783703941,S2-802095609,S2-847014050,S3-503895482,S3-648942348,S3-773498036,S3-878324708
S1-196686132	
S1-650990678	
S1-105435846	
S1-20563377	
S1-831721699	
S1-763975705	
S1-711738850	
S1-394053334	
S1-851368308	
S1-839882429	S2-919675684
S1-910288942	
S1-407863766	
S1-395068874	
S1-720732927	
S1-468916265	
S1-187093282	
S1-468334937	
S1-786063827	
S1-856238130	
S1-989294224	
S1-402331810	S2-27221859
S1-470650204	
S1-722591200	
S1-669381927	
S1-67640663	
S1-91604473	
S1-382320298	
S1-936062358	
S1-290934474	
S1-309142883	
S1-494032479	
S1-36913432	S2-108984077,S2-515152170
S1-457639938	
S1-703624427	
S1-471583686	
S1-275485718	
S1-302654306	
S1-342084689	
S1-111625182	
S1-164753528	
S1-40924128	
S1-654622220	
S1-225017874	
S1-901098531	
S1-605068192	
S1-587309904	S2-627452855,S2-833117363
S1-435384300	
S1-563541180	
S1-806813127	
S1-951278888	
S1-500610159	
S1-3156529	
S1-234587563	
S1-140473371	
S1-367002238	
S1-7985231	
S1-284015817	
S1-265889945	
S1-133800864	
S1-123288800	
S1-125765927	
S1-252227998	
S1-851542727	
S1-417121134	
S1-626981887	
S1-235523123	
S1-409543512	S3-430389424
S1-786879788	
S1-772673505	
S1-185892737	
S1-853846214	
S1-349213895	
S1-35728922	
S1-861984360	
S1-831627120	
S1-986806304	
S1-487781406	
S1-649612245	
S1-474426945	
S1-928199628	
S1-414712796	
S1-337438184	
S1-524112327	
S1-625095663	
S1-190008603	
S1-56576966	
S1-809871607	
S1-438973065	
S1-590043872	
S1-179036881	
S1-952586724	
S1-909320651	
S1-224712431	
S1-403466562	
S1-717787487	
S1-996611440	
S1-485671709	
S1-126753860	
S1-224735509	
S1-669096293	
S1-176866902	
S1-751957682	
S1-984330549	
S1-606053443	
S1-362663629	S3-733195460
S1-942050972	
S1-215697971	
S1-516324729	
S1-250624780	
S1-854329895	
S1-824301730	
S1-219345839	
S1-570537768	S2-643240038
S1-866513912	
S1-483914019	
S1-744241649	
S1-367537008	
S1-325792164	S2-508262928
S1-383128271	
S1-723540981	
S1-779230558	
S1-193529771	
S1-875099363	
S1-526437366	
S1-884296462	
S1-364582916	
S1-127347691	
S1-871599231	
S1-312767688	
S1-663162056	
S1-223092479	
S1-209195841	
S1-408980502	
S1-364966162	
S1-244073513	
S1-571474944	
S1-127314717	
S1-446429741	
S1-956593663	
S1-315176879	
S1-297241664	
S1-804164783	
S1-363053575	
S1-909424351	
S1-971374791	
S1-958863761	
S1-393507437	
S1-75445765	
S1-181195651	S2-625723520,S3-959186076
S1-374530518	
S1-454103210	
S1-184987283	
S1-163045195	
S1-822668104	
S1-944638871	
S1-521404857	
S1-651480117	
S1-201980784	
S1-474679520	
S1-868254847	
S1-41400216	
S1-938597612	
S1-107346926	
S1-914825254	
S1-263886263	
S1-149532900	
S1-925547087	
S1-389108557	
S1-288163032	
S1-665076724	
S1-767658977	
S1-110165148	
S1-117428991	
S1-631430327	S2-927626095
S1-66808345	
S1-871351705	
S1-834864652	
S1-201335728	
S1-639019850	
S1-918861296	
S1-449720426	
S1-976742772	
S1-742282509	
S1-217764627	S2-29569525,S2-470324870,S2-642909030,S2-879541485
S1-114083983	
S1-140869941	
S1-575320993	
S1-791904889	
S1-904394039	
S1-702997730	
S1-676090920	
S1-453668277	
S1-502815747	
S1-360863271	
S1-102703888	
S1-399497327	
S1-96291056	
S1-608647330	
S1-173503461	
S1-918299411	
S1-927578441	
S1-886521183	
S1-591551428	
S1-555134900	
S1-872920034	
S1-240029672	
S1-553111410	
S1-172926040	
S1-297996089	
S1-844653424	
S1-801861933	
S1-375657123	
S1-67825066	
S1-940730820	
S1-937897073	
S1-352070785	
S1-991679421	
S1-906504863	
S1-501483945	
S1-243433961	
S1-247390782	
S1-770939322	
S1-872629787	S2-638926005
S1-364370321	
S1-526368604	
S1-466723574	
S1-985109315	
S1-367291740	
S1-598988199	
S1-91005634	
S1-338001800	
S1-153092926	
S1-948800622	
S1-116802705	
S1-226192825	S2-872099735
S1-858611263	
S1-809524170	
S1-440539245	
S1-674086221	
S1-966137315	
S1-334357379	
S1-469033015	
S1-21204445	S2-542711036
S1-402669118	S2-510757616,S2-720833267,S3-582977744
S1-612460211	
S1-242721578	
S1-873622331	
S1-166040047	
S1-972973030	
S1-635520238	
S1-243130168	S2-70804831
S1-289042171	
S1-661003558	
S1-219959049	
S1-342069254	
S1-409270785	
S1-219763284	
S1-287368045	
S1-279124260	
S1-898712130	
S1-427657622	
S1-681391967	
S1-527407179	
S1-41826716	
S1-352560344	
S1-310234251	
S1-128938505	
S1-904424215	
S1-764108306	
S1-863635920	
S1-982376052	
S1-422682612	S3-550931391
S1-559221985	
S1-513478968	
S1-500279294	
S1-863269329	
S1-704416845	
S1-181817431	
S1-636734885	
S1-240100034	
S1-835919573	
S1-816536332	
S1-688619389	
S1-39700626	
S1-261166236	
S1-715335178	
S1-632644221	
S1-630381120	
S1-53538990	
S1-376543671	
S1-440500967	
S1-40499911	
S1-168177243	
S1-878495114	
S1-158310615	
S1-594531089	
S1-972064722	
S1-712294431	
S1-567351889	
S1-63032058	
S1-729012346	
S1-444647328	
S1-623574830	
S1-297988720	
S1-644932048	
S1-989841962	
S1-947712152	
S1-781795160	
S1-758945845	
S1-526195053	
S1-672545665	
S1-852235147	
S1-174250035	
S1-50531948	
S1-517511605	
S1-520081797	
S1-513023743	
S1-705578156	
S1-357381251	
S1-914299607	
S1-535641993	
S1-931033059	
S1-596846107	
S1-445589247	
S1-581333627	
S1-831657242	
S1-47380975	
S1-777203001	
S1-915429020	
S1-516981194	
S1-816409058	
S1-651533710	
S1-306876155	
S1-488669889	
S1-415800460	
S1-296363417	
S1-467546879	
S1-418535076	
S1-602750662	
S1-158916863	
S1-904108130	
S1-340180355	
S1-611681116	S2-123007061,S2-256621857,S2-404142853,S2-485377927,S2-574584543,S2-63082253,S2-685480560,S2-703722492,S2-907620830,S2-910325046,S2-914907346,S2-920233551,S2-984363671,S3-148156789,S3-814880158,S3-949870446
S1-779479232	
S1-75794706	
S1-173731473	
S1-496558467	
S1-697884439	
S1-691082808	
S1-662247605	
S1-127929191	
S1-347026118	
S1-330638375	
S1-308638683	
S1-408903732	S3-918435435
S1-791694817	
S1-464672335	
S1-517654094	
S1-197858001	
S1-677851643	
S1-765725748	
S1-457768958	
S1-444157152	
S1-853751265	
S1-342111412	
S1-96438586	
S1-173991463	
S1-237842933	
S1-542723758	
S1-378066347	S2-805173659
S1-128896533	
S1-707004451	
S1-643563906	
S1-305092030	
S1-539105829	
S1-396729250	
S1-576509813	
S1-972654159	
S1-580347916	
S1-470460932	
S1-797970182	
S1-255385478	
S1-893385468	
S1-529495082	
S1-363901593	
S1-850579810	
S1-317017595	S2-12319116,S3-542824123
S1-790820875	
S1-628338084	
S1-801547339	
S1-125836773	
S1-207319933	
S1-343376619	
S1-528419124	
S1-57976942	
S1-795521961	
S1-105040520	
S1-60348460	
S1-32213648	
S1-578905317	
S1-25366269	
S1-489379525	S2-128548910,S2-169692904,S2-368870105
S1-566531436	S2-187119816,S2-269098468,S2-468427870,S2-605726696,S2-847014050,S3-503895482,S3-773498036,S3-867447121
S1-555402378	
S1-199530552	
S1-999415956	
S1-869740067	
S1-373707918	
S1-260773331	
S1-467588806	
S1-646587442	
S1-449302797	
S1-464389662	
S1-859364400	
S1-570867337	
S1-677272946	
S1-464289865	
S1-772342132	
S1-439865181	
S1-790551192	
S1-527029545	
S1-695135680	
S1-875995970	
S1-885124541	
S1-627154219	
S1-947649276	S3-251522598
S1-194454233	
S1-442696073	
S1-622802112	S3-880657713
S1-537105252	
S1-118918152	
S1-600405104	
S1-707463615	
S1-882681598	
S1-759694200	
S1-302234810	
S1-615694587	
S1-651539786	
S1-178572629	
S1-495066047	
S1-848406166	
S1-995497291	
S1-607231538	
S1-687123906	
S1-150291635	
S1-791231402	S3-533733601
S1-829265326	
S1-498497347	
S1-705778086	
S1-534569321	
S1-387038259	
S1-113289577	
S1-795870348	
S1-414616478	
S1-213372731	
S1-11487047	
S1-963826822	
S1-943519030	
S1-924395043	
S1-614318489	
S1-420788717	
S1-731801966	
S1-636446785	
S1-865444480	
S1-709277585	
S1-124451120	
S1-724000960	
S1-597275951	
S1-686619135	S2-244461000,S2-312291757,S2-980731603
S1-739425713	
S1-843191615	
S1-315856690	
S1-786281155	
S1-847176147	
S1-29081994	
S1-163253163	
S1-610078060	
S1-775454711	
S1-324189573	
S1-883950086	
S1-840317756	S3-111016673
S1-198394412	
S1-802047319	
S1-878769071	S3-30786515
S1-859844361	
S1-924028020	
S1-282158349	
S1-202995025	
S1-295071131	
S1-280484103	
S1-600699443	
S1-49161623	
S1-631262940	
S1-79369737	
S1-744288466	
S1-859937420	
S1-352919696	
S1-617469023	
S1-647032555	
S1-895348202	
S1-706707989	
S1-927617925	
S1-676375233	
S1-495957985	
S1-360964839	
S1-348495445	
S1-78344264	
S1-173035876	
S1-389070022	
S1-528360343	
S1-882437737	
S1-399531292	
S1-587878744	
S1-533062330	
S1-251475650	
S1-760696323	S3-949172422
S1-89519611	
S1-320591649	
S1-184545487	
S1-89882700	
S1-78782483	
S1-997859496	
S1-636023595	
S1-731982384	
S1-156926811	
S1-693262665	
S1-485481654	
S1-313915490	
S1-80015174	
S1-749996186	
S1-605230476	
S1-417971082	
S1-5136565	
S1-615140622	
S1-469004380	
S1-603510635	
S1-584130203	
S1-848551086	
S1-638938040	
S1-691111391	
S1-577305612	
S1-276696927	
S1-890243798	
S1-83240166	
S1-932288456	
S1-712015572	
S1-717514404	
S1-454526488	S3-169993225
S1-621748911	
S1-189175630	
S1-630619471	
S1-434957356	
S1-312628920	
S1-149145629	
S1-340000810	
S1-673917729	
S1-581815402	
S1-15986060	
S1-969423127	
S1-904427433	
S1-541709541	
S1-125115747	S2-514950351
S1-25728552	
S1-10612161	
S1-282486406	
S1-389409080	
S1-963532986	
S1-925835306	
S1-353241383	
S1-456077639	
S1-760321563	
S1-301918972	
S1-968175097	
S1-911232824	
S1-286349973	
S1-641667747	
S1-270264361	
S1-804570797	
S1-971107399	
S1-612791994	
S1-30080490	
S1-452437670	
S1-281744168	S3-306653140
S1-22730714	
S1-477068712	
S1-177118637	
S1-165741457	S3-426761602,S3-542824123
S1-469167563	
S1-250397973	
S1-729570594	
S1-560597983	
S1-351999643	
S1-651436594	
S1-838426974	
S1-435059634	
S1-220013528	
S1-669780051	
S1-831047092	
S1-955061661	
S1-563267502	
S1-238659741	
S1-391812710	
S1-17665722	
S1-33468938	
S1-535390328	
S1-330373149	
S1-53741192	
S1-175715705	
S1-80100403	
S1-921893364	
S1-247281774	
S1-240989978	S3-206588550
S1-644510747	
S1-906935508	
S1-941078789	
S1-453277078	
S1-619982092	
S1-283667173	
S1-617574017	
S1-798044581	
S1-233345026	S2-955617265
S1-250974210	
S1-896102815	
S1-5675137	
S1-31813130	
S1-688345127	
S1-480436381	
S1-28937207	
S1-913965674	
S1-847913491	
S1-868781172	
S1-372679327	
S1-894559939	
S1-654824814	
S1-184009032	
S1-997243246	
S1-988184233	
S1-379322049	
S1-636042685	
S1-504965344	
S1-586979896	
S1-175723740	
S1-702478439	
S1-11031219	
S1-778139172	
S1-169297019	
S1-477184464	
S1-964035383	
S1-514785487	
S1-878636952	
S1-141203165	
S1-651923244	
S1-634061930	
S1-221239583	
S1-55546488	
S1-218381283	
S1-871014481	
S1-326516932	
S1-239103024	
S1-125230209	S2-276683779
S1-634488351	
S1-836409351	
S1-168983732	
S1-533050600	
S1-70754299	
S1-621900381	
S1-761006417	
S1-791259709	
S1-677541989	
S1-510944908	
S1-630035797	
S1-497399466	
S1-769396225	
S1-90706803	
S1-474046663	
S1-429250092	
S1-160381230	
S1-730727902	
S1-214808762	
S1-353466650	
S1-414488294	
S1-326932461	
S1-187296152	
S1-122390570	
S1-331647627	
S1-276543177	
S1-568574934	
S1-520758450	
S1-705232876	
S1-174035520	
S1-763158703	
S1-251144397	
S1-888910237	
S1-37508250	
S1-965031375	
S1-267130068	
S1-679439785	
S1-151429055	
S1-200875665	
S1-830639796	
S1-819826109	
S1-414811541	
S1-820978656	
S1-571862325	
S1-815871284	
S1-212046852	
S1-696679073	
S1-923682916	
S1-93507240	
S1-667620747	
S1-867561678	
S1-835565414	
S1-783212711	
S1-277328110	
S1-412651331	
S1-685605075	
S1-908763203	
S1-139667900	
S1-972841281	
S1-475507055	
S1-639925065	
S1-491537594	
S1-971897765	
S1-692701919	S3-999192112
S1-486753307	
S1-169944065	
S1-637984726	
S1-569153403	
S1-252307047	S2-653042915
S1-63461538	
S1-574189972	
S1-368075864	
S1-209000569	
S1-274568753	
S1-474503967	
S1-752368704	
S1-497960045	
S1-739655037	
S1-628132277	
S1-256048997	
S1-715895918	
S1-586582324	
S1-133714895	
S1-821154042	
S1-124500624	S2-195567288,S2-544544353
S1-116828946	
S1-575357651	
S1-24568859	
S1-193225222	
S1-534607126	
S1-831965928	
S1-406354867	
S1-949709969	
S1-190851140	
S1-837911125	
S1-500874227	S2-214580497
S1-625155977	
S1-413001255	
S1-970678057	
S1-919714803	
S1-547452881	
S1-362069390	
S1-720113711	
S1-941113481	
S1-583093940	
S1-771986870	
S1-973702247	
S1-712285385	
S1-447383504	
S1-764258516	
S1-597333427	
S1-590510744	
S1-957358812	
S1-910279229	
S1-652559079	
S1-318343779	
S1-167654550	
S1-804050848	
S1-435284909	
S1-536015772	
S1-886489447	
S1-515250338	
S1-942077011	
S1-372400941	
S1-905660929	
S1-743195836	S3-837405089
S1-426624685	
S1-725280024	
S1-160591258	
S1-900102939	
S1-110943094	
S1-140654434	
S1-721988490	
S1-309916521	
S1-854005683	
S1-322916359	
S1-405479718	
S1-656493699	
S1-521291024	
S1-3751377	
S1-237892400	
S1-234264572	
S1-272250459	
S1-799956647	
S1-42254279	
S1-162527505	
S1-546248040	
S1-608421409	
S1-419926764	
S1-290399738	
S1-445813056	
S1-958110299	S2-269390696
S1-176963998	
S1-627413132	
S1-857778751	
S1-263418126	
S1-82117209	
S1-743880544	
S1-478288293	S2-248184174
S1-661358856	
S1-684826187	
S1-356926807	
S1-498211971	
S1-99002771	
S1-69352267	
S1-28798602	
S1-831212851	
S1-406386439	
S1-360748345	
S1-333323057	
S1-185751666	
S1-111530099	
S1-912924896	
S1-591177483	
S1-615378726	
S1-736866597	
S1-310102852	
S1-894521114	
S1-464245187	
S1-64859542	
S1-828287653	
S1-347590225	
S1-10352962	
S1-887440121	
S1-532452870	
S1-83351509	S3-227987581
S1-527816582	
S1-764513464	
S1-577838064	
S1-506307928	
S1-862144231	
S1-879277644	
S1-572070558	S2-294549716
S1-243629297	
S1-599841515	
S1-969721829	
S1-54080474	
S1-227512388	
S1-118276449	
S1-168729434	
S1-181261719	
S1-143315606	
S1-795071140	
S1-600297427	
S1-283187602	
S1-609140085	
S1-806930437	
S1-384197831	
S1-268870828	
S1-991198901	
S1-788205451	
S1-345350227	
S1-884923385	
S1-882743292	
S1-272938954	
S1-939427857	
S1-61004983	
S1-506422729	
S1-20994607	S2-845981082
S1-623737347	
S1-518591793	
S1-956523866	
S1-64594568	
S1-589041519	
S1-648055782	
S1-402397883	
S1-967450299	
S1-572001571	
S1-871299751	
S1-152150182	
S1-730971108	
S1-325563411	
S1-323223112	
S1-625009455	
S1-677836417	
S1-864514261	
S1-446581662	
S1-601340125	
S1-490175762	
S1-999476034	
S1-581408654	
S1-526308881	
S1-215412370	
S1-808127406	
S1-408711516	
S1-910557810	
S1-495484968	
S1-719488114	
S1-573664500	
S1-539293793	
S1-844636917	
S1-705968342	
S1-78685783	
S1-946964906	
S1-599479299	
S1-614810259	
S1-584919786	
S1-125143554	
S1-936173098	
S1-562627136	
S1-679298111	
S1-673896171	S2-898478551
S1-650833433	
S1-158824868	
S1-660957732	
S1-485976442	
S1-15914499	
S1-503765325	
S1-775889182	
S1-505810610	
S1-83186640	
S1-516976781	
S1-423471180	
S1-252396532	
S1-351751145	S3-36442761
S1-907369541	
S1-161555110	
S1-470912345	
S1-529570897	
S1-232492309	
S1-830411262	
S1-774021578	
S1-164683704	
S1-933524643	
S1-13968418	
S1-207564922	
S1-815758153	
S1-207796635	
S1-26737188	
S1-799681103	
S1-982609914	
S1-17569324	
S1-928858474	
S1-900079765	
S1-872489507	
S1-383728939	
S1-493990271	
S1-621862886	
S1-463533833	
S1-916576684	
S1-761723639	
S1-971422785	
S1-658819035	
S1-11859505	S2-678711299
S1-753880806	
S1-793414407	
S1-114045001	
S1-394881044	
S1-154036673	
S1-524883704	S2-123007061,S2-329405096,S2-574584543,S2-63082253,S2-847933753,S2-920233551,S2-984363671,S3-148156789,S3-234230645
S1-550453616	
S1-606614662	
S1-964192149	
S1-325575877	
S1-331393830	
S1-10125164	
S1-203009733	
S1-415694971	S2-633169784
S1-500430063	S2-843438632,S3-480005136
S1-535007297	
S1-944406393	
S1-142787751	
S1-274231841	
S1-409806125	
S1-336979140	
S1-421251058	
S1-437098642	
S1-818509016	
S1-495716331	
S1-356855026	
S1-569146764	
S1-686152458	
S1-762373123	
S1-941618804	
S1-486453591	
S1-626483670	
S1-918773612	
S1-980437820	
S1-41273087	
S1-51964429	
S1-756867531	
S1-573926863	
S1-195622257	
S1-75881591	
S1-258741627	
S1-864602790	
S1-402699637	
S1-627138525	
S1-697928096	
S1-835926909	
S1-679129497	S2-814913528
S1-399891571	
S1-695850170	
S1-928821214	
S1-178356090	
S1-718163500	
S1-224324468	
S1-846193113	
S1-403443356	
S1-629968262	
S1-694183518	
S1-347662819	
S1-866826731	
S1-40226822	
S1-746965158	
S1-17925133	
S1-990977997	
S1-5683892	
S1-81992213	
S1-450541115	
S1-110861690	
S1-91308849	S2-721777304
S1-600462735	
S1-615431699	
S1-383703544	S2-14223582
S1-775222517	
S1-63276674	
S1-810494793	S2-244461000,S2-425292799
S1-949811164	
S1-345103384	
S1-423095731	
S1-873023390	S2-132805742,S2-208443847,S3-676594819
S1-320080447	
S1-475425553	
S1-551719525	
S1-35669777	
S1-317967682	
S1-11608745	
S1-95622781	
S1-732771098	S2-126452374
S1-959325415	
S1-862455322	
S1-643067676	
S1-249476437	
S1-786033162	
S1-394632238	
S1-836278792	
S1-844924560	
S1-944605319	
S1-195022224	
S1-74774664	
S1-958440304	
S1-33284087	
S1-574476863	
S1-44482852	
S1-911699422	
S1-177036824	
S1-505201625	
S1-512071839	
S1-998963875	
S1-536349405	
S1-917832303	
S1-30680842	
S1-400022810	
S1-33868392	
S1-982399777	
S1-402486959	
S1-37269167	
S1-72992064	
S1-822150153	
S1-428603015	
S1-541419499	
S1-333207635	
S1-474327743	
S1-769077386	
S1-917291689	
S1-987244353	
S1-830853605	
S1-435071276	
S1-996762784	
S1-482205860	
S1-614946061	
S1-417966099	
S1-216796162	
S1-438812128	
S1-918604792	
S1-107551423	
S1-160540262	
S1-650321582	
S1-763576087	
S1-634823785	
S1-96846270	
S1-148062430	
S1-383916739	
S1-834889307	
S1-139247392	
S1-260571484	
S1-975242325	
S1-537884383	
S1-118055780	
S1-981933744	
S1-771013275	
S1-652999655	
S1-607337819	
S1-417354361	
S1-764556437	
S1-670227162	
S1-962363816	S2-61732760
S1-444654644	
S1-803871703	
S1-202266223	
S1-261849948	
S1-657148219	
S1-834920713	
S1-759172735	
S1-563061692	
S1-322061281	
S1-873134087	
S1-953944769	
S1-377401629	
S1-631593486	
S1-498076232	
S1-886504002	
S1-205374621	
S1-758482766	
S1-406741996	
S1-346607452	S2-268738900
S1-470082232	
S1-393822318	
S1-116975983	
S1-339372671	
S1-881434949	
S1-2704223	
S1-203237248	
S1-127717094	
S1-731004131	
S1-794738725	
S1-35330203	
S1-409971598	
S1-71471565	
S1-181944488	
S1-820781944	
S1-629211148	
S1-825955188	
S1-948475665	
S1-531391256	
S1-802426010	
S1-788033442	
S1-588139158	
S1-41689575	
S1-614961694	
S1-714758357	
S1-287687911	
S1-441220594	
S1-510248001	
S1-615473907	
S1-94509393	
S1-604387439	
S1-89278570	
S1-511059521	
S1-469764130	S3-888037511
S1-342873464	
S1-325488851	
S1-564255098	
S1-160944907	
S1-121398345	
S1-464627075	
S1-324897025	
S1-160714917	
S1-736339603	
S1-101841656	
S1-3736993	
S1-532824230	
S1-757006990	S2-414487075
S1-894019709	
S1-31970656	
S1-420385220	
S1-133940870	
S1-176903553	
S1-84176897	
S1-461080848	
S1-375318337	
S1-514511445	
S1-804727038	
S1-393900589	
S1-371638135	
S1-502843278	
S1-128705342	
S1-147606746	
S1-353550190	
S1-778329305	
S1-843773649	
S1-15047238	
S1-332332929	
S1-135312623	
S1-986584304	
S1-208128125	
S1-123301868	
S1-487288022	
S1-566938747	
S1-21864388	
S1-877535932	
S1-669693701	
S1-890322762	
S1-194015010	
S1-483720340	
S1-381064622	
S1-466374863	
S1-342676644	
S1-410396330	
S1-434244586	
S1-24733598	
S1-244220599	
S1-199365309	
S1-585135551	
S1-753609021	
S1-145568893	
S1-766493916	
S1-9054062	
S1-66624529	
S1-960720591	
S1-953839740	
S1-886570570	
S1-128619518	
S1-529793207	
S1-551243362	
S1-599913343	
S1-462626816	
S1-654088538	
S1-362505348	
S1-326298893	
S1-740571360	
S1-589028759	
S1-243908651	
S1-598274486	
S1-391870011	
S1-521447877	
S1-759967786	
S1-934049127	
S1-350587460	
S1-520099266	S3-197008620
S1-393042006	
S1-841788365	
S1-25142480	
S1-552360359	S3-308936721
S1-584913343	
S1-408868296	
S1-235112222	S2-202312555,S2-433954722,S2-653042915,S2-803146186,S2-93749685,S3-341874857
S1-980018265	S2-720068854
S1-608320076	
S1-752338805	
S1-560135371	
S1-988820971	
S1-734745595	
S1-639841356	
S1-995846643	
S1-284698801	
S1-600381244	
S1-176169918	
S1-481707213	
S1-916987805	
S1-475366597	
S1-283004459	
S1-205205479	
S1-180090699	
S1-467661422	
S1-621213479	
S1-629208774	
S1-96324023	
S1-827444274	
S1-590705677	
S1-802127643	
S1-307518360	
S1-453890889	S2-496675735
S1-933269222	
S1-734817573	
S1-536733679	
S1-644734912	
S1-386613814	
S1-618553062	
S1-428497799	
S1-844804102	
S1-933548018	
S1-684395131	
S1-804661399	
S1-587253788	
S1-983049220	
S1-628097260	
S1-953122547	
S1-373622664	
S1-360685904	
S1-206499236	
S1-486555686	
S1-898113943	
S1-798068607	
S1-113616524	
S1-527987751	
S1-242880104	
S1-270387584	
S1-422751261	
S1-168004832	S2-328363510
S1-557272521	
S1-192757491	
S1-191360175	
S1-725854	
S1-729323823	
S1-449448757	
S1-193084224	
S1-210948986	
S1-761405377	
S1-671372920	
S1-441865901	S3-315248122
S1-907419019	
S1-649376781	
S1-760573107	
S1-274455411	
S1-955514727	
S1-280077238	
S1-694985134	
S1-543585590	
S1-705607143	
S1-197422322	
S1-656195389	
S1-968145136	
S1-120748275	
S1-754622638	
S1-214971900	
S1-504744890	
S1-793978135	
S1-133129190	
S1-295042765	
S1-766363659	
S1-134676847	
S1-736933310	
S1-909367904	
S1-424091521	
S1-771044656	
S1-591953826	
S1-326714570	
S1-192698435	S2-296857116
S1-672758998	
S1-238022058	
S1-850392468	
S1-620772726	
S1-723423002	
S1-725528924	
S1-605558563	
S1-70478106	
S1-253017848	
S1-86777239	
S1-139983644	
S1-372848039	
S1-839940342	
S1-440547606	
S1-504664374	
S1-434153346	
S1-985835444	
S1-685817615	
S1-940692963	
S1-611894415	
S1-362859109	
S1-866148806	
S1-780240231	
S1-691373431	
S1-989126845	
S1-785667043	
S1-947674704	
S1-6180821	
S1-870839628	
S1-330058622	
S1-794297403	
S1-159890558	
S1-997258533	
S1-587371725	
S1-909995923	
S1-568885106	
S1-799143718	
S1-799193203	
S1-184737459	
S1-339851645	
S1-376191315	
S1-626546167	
S1-923804516	
S1-747173650	
S1-3506625	
S1-134351277	
S1-753650277	
S1-462348676	
S1-844230075	
S1-470221595	
S1-812259483	
S1-691538011	S3-718504937
S1-19996051	
S1-561715192	
S1-583575674	
S1-762570754	
S1-998941828	
S1-443897974	
S1-898871118	S2-713264333,S2-878460826,S3-60303669
S1-470246117	
S1-565158327	
S1-23616069	
S1-792750751	
S1-391468154	
S1-412995804	
S1-380144929	
S1-261947471	
S1-204245648	
S1-365689183	
S1-513715879	
S1-681981859	
S1-30860177	
S1-536946605	
S1-925758069	
S1-597695884	
S1-686682704	
S1-116814757	
S1-761022384	
S1-48003362	
S1-26487143	
S1-736575949	
S1-53392067	
S1-137740549	
S1-553894773	S2-202312555,S2-54016063,S2-681038146,S3-124884606,S3-459550291,S3-732045847,S3-751163531
S1-241997245	
S1-310922926	
S1-590405199	S2-347970292
S1-286837629	
S1-217247758	
S1-696242729	
S1-894195368	
S1-331251473	
S1-669556663	
S1-517943907	
S1-956847167	
S1-21649991	
S1-830258468	
S1-303971521	
S1-452696440	
S1-57911893	
S1-975659342	
S1-478603786	
S1-6823190	
S1-179277289	
S1-82785030	
S1-251496465	
S1-613016634	S2-277659931,S2-317895232,S3-415582626
S1-343783653	
S1-556276648	
S1-909411180	
S1-7995386	
S1-169201910	
S1-406347984	
S1-641928373	
S1-81655186	
S1-948001306	
S1-325947674	
S1-11913039	
S1-925572742	
S1-121365905	
S1-482768422	
S1-442868902	
S1-167151690	
S1-181615135	
S1-983465337	
S1-918642501	
S1-699832758	
S1-958447024	
S1-612936942	
S1-419218691	
S1-992702231	
S1-904284449	
S1-351235481	
S1-892393422	
S1-402198210	
S1-248621198	S2-636532241
S1-804290379	S3-539709659
S1-88825958	
S1-963123725	S2-767912318,S3-144159472,S3-328940207,S3-561839301
S1-454519927	
S1-529149195	
S1-201024412	
S1-856543533	
S1-888980366	S2-225052205,S2-346644481,S2-497972322,S2-728767898,S3-117250439,S3-341847420,S3-379835856,S3-571327237,S3-660080086
S1-745637064	
S1-976259612	S2-767912318,S3-144159472,S3-328940207,S3-561839301
S1-497021205	
S1-347740991	
S1-190584505	
S1-855028645	
S1-457546583	
S1-167574429	
S1-647646211	
S1-179483691	
S1-174798420	
S1-722978079	
S1-930411471	S2-305204489
S1-504788194	
S1-639726802	
S1-305899003	
S1-835481295	
S1-8274015	
S1-526230599	
S1-505772290	
S1-543950302	
S1-166747733	
S1-639681733	
S1-158737824	
S1-40651432	
S1-904749332	
S1-368880204	
S1-123427501	
S1-337868520	
S1-867729486	S2-318999151
S1-464467946	
S1-496269886	
S1-46604460	
S1-184131713	
S1-202416942	
S1-90168447	
S1-963092207	
S1-614136919	
S1-166636594	
S1-961591399	
S1-556404406	
S1-105802860	
S1-459239333	
S1-556486343	
S1-266293279	
S1-613750197	
S1-542449152	
S1-678008227	
S1-8424697	S3-855479874
S1-634154428	
S1-196527396	
S1-859983134	
S1-923853107	
S1-194949329	
S1-935499088	
S1-89878593	
S1-340462952	
S1-400145515	
S1-663128685	
S1-618398879	
S1-65650218	
S1-432313845	
S1-718435072	
S1-663846065	
S1-924256499	
S1-329737706	
S1-312771295	
S1-241169060	
S1-992178074	
S1-570683063	S3-953947930
S1-607530780	
S1-182346407	
S1-726915062	
S1-666188816	
S1-250307141	
S1-69968286	
S1-991076831	
S1-327541493	S3-936498658
S1-60955475	
S1-236262914	
S1-639425209	
S1-34911312	
S1-104184687	
S1-658999401	
S1-927078438	
S1-279445951	
S1-104839281	
S1-933483235	
S1-985662915	
S1-604935972	
S1-420033614	
S1-905063054	
S1-784263248	
S1-550338513	
S1-440757015	
S1-147576016	
S1-606454726	
S1-667452774	
S1-273136892	
S1-955501949	
S1-186264097	
S1-634201359	
S1-27482692	
S1-305718689	
S1-846689838	
S1-401260633	
S1-989232312	
S1-546809820	
S1-631807860	
S1-886040528	
S1-830950731	
S1-985093501	
S1-268934543	
S1-289595035	
S1-386455060	
S1-279851278	
S1-538134175	
S1-392348243	
S1-321015365	
S1-988230085	
S1-79500265	
S1-525751715	
S1-629738090	
S1-457217775	
S1-179930353	
S1-574938900	
S1-652739641	
S1-696688814	
S1-527013893	
S1-816721332	
S1-510230595	
S1-249706966	
S1-832853173	
S1-942390017	
S1-375096340	
S1-658166924	
S1-502753023	
S1-635266480	
S1-556300216	
S1-791597299	
S1-912493311	
S1-942101872	
S1-419857916	
S1-726229309	
S1-441202241	
S1-184039288	
S1-97480674	
S1-945427294	
S1-823020674	
S1-858859934	
S1-573262328	
S1-164821553	
S1-529965741	
S1-953719360	
S1-358761116	
S1-13683003	
S1-464350354	
S1-264315137	
S1-939806980	
S1-92306970	
S1-117423211	
S1-637602432	
S1-330727536	
S1-521700490	
S1-145626317	
S1-826302181	
S1-615237696	
S1-676641346	
S1-70350743	
S1-712529646	
S1-769487375	
S1-852913850	
S1-264933844	
S1-449818562	
S1-687237463	
S1-184578170	
S1-347100569	
S1-254881454	
S1-803225361	
S1-279415834	S2-28676907,S2-559838512
S1-512568647	
S1-65758945	
S1-461586872	
S1-881484940	
S1-224312998	
S1-556188012	
S1-58428539	
S1-940060453	
S1-217339171	
S1-148602935	
S1-761833623	
S1-365278233	
S1-23300846	
S1-745288590	S3-139387570
S1-621604911	
S1-702737734	
S1-220203859	
S1-96964166	
S1-423104459	
S1-790593120	
S1-467195817	
S1-538384668	
S1-775392376	S2-979911816
S1-152762654	
S1-312362355	S2-27829849,S2-453996934,S3-420433413
S1-9027975	
S1-974754996	
S1-164391006	
S1-269808434	
S1-139219070	
S1-47822624	
S1-361464470	
S1-81462779	
S1-360152923	
S1-391189150	
S1-492207966	
S1-512665066	
S1-165944244	
S1-754951289	
S1-110272345	
S1-202484140	
S1-31966520	
S1-370158989	
S1-892122720	
S1-744063102	
S1-131597083	
S1-727725027	
S1-528825750	
S1-568262877	
S1-779268002	
S1-762370125	
S1-399007306	
S1-828816791	
S1-306624608	
S1-270268114	
S1-860778485	
S1-588135984	
S1-780767812	
S1-722542054	
S1-198005042	
S1-173156170	
S1-185366016	
S1-770580266	
S1-734706893	
S1-848926724	
S1-669551981	
S1-638277715	
S1-171483445	
S1-35347168	
S1-745614656	
S1-562800218	
S1-857559886	
S1-37566065	
S1-400103570	
S1-134221652	
S1-801684233	
S1-313475167	
S1-241499271	
S1-401946299	
S1-321131141	
S1-488008181	
S1-254991115	
S1-596866139	
S1-402393249	
S1-276613636	
S1-756754424	
S1-733460650	
S1-851240604	
S1-240220682	
S1-504707134	
S1-345824520	
S1-70778705	
S1-408255746	
S1-182381385	
S1-266996441	
S1-269042483	
S1-724487597	
S1-256229612	
S1-127526170	
S1-813272162	
S1-738699105	
S1-40980294	
S1-774205637	
S1-586534269	
S1-264850981	
S1-382658969	
S1-526585652	
S1-525275320	
S1-395383015	
S1-41901471	
S1-284263921	
S1-704893631	
S1-679064105	
S1-185256700	S2-775834761
S1-491726485	
S1-626163370	
S1-39960140	
S1-438507047	
S1-467307154	
S1-581476835	
S1-242714172	
S1-584627161	
S1-369348128	
S1-137844006	
S1-85494204	
S1-155013065	
S1-83502584	
S1-910823352	
S1-781370274	
S1-625364879	
S1-132495608	
S1-384672882	
S1-344996528	
S1-41874364	
S1-64984323	S3-767638094
S1-145755698	
S1-604721005	
S1-560163369	
S1-920791507	
S1-507543825	
S1-285700939	
S1-661754778	
S1-269630726	
S1-895264709	
S1-954635198	
S1-681276822	
S1-287614744	
S1-215186177	
S1-998245030	
S1-833909219	
S1-327370944	
S1-974616703	
S1-101214109	
S1-174195451	
S1-5961117	
S1-214202934	
S1-804281251	S2-984073761,S3-288528673
S1-783515666	S2-164531605
S1-204324314	
S1-384900691	
S1-113986641	S2-884142428,S3-23424262
S1-567961091	
S1-648459103	
S1-403905102	
S1-901130533	S2-460180959
S1-414519591	
S1-541141691	
S1-297464913	
S1-453194873	
S1-606899729	
S1-689278284	
S1-100504126	
S1-211302806	
S1-322294840	
S1-339471454	
S1-984402946	S2-521485245,S2-573152653,S2-865296385,S3-293044075
S1-936698201	
S1-985693120	S2-244461000,S2-258925491,S2-841505563,S3-173314585,S3-654708839,S3-682461332,S3-854598339
S1-453877550	
S1-223728762	
S1-21411075	
S1-620136625	
S1-373225964	
S1-197633664	
S1-936160660	
S1-121892883	
S1-406001443	
S1-904341086	
S1-915359425	
S1-719225588	
S1-610872423	
S1-661771786	
S1-409863412	
S1-928281149	
S1-488732462	
S1-221441028	
S1-295317034	
S1-113528362	
S1-435695578	
S1-741353700	
S1-469243894	
S1-244503152	
S1-161924478	
S1-452285851	
S1-150270422	
S1-755213325	
S1-561329029	
S1-792118328	
S1-287418653	
S1-737991186	
S1-311539615	
S1-623933608	
S1-340763819	
S1-624620709	S2-810380596
S1-709701767	
S1-98465573	
S1-949145124	
S1-331963104	
S1-757012284	
S1-45200288	
S1-490499168	
S1-844217518	S2-247738094,S2-251860012,S2-51435294,S2-715729108,S2-913195122,S3-618110846,S3-957723993
S1-6099513	
S1-113782810	
S1-525603482	S2-183551207
S1-222996922	
S1-817448964	
S1-295571067	
S1-370563081	
S1-808293729	
S1-730482631	
S1-820247134	
S1-472717438	
S1-587599322	
S1-571040370	
S1-872420811	
S1-999899901	
S1-774059465	
S1-600220571	
S1-574403019	
S1-35549032	
S1-270294268	
S1-748790009	
S1-404896741	
S1-292338581	
S1-150184358	
S1-355773631	
S1-422058912	
S1-475045875	
S1-116686204	
S1-64092559	
S1-859752664	
S1-868553203	
S1-721305512	
S1-539082603	
S1-91026603	
S1-983312540	
S1-873994836	
S1-258239594	
S1-696367215	
S1-11779553	
S1-867005374	
S1-106682451	
S1-469767680	
S1-214610251	
S1-941628444	
S1-9246416	
S1-451523396	
S1-256036499	
S1-621848476	
S1-538069414	
S1-300362934	
S1-19776677	
S1-699627847	
S1-1931563	
S1-649471694	
S1-680139742	
S1-335595457	
S1-106884838	
S1-744518366	
S1-221554875	
S1-817366102	
S1-89883571	
S1-752564296	
S1-916144597	
S1-840321536	
S1-25345781	
S1-518556807	
S1-600631224	
S1-47961283	
S1-190969364	
S1-411155012	
S1-693591064	
S1-840914187	
S1-420984015	
S1-652404128	
S1-375221936	
S1-103254547	
S1-337392886	
S1-112823263	
S1-84972397	S3-288528673
S1-813803719	
S1-842886059	
S1-15124876	
S1-405971708	
S1-251785766	
S1-843857403	
S1-735335335	
S1-830043067	
S1-736674402	
S1-493324621	
S1-809813780	
S1-579658470	
S1-823041039	
S1-21830369	
S1-316377982	
S1-83901271	
S1-575721664	
S1-237850939	
S1-106796207	S2-347970292
S1-527675361	
S1-824673282	
S1-126323414	
S1-996539173	
S1-370831957	
S1-549356347	
S1-656470805	
S1-293963701	
S1-368371055	
S1-76702012	
S1-138604342	
S1-506040178	
S1-641564537	
S1-782071005	
S1-297230644	
S1-351534359	
S1-464668621	
S1-188580526	
S1-649034728	
S1-79478647	
S1-591514270	
S1-813614123	
S1-494055902	
S1-239974953	
S1-866639013	
S1-325762863	
S1-122698431	S2-548973387,S2-955876497
S1-742045503	
S1-355502055	
S1-625789153	
S1-855158411	
S1-668211955	
S1-195910103	
S1-160953838	
S1-86620126	
S1-714362878	S3-390737113
S1-934663566	
S1-731650082	
S1-395039063	
S1-125126409	
S1-185632284	
S1-604585876	
S1-350831099	
S1-452191381	
S1-40476139	
S1-436268859	
S1-524012410	
S1-932437383	
S1-443439877	
S1-415602812	
S1-316213152	
S1-86643414	
S1-913822524	
S1-985340405	
S1-370151177	
S1-155952601	
S1-953408642	
S1-503472626	
S1-836803602	
S1-529663989	
S1-321927171	
S1-576053442	
S1-758297166	
S1-103676637	
S1-462858719	
S1-394729509	
S1-620513500	
S1-870143842	
S1-467064127	
S1-262508025	
S1-677079599	
S1-534217810	
S1-432306134	
S1-355117146	
S1-82776309	
S1-169691101	
S1-471639427	
S1-583182223	
S1-991996607	
S1-604182785	
S1-143504697	
S1-507745122	
S1-580642315	
S1-547568588	
S1-798448043	
S1-385937424	
S1-93347049	
S1-4324325	
S1-802064381	
S1-628697147	
S1-206691818	
S1-179036841	
S1-364805912	
S1-699315845	
S1-821956799	
S1-238446401	
S1-505610705	
S1-996655932	
S1-774726953	
S1-714460567	
S1-284146815	
S1-920398795	
S1-74222424	
S1-681137469	
S1-245426218	
S1-546692566	S2-217954506
S1-740897939	
S1-161619862	
S1-321358410	
S1-563990730	
S1-128584801	
S1-171301169	
S1-64112202	
S1-400845778	
S1-801141500	S2-627452855
S1-647054621	
S1-902420514	
S1-866792055	
S1-704149342	
S1-306915715	
S1-582003871	
S1-456462294	
S1-102446552	
S1-18645300	
S1-732923132	
S1-81353366	
S1-183727571	
S1-208814250	
S1-594652596	
S1-469917853	
S1-823897977	
S1-627527342	
S1-887344774	
S1-480047373	
S1-933328227	
S1-845879179	
S1-385001443	
S1-406162927	S3-170093050
S1-440324135	S2-735585129
S1-538045066	
S1-609084845	
S1-604080039	S2-128548910
S1-119786375	
S1-775652836	
S1-321670900	
S1-482291081	
S1-288589845	
S1-539120728	
S1-443531785	
S1-175397326	
S1-6499163	
S1-73226643	
S1-180056763	
S1-809573977	
S1-801516873	
S1-882473765	S2-458673880
S1-662225225	
S1-644624717	
S1-808696287	
S1-434024144	
S1-374409009	
S1-152134444	
S1-127816721	
S1-134374957	
S1-856467478	
S1-554409314	
S1-146530266	
S1-823922175	
S1-408435098	
S1-440597558	
S1-591150822	
S1-593459779	
S1-791496569	
S1-458756192	
S1-670711932	
S1-794818793	
S1-665800019	
S1-547170396	
S1-263606765	
S1-321249143	
S1-836395717	
S1-276809668	S2-243924265
S1-455456573	
S1-579611532	
S1-345258792	
S1-994669274	
S1-508708284	
S1-243827489	
S1-705440959	
S1-998721749	
S1-619704074	
S1-859604930	
S1-593393537	
S1-352517124	
S1-25556177	
S1-424685877	
S1-514914758	
S1-5987648	
S1-889648707	
S1-437988236	
S1-983881667	
S1-784295187	
S1-577351140	
S1-70448190	
S1-72990932	
S1-442396046	
S1-529437016	
S1-516892804	
S1-340780438	
S1-427537239	
S1-224083344	S2-336750623
S1-437818691	
S1-389982563	
S1-308121035	
S1-270927613	S2-895939802
S1-152405545	
S1-239103533	
S1-877428374	
S1-29052104	
S1-809994854	
S1-719765249	
S1-301606479	
S1-38632846	
S1-535263724	
S1-25520718	
S1-579251454	
S1-242673376	
S1-375753756	
S1-443707583	
S1-22357684	
S1-344405844	
S1-373834350	
S1-932441464	
S1-140070350	
S1-724147812	
S1-729091169	
S1-23968839	
S1-380629407	
S1-903541456	
S1-116722364	
S1-311999964	
S1-599086798	
S1-465219312	
S1-363274865	
S1-581862872	
S1-547654579	
S1-899547248	
S1-134562185	
S1-910178683	
S1-968151555	
S1-702613930	
S1-204299297	
S1-768441876	
S1-848465800	S2-531845572,S3-678442040
S1-450455716	
S1-10390478	
S1-492545577	
S1-914145485	
S1-667885606	
S1-370528218	S3-950142579
S1-265606002	
S1-454759638	
S1-671053506	
S1-292025908	
S1-593583960	
S1-574475559	
S1-432524926	
S1-618498052	
S1-557140139	
S1-481749551	
S1-641069693	
S1-943515549	
S1-117805160	
S1-906231400	
S1-201577141	
S1-316293514	
S1-169452791	
S1-611218954	
S1-626358916	
S1-6485253	
S1-978330036	
S1-866889757	
S1-311484480	
S1-994538212	
S1-335581492	
S1-74928688	
S1-739911223	
S1-103697581	
S1-564921866	
S1-715805712	
S1-304518670	
S1-886420261	
S1-134437550	
S1-341676970	
S1-329148645	
S1-935251151	
S1-322451145	
S1-290355277	
S1-65359188	
S1-315802959	
S1-977114149	
S1-80935453	
S1-439000618	
S1-838117150	
S1-752284719	
S1-829980723	
S1-616463409	
S1-347723740	
S1-73018035	
S1-971060635	
S1-549566105	
S1-379118663	
S1-308058679	
S1-420909556	
S1-284384374	
S1-118508455	
S1-713497057	
S1-750757717	
S1-145274121	
S1-174884992	
S1-226250331	S3-443118348
S1-248006965	
S1-199837579	
S1-687141149	
S1-118503697	
S1-387189205	
S1-770612778	
S1-182855613	
S1-197936793	
S1-892366961	
S1-912297272	
S1-541478947	
S1-636587053	
S1-106266328	
S1-63236227	
S1-974297489	S2-592097356,S2-805173659,S3-179516856
S1-328365526	
S1-428112056	
S1-512576348	
S1-793631451	
S1-334513712	
S1-337554774	
S1-489932764	
S1-697940966	
S1-229718461	
S1-112929335	
S1-330749164	
S1-829503867	
S1-980915307	
S1-490787800	
S1-455795179	
S1-115646812	
S1-743789302	
S1-886000299	
S1-278855930	
S1-347102597	
S1-685346277	
S1-193193045	
S1-36039693	
S1-244735450	
S1-938466456	
S1-569049303	
S1-712945606	
S1-715132709	
S1-831116658	
S1-266974992	
S1-878907560	
S1-863698826	
S1-620369744	
S1-981226897	
S1-172890283	
S1-913282124	
S1-317408082	S3-346084461
S1-765127924	
S1-223128730	
S1-928167336	
S1-541614913	
S1-749493838	
S1-405967272	
S1-29887700	
S1-296547736	
S1-560347460	
S1-782982548	
S1-57442136	
S1-476257231	
S1-946836373	
S1-5693432	
S1-530376996	
S1-7558608	S2-453996934
S1-391384323	
S1-495562157	
S1-683596940	
S1-28706709	
S1-470721454	
S1-119182322	
S1-772933699	
S1-82229776	
S1-747429313	
S1-601513941	
S1-176473346	
S1-383107033	
S1-834835643	
S1-97154389	
S1-267605202	S3-34400710
S1-883774314	
S1-211895368	
S1-849361450	
S1-407311544	
S1-40917484	
S1-295049838	
S1-209457816	
S1-22352490	
S1-878775989	
S1-86720440	
S1-40878372	
S1-104415865	
S1-517728401	
S1-205694058	
S1-96584862	
S1-7797089	S2-948702725
S1-854119868	
S1-227298385	
S1-413032473	
S1-27036072	
S1-855924110	
S1-681236950	
S1-788134432	
S1-695000532	
S1-575814763	
S1-644042057	
S1-92648800	S2-510757616,S2-720833267,S3-120443833,S3-187020312,S3-224800158,S3-582977744,S3-621306900
S1-492402021	
S1-97033141	
S1-221380915	
S1-559363824	
S1-527765364	S2-346644481,S2-471303511,S2-497972322,S2-519920719,S2-728767898,S2-994528455,S3-117250439,S3-379835856,S3-571327237,S3-641814249,S3-660080086
S1-819014807	
S1-810646158	
S1-317219114	S2-183109534
S1-987744179	
S1-657313766	
S1-969401921	
S1-700945054	
S1-830879770	
S1-2468743	
S1-463503631	
S1-904042881	
S1-829289816	
S1-98940764	
S1-337712006	
S1-300450691	S3-974588452
S1-32273608	
S1-711315368	
S1-643186925	
S1-270823749	
S1-702069958	
S1-973424595	S2-123007061,S2-207217799,S2-329405096,S2-574584543,S2-63082253,S2-703722492,S2-847933753,S2-907620830,S2-920233551,S2-984363671,S3-148156789,S3-244669915,S3-788049212,S3-814880158
S1-258018673	S2-147686039
S1-311250972	
S1-24437330	
S1-828571767	
S1-767322380	
S1-50646677	
S1-219298161	
S1-551011967	
S1-458154270	
S1-845055150	
S1-85429369	
S1-115397504	
S1-401173615	S3-521827847
S1-846326049	
S1-241182875	
S1-564072727	
S1-285830362	
S1-400046152	
S1-956618639	
S1-695349120	
S1-896664940	
S1-171322458	
S1-452867801	
S1-638827025	S2-464881130
S1-660791597	
S1-683369424	
S1-94725206	
S1-590806941	
S1-354912818	
S1-504317067	
S1-353267246	
S1-428047276	
S1-209109261	
S1-17379296	
S1-41893357	
S1-627508260	
S1-88312437	
S1-867306065	
S1-249385105	
S1-835153694	
S1-255784356	
S1-856104992	
S1-904077303	
S1-938347058	S2-53494178
S1-346960267	S2-102002062,S2-137864735,S2-346969873,S2-853027522,S3-38509410,S3-524220025,S3-606159038
S1-231489380	
S1-626916963	
S1-65171010	
S1-194826471	
S1-311800536	
S1-971787863	
S1-907672129	
S1-27163124	
S1-463222044	
S1-923273113	
S1-175194733	
S1-34288669	
S1-584901426	
S1-196988481	
S1-377467920	
S1-58210858	
S1-153788020	
S1-371647743	
S1-739895250	
S1-497954543	
S1-596323560	
S1-861793118	
S1-879293104	
S1-361609293	
S1-512207386	
S1-92244610	
S1-599534961	
S1-57761573	
S1-80262755	
S1-215970669	
S1-467251335	
S1-437888926	
S1-680744368	
S1-149749898	
S1-283392944	
S1-926807390	
S1-474605700	
S1-684968275	
S1-715316493	
S1-206248630	
S1-54740498	
S1-24541267	
S1-610524846	
S1-284438886	
S1-689358755	
S1-819311484	
S1-680325341	
S1-693335879	
S1-268612077	
S1-990649307	
S1-716665914	
S1-735905575	
S1-122300190	
S1-2353012	
S1-410899129	
S1-159112733	
S1-722000637	
S1-491209181	
S1-413847744	S2-244461000,S2-638926005,S3-589549758,S3-736056928
S1-556003429	
S1-181232447	S2-272351032,S2-454483999,S2-591482651,S2-59604091,S2-814744581,S3-638541983
S1-900985721	
S1-662095055	
S1-816007266	
S1-64781596	
S1-213758950	
S1-262011256	
S1-229829546	
S1-714316032	
S1-958347920	
S1-244906182	
S1-633451746	
S1-140810296	
S1-822438699	
S1-722380130	
S1-132106328	
S1-423807888	
S1-155834093	
S1-939264026	
S1-633535219	S2-346644481,S2-497972322,S2-728767898,S3-117250439,S3-379835856,S3-571327237,S3-660080086,S3-735923193,S3-857183109
S1-835011381	
S1-299461938	
S1-550861677	
S1-472446506	
S1-371214309	
S1-797621093	
S1-710772836	
S1-86229353	
S1-176257091	
S1-386492594	
S1-962437819	
S1-772238137	
S1-134659985	
S1-722569188	
S1-624760031	S2-29569525
S1-939632362	S2-134105528
S1-627728374	
S1-282195500	
S1-278288499	
S1-945617267	
S1-748540219	
S1-522243965	
S1-441341795	
S1-483125360	S2-247738094,S2-461662527,S2-829602188
S1-52720887	
S1-248164003	
S1-250561084	
S1-169348607	
S1-914798298	
S1-361815355	
S1-420018969	
S1-837755954	
S1-85018757	
S1-882217295	
S1-71085277	
S1-394216284	
S1-33537904	S2-194482594,S2-261149262
S1-154654911	
S1-329784984	
S1-676305101	
S1-718548659	
S1-11446370	
S1-128125945	
S1-575662294	
S1-187457417	
S1-997942594	
S1-482141468	
S1-371973593	
S1-815991000	
S1-217714194	
S1-951968670	
S1-607134420	
S1-374095321	
S1-413862620	S2-71850350
S1-904015844	
S1-745934466	
S1-961464160	
S1-434600000	
S1-848536858	
S1-878896499	
S1-342294830	
S1-558146284	
S1-833528148	
S1-187218255	
S1-274635836	
S1-108983531	
S1-878817772	
S1-272956344	
S1-781956447	
S1-346566716	
S1-918175030	
S1-772202074	
S1-82532886	
S1-153220001	
S1-105285458	
S1-750324576	
S1-731756794	
S1-557128985	
S1-72052410	
S1-379289502	
S1-3198765	
S1-730206201	
S1-5744416	
S1-813704795	
S1-199288890	
S1-782358277	
S1-82131166	
S1-110996879	
S1-337258177	
S1-829581580	S2-211808993,S2-226661564
S1-927767522	
S1-861177014	
S1-264066897	
S1-424730373	
S1-321311909	
S1-212666465	
S1-557213384	
S1-761143254	
S1-935138038	S2-401976445
S1-517382108	
S1-757985242	
S1-571238227	
S1-925323840	
S1-22759274	
S1-389269992	
S1-38778076	
S1-284442173	
S1-925663791	
S1-496092984	
S1-466168876	
S1-353868295	
S1-627703605	
S1-43228768	S3-536391720
S1-302316304	
S1-848841733	
S1-132675226	
S1-74956630	
S1-909712883	S2-54111755
S1-316698551	
S1-366372863	S3-290792424
S1-527245373	
S1-359096280	
S1-914640566	
S1-952034060	
S1-376418977	
S1-584508334	
S1-762369726	
S1-864527593	S3-48058202
S1-997987462	
S1-296190613	
S1-158677022	
S1-858480081	
S1-976961334	
S1-115312875	
S1-827364066	
S1-921005221	
S1-10197150	
S1-81838318	
S1-323342100	
S1-445889386	
S1-185181720	
S1-114491219	
S1-190198666	
S1-64729810	
S1-788897896	
S1-678510247	
S1-639704619	
S1-591750179	
S1-961474618	
S1-462461767	
S1-603344212	
S1-141751989	
S1-642676420	
S1-15079610	
S1-123326811	
S1-747159863	
S1-827231694	
S1-786909513	S3-528244089
S1-332262305	
S1-811017624	
S1-662449245	
S1-677224792	
S1-793361883	
S1-661617441	
S1-87372243	
S1-669489565	
S1-316157504	
S1-937549438	
S1-515867804	
S1-964167510	
S1-159868009	
S1-989541870	
S1-93523926	
S1-918785269	
S1-425848324	
S1-47727154	
S1-212321880	
S1-717773621	
S1-38282196	S3-130647528
S1-727668577	
S1-571286473	
S1-983602955	
S1-113064708	
S1-777952076	
S1-675939722	
S1-565409679	
S1-519673370	
S1-83385981	
S1-146044159	
S1-211319562	
S1-266582239	
S1-902444174	
S1-676041683	S2-741120473
S1-413830808	
S1-54351750	
S1-12384803	
S1-435163120	
S1-13675467	
S1-646870856	
S1-842969504	
S1-180119996	
S1-49336698	
S1-377469086	
S1-220556938	
S1-404020924	
S1-24543802	
S1-391641497	
S1-990178494	
S1-54148686	
S1-938727428	
S1-219465112	
S1-3142080	
S1-955483257	
S1-272366666	
S1-4484302	
S1-889231849	
S1-981816389	S3-621344927
S1-180083438	
S1-601470859	
S1-136837906	
S1-565269931	
S1-550563115	S3-678442040
S1-355223742	
S1-761585781	
S1-224589648	
S1-922319844	
S1-460574749	
S1-577479898	
S1-285574115	
S1-696609312	
S1-159743480	
S1-432334754	
S1-54306024	
S1-967756155	
S1-636831331	
S1-939455600	
S1-426490576	
S1-25272362	
S1-50613023	
S1-581362970	
S1-777277379	
S1-70042724	
S1-746973021	
S1-202635328	
S1-623726925	
S1-905187154	
S1-258549403	
S1-245876321	
S1-115013310	
S1-607380367	
S1-509251971	
S1-591017713	
S1-694850568	
S1-868192317	S2-115307278,S2-659711649
S1-576582527	
S1-21138063	S3-863445206
S1-595629648	S2-987576097,S3-711167582
S1-987014820	
S1-572858431	
S1-328538285	
S1-191619998	
S1-657010991	
S1-775331053	
S1-714982798	
S1-491275868	
S1-746950915	
S1-245276257	
S1-158462337	
S1-327010164	
S1-545170751	
S1-312457993	
S1-698291388	
S1-53949455	
S1-685852700	
S1-328396622	
S1-699203456	
S1-628267767	
S1-134514416	
S1-753468589	
S1-202820090	
S1-882884612	
S1-363186556	
S1-881956404	
S1-485921906	S2-704583556
S1-215117416	
S1-42651727	
S1-147812917	
S1-566750448	
S1-706485454	
S1-135513441	
S1-255346592	
S1-225431364	
S1-844825699	S2-700943799
S1-499498076	
S1-811969301	
S1-393562843	
S1-610731183	
S1-247277111	S3-317399927
S1-335082026	
S1-952591771	S2-950680857
S1-257052393	
S1-257976321	
S1-627843568	
S1-392296545	
S1-611796671	
S1-516384052	
S1-443223561	
S1-147132308	
S1-94348052	
S1-80914411	
S1-432492382	
S1-729120952	
S1-315847776	S2-383030202,S2-653042915
S1-169243418	
S1-953959690	
S1-850090394	
S1-937726770	
S1-903923940	
S1-918102871	
S1-95130213	
S1-877507563	
S1-88582229	
S1-38488975	
S1-794684693	
S1-516399974	
S1-558411375	
S1-174915822	
S1-79817815	
S1-83585125	S2-434865013
S1-326397276	
S1-920457248	
S1-963275609	
S1-402677262	
S1-981385750	
S1-807073316	S2-912417703,S3-499342098
S1-343116581	
S1-362580713	
S1-752067318	
S1-923671116	
S1-687601481	
S1-7294523	
S1-407942279	
S1-485313278	
S1-833960319	S2-813097957
S1-726249607	
S1-252574543	
S1-788989874	
S1-588046079	
S1-447111619	
S1-326567683	
S1-914461189	
S1-30699659	
S1-581325508	
S1-444855917	
S1-775252796	
S1-842211093	
S1-193743338	
S1-686843141	
S1-148039938	
S1-67022399	
S1-521233013	
S1-52611516	
S1-350144963	
S1-739241834	
S1-453430319	
S1-958405389	
S1-241554216	
S1-294877495	
S1-765190716	
S1-198313847	
S1-665123957	
S1-487654512	
S1-331705265	
S1-68142950	
S1-583398324	
S1-277742217	
S1-804222942	
S1-487942964	
S1-965422837	
S1-724792096	
S1-429734885	
S1-881247683	
S1-144210746	
S1-883309075	
S1-31952178	
S1-702872251	
S1-718757737	
S1-231890787	
S1-323110588	
S1-638226719	
S1-729316553	
S1-94554018	
S1-169518866	
S1-455578205	
S1-151289400	
S1-217032246	
S1-147233375	
S1-160756119	S2-244461000,S3-10971390,S3-216986249
S1-453556940	
S1-868107548	
S1-462928670	
S1-799225697	
S1-364884004	
S1-96408515	
S1-972169100	
S1-317701179	
S1-381468039	
S1-210266323	
S1-824991259	
S1-736415489	
S1-87808282	
S1-289308800	
S1-954365908	
S1-728030418	
S1-220850366	
S1-896185427	
S1-611306113	
S1-188384816	
S1-409782769	S3-503895482,S3-734747152
S1-482949322	
S1-729943840	
S1-9756121	
S1-118316237	
S1-541620944	
S1-684573089	
S1-890910043	
S1-592831214	
S1-370566152	
S1-294460534	
S1-472001843	
S1-683411846	
S1-461788037	
S1-271349189	
S1-83118682	S3-786680696
S1-451869762	
S1-226340405	
S1-111483811	
S1-767845158	
S1-472622058	
S1-120702628	
S1-262138906	
S1-321991154	
S1-370864660	
S1-646006909	
S1-929419984	
S1-694097383	
S1-755381126	
S1-670274757	
S1-292910484	
S1-33280199	
S1-166925797	
S1-800629127	
S1-121126111	
S1-933522866	
S1-349955991	
S1-30133038	
S1-496713472	
S1-434751008	
S1-829020178	
S1-685473647	
S1-682045435	
S1-544748961	
S1-87389045	
S1-841077542	
S1-862696503	
S1-622268252	
S1-689173538	
S1-7486124	
S1-812757839	
S1-99648002	
S1-848116346	
S1-645459476	
S1-534501246	
S1-408492661	
S1-565179782	
S1-408350288	
S1-806904569	
S1-458582048	
S1-518189679	
S1-377693371	
S1-466072485	
S1-286481838	
S1-828836796	
S1-911702689	
S1-368723802	
S1-815808804	
S1-636896228	
S1-741354434	
S1-34404946	
S1-78361282	
S1-803730464	
S1-333934234	
S1-742313567	S2-123007061,S2-236096250,S2-256621857,S2-329405096,S2-404142853,S2-534796720,S2-574584543,S2-63082253,S2-685480560,S2-703722492,S2-847933753,S2-920233551,S2-984363671,S3-148156789,S3-244669915,S3-737153310,S3-814880158,S3-949870446,S3-981293140
S1-316519590	
S1-65451122	
S1-372268596	
S1-9367247	
S1-564683280	
S1-276766030	
S1-622406325	
S1-587396912	
S1-122796367	
S1-642800065	
S1-340699524	
S1-301782028	S3-306653140,S3-811275466
S1-746188234	
S1-940703325	
S1-44544258	
S1-661719381	
S1-514270973	
S1-258646813	
S1-668622335	
S1-763252886	
S1-579128578	
S1-106139736	
S1-796722761	
S1-28639868	
S1-991936177	
S1-227231454	
S1-251622838	
S1-560402117	
S1-289438292	
S1-836419019	
S1-799601359	
S1-750253267	
S1-914099711	
S1-363514007	
S1-715114316	
S1-226365494	
S1-640893530	
S1-758917495	
S1-806259614	
S1-579042178	
S1-894789966	
S1-221410144	
S1-352591610	
S1-387756989	
S1-651220737	
S1-56948531	
S1-64970723	
S1-251741682	
S1-990789017	
S1-686297756	
S1-897483585	
S1-951465412	
S1-994660611	
S1-176331936	
S1-727303996	
S1-931516041	
S1-363725792	
S1-296700279	
S1-197340433	S2-746751180
S1-669909664	
S1-487680013	
S1-728307646	
S1-445377853	
S1-437336183	
S1-467644195	
S1-128934130	
S1-289273094	S2-725083304
S1-447378807	
S1-500057360	
S1-259800962	
S1-845173287	S2-837120038
S1-400091882	
S1-686493734	
S1-208160226	
S1-749521356	
S1-754452141	
S1-520842945	
S1-564320749	
S1-136430620	
S1-830969158	
S1-497621235	
S1-485984817	
S1-835125598	
S1-827632195	
S1-217177730	
S1-807885756	
S1-333522383	
S1-400017273	
S1-194009300	
S1-346066484	
S1-971386118	
S1-863645244	
S1-924755901	
S1-738098468	S2-719636913
S1-587061789	
S1-869724419	
S1-778742606	
S1-447479652	
S1-576032500	
S1-732203219	
S1-597423875	
S1-695973578	
S1-25141210	
S1-22389952	
S1-250987921	
S1-550410969	
S1-768667491	
S1-685904567	
S1-738316013	
S1-399806017	
S1-413658267	
S1-698137041	
S1-801108990	
S1-403385994	
S1-487527715	
S1-588044382	
S1-334055039	
S1-723863070	
S1-710986738	
S1-670985468	
S1-471853799	
S1-808225714	
S1-706620944	
S1-939830859	
S1-478049514	
S1-341865602	
S1-565949332	
S1-286044555	
S1-894797296	
S1-525589028	
S1-400766152	
S1-722053009	
S1-339227410	
S1-916656877	
S1-56123661	
S1-774735384	
S1-62860461	
S1-138437628	
S1-60631568	
S1-660055192	
S1-951473826	
S1-578598753	
S1-671253237	
S1-98300251	
S1-246728739	
S1-708771046	
S1-325924461	
S1-386527709	
S1-465316970	
S1-579627820	
S1-371137339	
S1-339537026	
S1-541749863	
S1-238316784	S2-185013334,S2-311176703,S2-465593416,S2-630984437,S2-784709177,S2-791580552,S2-856031019,S3-710323041,S3-772212289,S3-808387780
S1-341534219	
S1-408317670	
S1-85045960	
S1-25851754	
S1-306519637	
S1-432471241	
S1-119838211	
S1-537398833	
S1-73908707	S2-765834139
S1-321469102	
S1-276979224	
S1-331297761	S3-158851319
S1-251443907	
S1-487732863	
S1-606337745	S2-229490354
S1-597708660	
S1-623835343	S2-790145633,S3-170859479,S3-20787426,S3-233941087,S3-280541618,S3-369941843
S1-260559317	
S1-353963200	
S1-379764793	
S1-514221090	
S1-70614627	
S1-558697597	
S1-170324387	
S1-235825626	S2-521485245,S2-865296385,S3-293044075
S1-835063295	S2-196703165,S2-510757616,S2-614804837,S2-720833267,S3-120443833,S3-224800158,S3-582977744,S3-621306900
S1-757090171	
S1-608641208	
S1-28796047	
S1-5203534	
S1-173182724	
S1-461670868	
S1-602863821	
S1-907980341	
S1-106227627	
S1-570291777	
S1-976862306	S2-224738827
S1-647538921	
S1-10897156	
S1-522499256	
S1-242917297	
S1-358988554	
S1-859953621	
S1-127535880	
S1-333220587	
S1-428130207	
S1-689672048	
S1-499572873	
S1-485075565	
S1-562259642	
S1-886943940	
S1-867299047	
S1-785381508	
S1-597889444	
S1-790559373	
S1-51262934	
S1-185610447	
S1-516256372	
S1-624632873	
S1-136901929	
S1-280658672	
S1-334975437	
S1-117907945	
S1-6705011	
S1-376382085	
S1-206616307	
S1-950581910	
S1-480854271	
S1-198478731	
S1-799841046	
S1-207576428	
S1-921480980	
S1-419775794	
S1-343513659	
S1-443647854	
S1-782824355	
S1-247000516	S2-8007119
S1-12981164	
S1-940129060	
S1-871056833	
S1-414989959	
S1-14254321	
S1-431988270	
S1-416225194	
S1-753558104	
S1-499549900	S2-244461000,S2-29569525,S2-470324870,S2-642909030,S2-879541485
S1-899514352	
S1-283716591	
S1-459865107	
S1-940130077	
S1-337169624	
S1-879146702	
S1-119744156	
S1-474365474	
S1-474644742	
S1-1776451	
S1-829388794	
S1-310101353	
S1-702946756	
S1-14092281	
S1-149602833	
S1-855977355	
S1-958727847	
S1-226222359	
S1-954974060	
S1-41424333	
S1-656817690	S2-41801817
S1-626260807	
S1-927369922	
S1-298605900	
S1-510215534	
S1-168217509	
S1-668462367	
S1-563973456	
S1-1852442	
S1-270433004	
S1-806016688	
S1-812119004	
S1-953424153	
S1-243259664	
S1-565564958	
S1-968647360	
S1-781302444	
S1-613906763	
S1-763284159	
S1-457154712	
S1-464407202	
S1-52129316	
S1-479412358	
S1-664382671	
S1-157615557	
S1-88968834	
S1-554064177	
S1-803195980	
S1-335512984	
S1-258154827	
S1-791547852	
S1-466635914	
S1-80076896	
S1-341643624	
S1-885903746	
S1-770287895	
S1-802765650	
S1-774369651	
S1-590317761	
S1-212895900	S2-374090012
S1-782631006	
S1-682589579	
S1-21150382	
S1-947463747	
S1-864455557	
S1-243895684	
S1-319105132	
S1-814475424	
S1-520351889	
S1-117931402	
S1-241351785	
S1-251482421	
S1-817031857	
S1-499726254	
S1-907767426	
S1-711510966	
S1-474712072	
S1-166069300	
S1-838743046	
S1-895108490	
S1-731441654	
S1-320301153	
S1-80031161	
S1-515064429	S3-183927606
S1-989644055	
S1-470780604	
S1-676171271	
S1-436338555	
S1-471957425	
S1-734847409	
S1-553766874	
S1-954286746	
S1-675131269	
S1-862129202	
S1-851047820	
S1-443633299	S2-809147405
S1-720604093	
S1-699543405	
S1-457622213	
S1-359034895	
S1-397236282	
S1-519345283	
S1-270582490	
S1-297793229	
S1-728674227	
S1-226300243	S2-681043654
S1-922723192	
S1-947279649	
S1-849383602	
S1-757626283	
S1-788902193	
S1-933209770	
S1-267742297	
S1-747002868	
S1-418938514	S2-261149262
S1-86253570	
S1-117852639	
S1-949265981	
S1-500983241	
S1-617036974	
S1-486273245	
S1-878857093	
S1-795951098	
S1-21687782	
S1-836926609	
S1-498269261	
S1-363062725	
S1-319888770	
S1-62711249	S2-877522128
S1-603199759	
S1-515706113	
S1-944914988	
S1-279728907	
S1-472344902	
S1-351074306	
S1-900847391	
S1-208013245	
S1-455607013	
S1-120106336	
S1-293531123	
S1-537145488	
S1-150239684	
S1-310751563	
S1-277394512	
S1-514514352	
S1-698865618	
S1-905331900	
S1-708531004	
S1-197136409	
S1-519773253	
S1-412562738	
S1-662613580	
S1-856009252	
S1-650258319	
S1-621282712	
S1-544869967	
S1-83916747	
S1-685179213	
S1-160134212	
S1-204173927	
S1-676773897	
S1-120562438	
S1-926703130	
S1-254969784	
S1-481880646	
S1-640877247	
S1-971482613	
S1-893663376	
S1-367880780	
S1-926001728	
S1-188650481	
S1-680028784	
S1-627310029	
S1-391738174	
S1-627676525	
S1-8778427	
S1-796984150	
S1-924185489	S3-542824123
S1-435595504	
S1-752676452	
S1-869310887	
S1-59155912	
S1-731073766	
S1-445380784	
S1-420196399	
S1-587385050	
S1-444988306	S2-13072938,S2-613435235,S3-369941843,S3-437742410
S1-620850672	
S1-904277033	
S1-899267625	
S1-580412073	
S1-381599341	
S1-998016311	S2-198519159
S1-461424846	
S1-285132775	
S1-785936353	S2-252440461
S1-381250295	
S1-637422377	
S1-809817037	
S1-628489505	
S1-25274068	
S1-141143909	
S1-879296885	
S1-870375100	
S1-740974100	
S1-704264535	
S1-962398543	
S1-747189014	
S1-729314062	
S1-598117154	
S1-114287361	
S1-58054809	S3-498828673
S1-633853740	
S1-986302897	
S1-858528559	
S1-377366311	
S1-247058983	
S1-839552024	
S1-203472905	
S1-997037070	
S1-525898985	
S1-706720610	
S1-763779008	
S1-179193478	
S1-211238432	
S1-89313756	
S1-979785017	
S1-871304066	
S1-773814215	
S1-299421868	
S1-986079030	
S1-355563383	
S1-87065923	
S1-27647491	
S1-614527633	
S1-436642895	
S1-698452544	
S1-378796568	
S1-538499679	
S1-577146402	
S1-982049838	
S1-809470384	
S1-692604757	
S1-482403483	
S1-453497611	
S1-29729749	
S1-799785121	
S1-21634574	
S1-979549759	
S1-276065255	
S1-274082106	
S1-572248866	
S1-97944144	
S1-341133127	
S1-115345003	
S1-448086036	
S1-968323677	
S1-587014491	
S1-913414279	
S1-129125182	S3-768013266
S1-276152705	
S1-237951723	
S1-8153693	
S1-942015247	
S1-423065610	
S1-979889571	
S1-480993950	
S1-476716280	
S1-927256278	
S1-817651826	
S1-748241057	
S1-475666568	
S1-383445502	
S1-94375014	
S1-226882455	
S1-18801612	
S1-315230560	
S1-672928849	
S1-159563716	S2-512938733
S1-540392157	
S1-771683413	
S1-698995179	
S1-246755545	
S1-443249765	
S1-94953818	
S1-541734051	
S1-189944357	
S1-648722442	
S1-610523400	
S1-53140799	
S1-818934201	
S1-618858102	
S1-335345747	
S1-284658944	
S1-288841196	
S1-627630997	
S1-304732219	
S1-642128393	
S1-112333259	
S1-269563844	
S1-280763722	
S1-337831158	
S1-241330537	
S1-143649294	
S1-999046238	
S1-805353015	
S1-209719088	
S1-736437770	
S1-221681633	
S1-94017615	
S1-257482976	
S1-230479034	
S1-155077619	
S1-633290096	
S1-466230337	
S1-458264797	
S1-997920000	
S1-787795697	
S1-29703785	
S1-810811128	S3-206059513
S1-179932606	
S1-576794446	
S1-63754303	
S1-519852719	
S1-360146126	
S1-493583289	
S1-562584506	
S1-424993390	
S1-491839028	
S1-428968242	
S1-955653307	
S1-79886012	
S1-688883264	
S1-72606836	
S1-165145133	
S1-763799504	
S1-920259446	
S1-809167995	
S1-538123850	
S1-55916486	
S1-55125671	
S1-314468542	
S1-870360280	
S1-763500697	
S1-513190091	
S1-60225996	
S1-10801084	S2-272351032,S2-27829849,S2-454483999,S2-59604091,S2-814744581,S2-915410850,S3-638541983
S1-123128515	
S1-192604767	
S1-99975906	
S1-723628748	
S1-875092425	
S1-87460425	
S1-999480667	
S1-361721332	
S1-383291287	S3-855226001
S1-502393850	
S1-145698715	
S1-669556092	
S1-463364444	
S1-292001873	
S1-529862582	S3-898200009
S1-202057162	
S1-613292995	
S1-764400460	
S1-995339430	
S1-905550013	
S1-107907316	
S1-377605786	S2-436599584
S1-417099262	
S1-843911251	
S1-795802606	
S1-208602946	S2-185957316
S1-465743411	
S1-750560496	
S1-187981947	
S1-323759886	
S1-855597523	
S1-23893187	
S1-316617146	
S1-484404550	
S1-911163080	
S1-213395195	
S1-317338490	
S1-677375813	
S1-291638177	
S1-892938518	
S1-646382426	
S1-719640283	
S1-857872323	
S1-299368139	
S1-229983907	
S1-528685938	
S1-159980649	
S1-527222245	
S1-49583902	
S1-702448589	
S1-828492138	
S1-502719690	
S1-592651202	
S1-322891092	
S1-537451397	
S1-315666448	
S1-485859163	
S1-402954695	
S1-99402536	
S1-717344991	
S1-731840109	
S1-580114209	
S1-218169844	
S1-381157940	
S1-582770675	
S1-376157734	
S1-752323889	
S1-467846233	S2-214721534
S1-887450479	
S1-397953884	S2-607684664
S1-833908446	
S1-90047131	
S1-324852028	
S1-498009471	
S1-302204665	
S1-4199655	
S1-542300599	
S1-915314498	
S1-223329186	S2-123007061,S2-329405096,S2-534796720,S2-574584543,S2-63082253,S2-703722492,S2-847933753,S2-920233551,S2-984363671,S3-148156789,S3-244669915,S3-814880158
S1-550486524	
S1-258159872	
S1-420709420	
S1-430393675	
S1-299554637	
S1-134582640	
S1-860910231	
S1-765476210	
S1-596652556	
S1-726566446	
S1-217358373	
S1-598063398	
S1-454064356	
S1-561125322	
S1-590581932	
S1-350109	
S1-803895422	
S1-979057164	
S1-834553380	
S1-828512300	
S1-795341579	
S1-656274011	
S1-348287910	
S1-617994844	
S1-373141838	
S1-205498591	
S1-178777613	
S1-741155065	
S1-985115475	S2-244461000
S1-257193695	
S1-269099214	
S1-346990757	
S1-134383476	
S1-645687258	
S1-674724172	S3-233063679
S1-60131886	
S1-787304804	
S1-62364572	
S1-485348828	
S1-709444443	
S1-831883099	
S1-61214412	
S1-565906235	
S1-389082520	
S1-569204936	
S1-712544000	
S1-287841373	
S1-793319462	
S1-733551723	
S1-438184605	
S1-935229966	
S1-42056858	
S1-759580012	
S1-85273205	
S1-478589196	
S1-164925967	
S1-141187498	
S1-975046382	
S1-653720593	
S1-498834844	
S1-152843045	
S1-15852302	
S1-101190208	
S1-685241838	
S1-193746976	
S1-980067210	
S1-413611398	
S1-459770911	
S1-801159038	
S1-927485364	
S1-523015678	
S1-450792906	
S1-198619977	
S1-662977467	
S1-743916174	
S1-481387421	
S1-380369599	
S1-589085277	
S1-497888274	
S1-403258066	
S1-369559734	S3-27943567
S1-8744262	
S1-926850051	
S1-551487143	
S1-603717293	
S1-785735448	
S1-213436908	
S1-944025186	
S1-959668754	
S1-687713296	
S1-860858748	
S1-275647261	
S1-196001433	
S1-297519633	
S1-34914590	
S1-910201922	
S1-945471119	
S1-34827559	
S1-674636458	
S1-19911092	
S1-881389447	
S1-101276626	
S1-38092087	
S1-540213992	
S1-308787410	
S1-725923519	
S1-954135728	
S1-13830559	
S1-415121806	
S1-980570503	
S1-659531239	
S1-847197843	
S1-526541783	
S1-291810372	
S1-974145785	
S1-665272335	
S1-712084131	
S1-294747603	
S1-545353221	
S1-466147367	
S1-733585324	
S1-712723538	
S1-218027576	
S1-42355547	
S1-319563231	
S1-188354673	
S1-554966545	
S1-843774606	
S1-457755252	
S1-816381502	
S1-811471829	
S1-94804110	
S1-272868794	
S1-593241945	
S1-207273464	
S1-953351130	
S1-862939010	
S1-324063957	
S1-968463908	
S1-958390696	
S1-354308498	
S1-538648663	
S1-173781515	
S1-947213290	
S1-399258268	
S1-82001624	
S1-403231330	
S1-976000098	
S1-923119548	
S1-58729723	
S1-626595724	
S1-747351378	
S1-48955044	
S1-576834032	
S1-304054101	
S1-956424013	
S1-25830984	
S1-375942643	S3-923416499
S1-538966831	
S1-180643450	
S1-715863700	
S1-693726142	
S1-566257968	
S1-321800092	
S1-407225624	
S1-296902102	
S1-712634711	
S1-92516405	
S1-481284521	
S1-57528418	
S1-775013177	
S1-50482022	
S1-394696018	S3-62783351
S1-710569659	
S1-323383597	S3-847800225
S1-952993083	
S1-730422870	
S1-899105770	
S1-947343973	
S1-353329931	
S1-467650895	
S1-491224156	
S1-907123246	
S1-355160625	
S1-645957136	
S1-548144166	
S1-201891380	S2-399597228,S3-156752988,S3-191221379,S3-237073841
S1-654874002	
S1-947873838	
S1-152616005	
S1-183340966	
S1-249033107	
S1-972668635	
S1-312820501	
S1-928775011	
S1-631434976	
S1-981217404	
S1-170147189	
S1-762681892	S2-264544955
S1-334776983	
S1-353581481	
S1-732456786	
S1-709885770	
S1-607258630	
S1-676095756	
S1-131271298	
S1-190962875	
S1-448245205	
S1-139932667	S2-405752906
S1-380693490	
S1-774989195	
S1-313303884	
S1-564807455	
S1-671533798	
S1-994898777	
S1-552729818	
S1-431776576	
S1-408514919	
S1-530518718	
S1-992453350	
S1-678334321	
S1-515506667	
S1-548507107	
S1-752691463	
S1-64968458	
S1-783360593	
S1-521653894	
S1-679085290	
S1-155134813	
S1-331214583	
S1-993919950	
S1-46922927	
S1-21353784	
S1-11170392	
S1-22665061	
S1-257876047	
S1-712162611	
S1-905965115	S2-287693608
S1-256195995	
S1-95094285	
S1-311988754	
S1-147324903	
S1-203654566	
S1-740892656	
S1-440739607	
S1-694513963	
S1-114175170	
S1-993323505	
S1-555739534	
S1-494995700	
S1-580494587	
S1-862294291	
S1-900997084	
S1-645882785	
S1-677395608	S2-832560806
S1-499973709	
S1-597947436	
S1-769410997	
S1-350010091	
S1-198508998	
S1-930448426	
S1-501172188	
S1-22771882	S2-53905212
S1-355466945	
S1-11496195	
S1-93115880	
S1-530899605	
S1-104018382	S2-920278677
S1-69152330	
S1-189405177	
S1-256145925	
S1-428526594	
S1-126751896	
S1-463834947	
S1-228895793	
S1-876905662	
S1-765015627	
S1-904910999	
S1-301757321	
S1-472400296	
S1-309093681	
S1-808563692	
S1-513742754	
S1-535238146	
S1-984584865	
S1-529892425	
S1-228214619	
S1-476578111	
S1-52433049	
S1-509756900	
S1-169303779	
S1-474145786	
S1-749278213	
S1-48107285	
S1-742786743	
S1-309305003	
S1-335725314	
S1-742907993	
S1-314451266	
S1-507975214	
S1-253371467	
S1-116778604	
S1-144003060	
S1-717340198	
S1-624384467	
S1-754251685	
S1-714767274	
S1-796465769	
S1-970798795	
S1-24639496	
S1-843871560	
S1-840093461	
S1-831749314	S3-843263066
S1-170494771	
S1-44080027	
S1-314463254	
S1-930600575	
S1-19643905	
S1-688059189	
S1-451868163	
S1-980439258	
S1-709111595	
S1-485295353	
S1-137020417	
S1-941025419	
S1-337091380	
S1-983617302	
S1-950254507	
S1-152647574	S3-130647528
S1-584583361	
S1-236327140	
S1-778477232	
S1-13507654	
S1-862434831	
S1-837011532	
S1-443118426	
S1-120784544	
S1-829604455	
S1-208081498	
S1-942415226	S3-157769318
S1-861348410	
S1-806855257	
S1-399333286	
S1-355621475	
S1-845600032	
S1-858491649	
S1-101966141	
S1-978704175	
S1-90301278	
S1-717176969	
S1-174250934	
S1-46627229	
S1-989385829	
S1-516820195	
S1-165629552	
S1-448525218	
S1-824653176	
S1-491561253	
S1-157025624	
S1-884292154	
S1-45967042	
S1-713402204	
S1-807678163	
S1-637917882	
S1-182346416	
S1-924799245	
S1-221404407	
S1-596346894	
S1-937102466	
S1-237439843	
S1-919361600	
S1-525132509	
S1-235036557	
S1-35840716	
S1-673498005	
S1-461174738	
S1-824232636	
S1-302035239	
S1-958163434	
S1-361709661	
S1-635327026	
S1-756695643	
S1-812945872	
S1-561051566	
S1-238194623	
S1-698916213	
S1-727840125	
S1-403941560	
S1-868288166	
S1-2136623	
S1-813604343	
S1-223465569	
S1-960381801	
S1-824971597	S3-785748503
S1-534773257	
S1-194326437	
S1-207310620	
S1-864258550	
S1-723621171	
S1-679527355	
S1-423845290	S3-894413296
S1-183976886	
S1-871835227	
S1-39367897	
S1-74963890	
S1-166276466	
S1-228426530	
S1-873809015	
S1-235931299	
S1-208494318	
S1-931356829	
S1-945090067	
S1-310920287	
S1-178128681	
S1-801951719	
S1-401538251	
S1-173303743	
S1-161830774	
S1-353895835	
S1-434346992	
S1-707680262	
S1-718619945	
S1-227627937	
S1-559420579	
S1-772928297	
S1-930323045	
S1-183136354	
S1-18253273	
S1-350194510	S2-940070263
S1-808230016	
S1-118041119	S2-586208806
S1-93456916	
S1-565391068	
S1-438204956	
S1-524970348	S2-258515598
S1-80130975	
S1-357054953	
S1-840874748	
S1-715604595	
S1-362595675	
S1-207285561	
S1-532295379	
S1-864649196	
S1-289180459	
S1-378977819	
S1-367394487	
S1-287842933	S2-29569525,S2-938740036,S3-502759398
S1-200299396	
S1-371953809	
S1-181130990	
S1-94347198	
S1-721235186	
S1-771666634	
S1-391342838	
S1-394070663	
S1-240412171	
S1-541488579	
S1-561376061	
S1-869381234	
S1-475278358	
S1-757600641	
S1-659521570	
S1-579307469	
S1-106425598	
S1-108748346	
S1-436958779	
S1-213280005	
S1-927435945	
S1-13460476	
S1-265381166	
S1-889453616	
S1-370385261	
S1-187257897	
S1-88709265	
S1-3110340	
S1-3059395	
S1-397894852	
S1-458357160	
S1-45244429	
S1-338427529	
S1-894534418	
S1-381778404	
S1-43713895	
S1-236305434	
S1-337930217	
S1-415457394	
S1-901783194	
S1-230469522	
S1-327882971	
S1-333517695	
S1-153027356	
S1-357972760	
S1-78012369	
S1-200011108	
S1-38683206	
S1-416369235	
S1-960807721	
S1-147108198	
S1-758691147	
S1-500617450	
S1-912014666	
S1-8739230	
S1-369208332	
S1-854951857	
S1-210757377	
S1-813053781	
S1-38596954	
S1-637234515	
S1-466132108	
S1-633832900	
S1-241237089	
S1-7081914	S2-653042915
S1-720267237	
S1-655487209	
S1-378856568	
S1-263297405	
S1-338534368	
S1-260117086	S3-73987308
S1-952299078	
S1-384739283	
S1-516795531	
S1-184396707	
S1-217604964	
S1-931266183	
S1-615753687	
S1-957540625	
S1-321078898	
S1-476349113	
S1-907801408	
S1-931818665	
S1-904271691	
S1-117938573	
S1-384054405	
S1-709083558	
S1-878317021	
S1-414251494	
S1-646381849	
S1-563822292	
S1-661685651	
S1-387945547	
S1-17893377	S2-11399040
S1-105150625	
S1-820128210	
S1-245939189	
S1-213263981	
S1-944748512	
S1-861415609	
S1-846466404	
S1-915942093	S2-420814161
S1-808517919	
S1-59016588	
S1-346816539	
S1-314011237	
S1-504174611	
S1-378391199	
S1-437710980	
S1-407490585	
S1-599635193	
S1-972485380	
S1-139892781	
S1-742564634	S2-399153098
S1-793855527	
S1-573503523	
S1-650267972	
S1-166511335	
S1-267052450	
S1-32742877	
S1-621436533	
S1-101282010	
S1-680213757	
S1-629599272	
S1-3183878	
S1-959287464	
S1-948724592	
S1-998744048	
S1-703088485	
S1-189064348	
S1-42553177	
S1-980685436	
S1-686590726	
S1-307093520	
S1-89979779	
S1-795936533	
S1-541581727	
S1-754112537	
S1-674798326	
S1-335318936	
S1-692896584	
S1-554354728	
S1-960269858	
S1-887651401	
S1-914669164	
S1-507679941	
S1-757950952	
S1-230020718	
S1-214787294	
S1-914733658	
S1-840448659	
S1-986870235	
S1-334388903	
S1-363943750	
S1-702929726	
S1-114444943	
S1-250034428	S2-132805742,S2-530247686,S3-64079929
S1-77553150	
S1-357816054	
S1-661836072	
S1-81037881	
S1-405026450	
S1-864604120	
S1-160181872	
S1-128038629	
S1-844462638	
S1-371717039	S2-713264333,S2-878460826,S3-60303669
S1-875131843	
S1-854354907	
S1-350865146	
S1-963593231	
S1-141196527	
S1-395172031	
S1-333425137	
S1-362439033	
S1-285291385	
S1-608862538	
S1-38330277	
S1-342840224	
S1-400495527	
S1-991465953	
S1-36675398	
S1-523768135	
S1-772987674	
S1-364191449	
S1-444372989	
S1-208367265	
S1-256507404	
S1-794023814	
S1-222904658	
S1-80498517	
S1-25940455	
S1-69025755	
S1-19359153	
S1-135146099	
S1-900181595	
S1-695547178	S3-517431260
S1-572705696	
S1-295095426	
S1-141908015	
S1-955734246	
S1-706264077	
S1-473368183	
S1-80778229	
S1-570453940	
S1-85340509	
S1-529286728	
S1-58939978	
S1-38518213	
S1-424898248	
S1-559685942	
S1-495056150	
S1-738622708	
S1-973492318	
S1-804954184	
S1-735838455	
S1-166549416	
S1-867514035	
S1-150390694	
S1-859996131	
S1-455911146	
S1-192769167	
S1-2148044	
S1-721255092	
S1-100086331	
S1-668145905	
S1-233044882	
S1-432385473	
S1-704937826	
S1-450405195	
S1-478969403	
S1-270399812	
S1-310124353	
S1-156332948	
S1-273327708	
S1-953900538	
S1-543959961	
S1-95414921	
S1-545403376	
S1-57950797	
S1-120057718	
S1-363293365	
S1-658761327	
S1-910101401	
S1-960760944	
S1-956720825	
S1-866935170	
S1-701797857	
S1-600102188	
S1-952187600	
S1-4252345	
S1-286134533	
S1-631247067	
S1-784411430	
S1-126015350	S3-404627301,S3-902291436
S1-419692675	
S1-544383433	
S1-379522848	
S1-741055567	
S1-683347808	
S1-583101098	
S1-847724478	
S1-631845897	
S1-446115171	
S1-503332861	
S1-521062920	
S1-754655274	S2-379593556
S1-557029780	
S1-953424991	
S1-465019171	
S1-889009258	
S1-180339599	
S1-565149887	
S1-255118694	
S1-929818684	
S1-486665202	S3-462638574
S1-862704395	
S1-110710742	
S1-412559874	
S1-158365992	
S1-937637114	
S1-132181469	
S1-995597563	
S1-226344730	
S1-888711884	
S1-994434833	
S1-63657722	
S1-249321524	
S1-448693347	
S1-560542496	
S1-114142162	
S1-872322668	
S1-97826331	
S1-339888062	
S1-898607388	
S1-972342295	
S1-300168797	
S1-651387228	
S1-849750058	
S1-163933761	
S1-609709101	
S1-787314724	
S1-951800577	
S1-175819874	
S1-305848819	
S1-738956207	
S1-525647356	
S1-151478069	
S1-791756318	
S1-546021963	
S1-893012198	
S1-208219972	
S1-809221404	
S1-262303421	
S1-852710888	
S1-582764483	
S1-850341742	
S1-773757500	
S1-34439290	
S1-405694346	
S1-612425650	
S1-645750550	
S1-304797764	
S1-71465117	S2-767912318,S3-328940207,S3-561839301
S1-92984415	
S1-805438190	
S1-581905638	
S1-702226066	
S1-54683698	
S1-209200269	
S1-707811171	
S1-839278039	
S1-640053932	
S1-872020446	
S1-636341526	S2-222551228
S1-109466593	
S1-258750961	S3-29062484
S1-936431356	S3-211461652
S1-607820428	
S1-427256741	
S1-435333645	
S1-67267103	
S1-970061858	
S1-703058086	
S1-136201655	
S1-660307915	
S1-953378762	
S1-585410985	
S1-511062652	
S1-108121903	
S1-381891262	
S1-96622130	
S1-348281716	
S1-554670559	
S1-909834980	
S1-630109736	
S1-19326701	
S1-265766105	
S1-101457556	
S1-886474480	
S1-901098636	
S1-943736980	
S1-593025487	
S1-522425653	
S1-644418149	
S1-86766404	
S1-401878575	
S1-442371719	
S1-718409454	
S1-697283770	
S1-993434939	
S1-812743534	
S1-348298378	
S1-701477336	
S1-259995630	
S1-298731856	
S1-51554112	S2-543173344
S1-187107764	
S1-860800623	
S1-14312839	
S1-401915675	
S1-188237573	
S1-832262954	
S1-672596072	
S1-533457833	
S1-464096176	
S1-478251455	
S1-970655915	
S1-991621011	
S1-29987531	
S1-385700829	
S1-321319617	S2-413110201
S1-722581595	
S1-703827442	
S1-228071344	
S1-644213140	
S1-819811518	
S1-385983541	
S1-37582332	
S1-855749964	
S1-134635897	
S1-110909238	
S1-249171654	
S1-62758444	
S1-649797784	
S1-299611485	
S1-993135995	
S1-484781639	
S1-853769062	
S1-97409760	
S1-432266668	
S1-114238385	
S1-185659262	
S1-868736373	
S1-605874851	
S1-936337489	S3-233063679
S1-559539421	
S1-486892235	
S1-227986730	
S1-850850049	
S1-550048905	
S1-403121071	
S1-948569446	
S1-487830197	
S1-540768160	
S1-257408192	
S1-545464102	
S1-966813944	
S1-152795168	
S1-672968588	
S1-166215269	
S1-415954531	
S1-836020594	
S1-195533080	
S1-850346269	S2-861649622
S1-549801434	
S1-336834743	
S1-44606121	
S1-428943691	
S1-812329750	
S1-372573983	
S1-300954966	
S1-113134992	
S1-480038528	
S1-686301562	S2-554171228
S1-950403789	
S1-465787723	
S1-966531557	
S1-883972591	
S1-739317009	
S1-721043400	
S1-331761485	
S1-197212606	
S1-428684444	
S1-25666643	
S1-33133337	
S1-870000825	
S1-437013340	
S1-347113403	
S1-512223998	
S1-604951918	
S1-592958533	
S1-509864961	
S1-174897934	
S1-929341245	
S1-43623084	
S1-681258832	
S1-605322563	
S1-768291656	
S1-776307681	
S1-320419302	
S1-606502465	
S1-402905543	S3-681943182
S1-946767268	
S1-713404562	
S1-37218612	
S1-358979265	
S1-334811082	
S1-795499008	
S1-972174412	
S1-245119219	
S1-376148049	
S1-361208409	
S1-777823861	
S1-500441201	
S1-96042035	
S1-817778744	
S1-101625045	
S1-47013382	
S1-908296714	
S1-631072556	
S1-911103896	
S1-148623125	
S1-379937524	
S1-554704294	
S1-347180055	
S1-248531781	
S1-125131234	
S1-72495472	
S1-925079121	
S1-709481160	
S1-915980035	
S1-317683286	
S1-463866716	
S1-83642285	
S1-361708329	S2-604124250
S1-617504033	
S1-183865045	
S1-879572638	
S1-762848197	
S1-596260853	
S1-191773172	
S1-398222812	
S1-887901962	
S1-996098309	
S1-710586580	
S1-391697751	
S1-18753716	
S1-678640278	
S1-629819343	
S1-189916108	
S1-901362966	
S1-70883906	
S1-49408191	
S1-378020468	
S1-112852096	
S1-829687056	
S1-572132171	
S1-806749860	
S1-939521160	
S1-739784022	
S1-189686728	
S1-567645989	
S1-637849493	
S1-927946903	
S1-911792464	
S1-528971622	
S1-443250536	
S1-895869244	
S1-927812851	
S1-232615897	
S1-226111595	
S1-584410498	
S1-62363077	
S1-470420610	
S1-809171968	
S1-848286123	
S1-754932456	
S1-939397888	
S1-552560006	
S1-226192848	
S1-799166390	
S1-42009611	
S1-61985505	
S1-766964860	
S1-419404797	
S1-701125498	S3-28459965
S1-191401210	
S1-684618298	
S1-548853576	
S1-506387034	
S1-974227492	
S1-176084954	
S1-536871499	
S1-192799988	
S1-365992736	
S1-586819456	
S1-838270439	
S1-494881036	
S1-306186579	
S1-56033332	
S1-868005965	
S1-497131938	
S1-262525879	
S1-523203516	
S1-940086978	
S1-60354569	
S1-27003971	
S1-929288991	
S1-313519686	
S1-551997350	
S1-500362743	
S1-670231913	S2-169448707
S1-936080861	S2-123007061,S2-295222105,S2-329405096,S2-574584543,S2-847933753,S2-984363671,S3-244669915
S1-239325970	
S1-880583600	
S1-830814200	
S1-584542690	
S1-732616520	
S1-232956835	
S1-253565542	
S1-897375687	
S1-157637032	
S1-69474440	S2-255257966
S1-837565518	
S1-556523696	
S1-611097987	S3-611995457
S1-542096903	
S1-578213471	
S1-337747897	
S1-987215544	
S1-965709368	
S1-241139635	
S1-467902135	
S1-764146281	
S1-185521534	
S1-468505636	
S1-849129041	
S1-539254598	
S1-273784753	
S1-936516744	
S1-734489599	
S1-398227202	
S1-27858096	
S1-507788290	
S1-40320448	
S1-398020512	
S1-435160939	
S1-71318176	
S1-164343286	
S1-522392631	
S1-769243033	
S1-760204914	
S1-455960374	
S1-417375905	
S1-20103177	
S1-732685298	S2-132741297,S3-591095582
S1-730452078	
S1-353262589	
S1-970926436	
S1-697601078	
S1-80784666	
S1-510152404	
S1-510808067	S2-633169784
S1-238420975	
S1-354733385	
S1-499096490	
S1-704077909	
S1-449358049	
S1-283544833	
S1-894760409	
S1-830288883	
S1-3367067	
S1-677561356	
S1-724301667	
S1-460692761	
S1-501366775	
S1-916991386	
S1-784845337	
S1-568720597	
S1-811122890	
S1-598244912	
S1-389131684	
S1-356790024	
S1-59499009	
S1-329279232	
S1-794013585	
S1-570313494	
S1-358952224	
S1-194910835	
S1-822494130	
S1-657154291	
S1-155183043	
S1-256516065	
S1-384893195	
S1-444570452	
S1-918091845	
S1-785784262	
S1-640703693	
S1-966729233	S2-123007061,S2-207217799,S2-329405096,S2-574584543,S2-63082253,S2-920233551,S2-984363671,S3-148156789,S3-814880158
S1-480502501	
S1-9947602	
S1-215920491	
S1-316891292	
S1-635185696	
S1-120072224	
S1-939369851	
S1-917325347	
S1-795055024	S2-19287366,S2-548973387,S2-955876497
S1-90985593	
S1-765704490	
S1-736795500	
S1-956937768	
S1-852481799	
S1-668779314	
S1-634436061	
S1-635032489	
S1-185807126	
S1-253456813	
S1-577762016	
S1-951897938	
S1-199798976	
S1-148329502	
S1-3478158	
S1-275785415	
S1-933797921	
S1-55314251	S2-187119816,S2-196613960,S2-269098468,S2-41086033,S2-468427870,S2-605726696,S2-847014050,S3-503895482
S1-423250770	
S1-690047760	
S1-933725158	
S1-418708898	
S1-338858136	
S1-626052626	
S1-846972595	
S1-359611993	
S1-799729742	
S1-861929010	
S1-970547272	S2-540758468
S1-954904271	
S1-435049339	
S1-932115377	
S1-789963513	S2-309385659,S3-774452457
S1-411837103	
S1-436655874	
S1-671529880	
S1-70398012	
S1-423733528	
S1-53203369	
S1-782216836	
S1-498292129	
S1-809823058	S2-212519316
S1-195537935	
S1-592908991	
S1-813661341	
S1-519225105	
S1-369425213	
S1-685388702	
S1-263077863	
S1-993991136	
S1-393851688	
S1-152843720	
S1-520173321	
S1-572760121	
S1-950324762	
S1-233977106	
S1-341194199	
S1-811479461	
S1-781558	
S1-116190670	
S1-6050437	S2-767912318,S3-328940207,S3-561839301
S1-211512181	
S1-619899141	
S1-242106292	
S1-992120436	
S1-844784964	
S1-390225225	
S1-160532156	
S1-541672656	
S1-326439717	
S1-150295890	
S1-793473104	
S1-774500638	
S1-522752501	
S1-702711931	
S1-25931398	
S1-979431455	
S1-551456867	
S1-593596958	
S1-788261535	
S1-193664107	
S1-7837813	
S1-992812423	
S1-89264340	
S1-819933938	
S1-111800317	
S1-679147886	
S1-770635699	
S1-393601698	
S1-64221244	
S1-258631275	
S1-872798424	S3-323747128
S1-650118705	
S1-296384337	
S1-910259031	
S1-536324229	
S1-296967509	S2-44713064,S3-491354611
S1-872279696	
S1-999622077	
S1-717042592	
S1-264620141	
S1-709000345	S2-382293588
S1-995959368	
S1-104228815	
S1-381921534	
S1-93222806	
S1-718684266	
S1-881784927	
S1-600181334	
S1-555277491	
S1-428828225	
S1-243228086	
S1-933184023	
S1-442713398	
S1-412393370	
S1-274436207	
S1-756604662	S2-662088491
S1-30913076	
S1-21760548	
S1-26122505	S2-512297489
S1-711877025	
S1-457958574	
S1-573018520	
S1-683905420	
S1-201864389	
S1-301672915	
S1-384033047	
S1-99546157	
S1-218173481	
S1-265780055	
S1-584035941	
S1-602285937	
S1-379706947	
S1-498724889	
S1-444000164	
S1-651717595	
S1-89340300	
S1-396844173	
S1-789313441	
S1-599198316	
S1-808617841	
S1-55638296	
S1-370720015	
S1-385572024	
S1-606850301	
S1-99973365	
S1-329190677	
S1-868766140	
S1-100580673	
S1-7178932	
S1-729156884	
S1-233634544	
S1-217906275	
S1-371190925	
S1-840868092	S2-615886108
S1-277602739	
S1-506712967	S3-384294912
S1-395988546	
S1-585608415	
S1-257111723	
S1-168513148	
S1-945336219	
S1-465524977	
S1-763345444	
S1-569389832	
S1-464027680	
S1-733715127	
S1-109274833	
S1-454871181	
S1-973821441	S2-240440098,S2-258515598,S2-375991876
S1-893261126	
S1-626204480	S2-871126810
S1-933234607	
S1-756464205	
S1-685961816	S2-258515598
S1-76722601	
S1-67276038	
S1-837068771	
S1-147640716	
S1-875928418	
S1-168764622	
S1-477295649	
S1-489470181	
S1-900532640	
S1-610220500	
S1-414975884	
S1-470386806	
S1-438619664	
S1-131917824	
S1-389017100	
S1-523116535	
S1-907120291	
S1-787521410	S2-468799680
S1-821332103	
S1-169327560	
S1-33752904	
S1-840549302	
S1-951990695	
S1-720085068	
S1-838530592	
S1-686128046	
S1-549252708	
S1-240775154	
S1-972613176	
S1-510785146	
S1-194665778	
S1-525847761	
S1-918132945	
S1-296872621	
S1-49283400	
S1-901448438	
S1-576710200	
S1-865649447	
S1-690568734	
S1-723040271	
S1-302712349	
S1-812538846	
S1-630920103	
S1-624372627	
S1-816716773	
S1-608287208	
S1-68673311	
S1-61518366	
S1-907629341	
S1-826136971	
S1-963942442	
S1-756422121	S2-169701692,S2-521485245,S2-865296385
S1-24763543	
S1-359860252	
S1-382343664	
S1-812350438	
S1-746489356	
S1-471868010	
S1-293334365	
S1-266837149	
S1-850379854	
S1-645844103	
S1-725432749	
S1-933478165	
S1-843912107	
S1-794864653	
S1-479026227	
S1-673296775	S3-134202745
S1-645001125	
S1-598573673	
S1-335139501	
S1-580619755	
S1-616866436	
S1-762501269	
S1-235824663	
S1-797642025	
S1-910205416	
S1-458938076	
S1-826760722	
S1-73980575	
S1-575195198	
S1-631023822	
S1-804660285	
S1-309916403	
S1-861097267	
S1-873199611	
S1-63114589	
S1-655156161	S2-216928439,S2-248520352,S2-77530297,S2-931657979
S1-490007987	
S1-238712571	
S1-480626815	
S1-568170575	
S1-674907140	
S1-353505954	
S1-456866140	
S1-670714367	
S1-832049145	
S1-867398082	
S1-499923230	S2-627452855,S2-833117363
S1-250630796	
S1-156988427	
S1-174698178	
S1-374139094	S2-790851315
S1-730592890	
S1-573447610	
S1-462744349	
S1-419433737	
S1-715779720	
S1-294304134	
S1-915526838	
S1-147354265	
S1-559687726	
S1-517058795	
S1-70504368	
S1-191224620	
S1-562727375	
S1-718935865	S2-956952534
S1-160836160	
S1-758523769	
S1-300999708	
S1-811658435	
S1-348755576	
S1-80571766	
S1-291909153	
S1-301427780	
S1-140650495	
S1-942698019	
S1-851455205	S2-456174140
S1-425153564	
S1-119677284	
S1-251246905	
S1-695495349	
S1-403672793	
S1-475566466	
S1-185211754	
S1-714846916	
S1-551189677	
S1-141148888	
S1-453346459	
S1-46993929	
S1-814274665	
S1-135390643	
S1-219866476	
S1-139169233	
S1-399046670	
S1-44235375	
S1-976456894	
S1-432875393	
S1-297962900	
S1-161026863	
S1-896452405	S2-251860012,S2-51435294,S2-715729108,S2-913195122,S3-467633729,S3-957723993
S1-826790200	
S1-276349222	
S1-98745331	
S1-553685982	
S1-994569435	
S1-815820834	
S1-440756079	
S1-101332224	
S1-173682490	
S1-95722963	
S1-159727221	
S1-309241088	
S1-127692220	
S1-853972582	
S1-200747319	
S1-767284793	
S1-597400795	
S1-162714301	
S1-865202794	
S1-168165393	
S1-783635080	
S1-180486880	
S1-753326210	
S1-924855218	
S1-511151461	
S1-14695850	
S1-708594749	
S1-589056314	
S1-39277463	
S1-616928412	
S1-952728185	
S1-863185612	
S1-936282697	
S1-742474776	
S1-197398349	
S1-956645022	
S1-739256819	
S1-175515723	
S1-167047377	
S1-285841201	S2-125539487,S2-244461000,S2-312291757,S2-980731603
S1-603118549	
S1-371107684	
S1-727797796	
S1-711800109	
S1-233447610	
S1-372130229	
S1-955131079	
S1-837149609	
S1-303498435	
S1-84359154	
S1-436106565	
S1-894367753	
S1-565725482	
S1-853292416	S3-334800315
S1-496044368	S2-137115049
S1-353294354	
S1-662530295	
S1-199210908	
S1-537733231	
S1-350352832	
S1-538967069	
S1-440181418	
S1-597053686	
S1-918085922	
S1-689556615	
S1-766656119	
S1-751337396	
S1-645178596	
S1-8036214	S2-772985419
S1-238920223	
S1-544969018	
S1-27561764	
S1-736630849	
S1-207819494	
S1-994983282	
S1-757267329	
S1-436576613	
S1-847698425	
S1-810557370	
S1-122112422	
S1-742359393	
S1-766801922	
S1-380596954	
S1-182555502	
S1-514256973	
S1-496723537	
S1-391267076	
S1-858957715	
S1-649909593	
S1-526546346	
S1-880383488	
S1-525057017	S2-123007061,S2-329405096,S2-534796720,S2-574584543,S2-63082253,S2-703722492,S2-847933753,S2-920233551,S2-984363671,S3-148156789,S3-244669915,S3-425908319,S3-737153310,S3-788049212,S3-814880158
S1-316702844	
S1-747144940	
S1-394459475	
S1-336361174	
S1-180129813	
S1-876606718	
S1-67247278	
S1-356889816	
S1-874329394	
S1-106661989	
S1-735903855	
S1-697887279	
S1-518772547	
S1-143655397	
S1-316368962	
S1-242566026	
S1-541578026	
S1-751100918	S2-230788387
S1-215154008	
S1-129466921	
S1-500587563	
S1-894929844	
S1-351970407	
S1-516700621	
S1-184706069	
S1-927489413	
S1-267550603	
S1-579433015	
S1-754179656	
S1-757702343	
S1-715679733	
S1-264932422	
S1-125662968	
S1-200008200	
S1-730583918	
S1-102840387	
S1-489743084	
S1-917943983	
S1-214597159	
S1-25368527	
S1-915564036	
S1-800913001	
S1-679244189	
S1-50771810	
S1-195933760	
S1-784513593	
S1-968463005	
S1-163353969	
S1-980353357	
S1-444074778	S2-338638004
S1-391241611	
S1-253769885	
S1-783018468	
S1-591073839	
S1-852212324	
S1-513668348	
S1-749992185	
S1-926319913	
S1-583259041	
S1-459846185	
S1-227296856	
S1-212881223	
S1-709293709	
S1-482561655	
S1-499889819	
S1-296220089	S2-886694198
S1-929268507	
S1-535181271	
S1-598051322	
S1-443822526	
S1-891289461	
S1-148943510	
S1-516476443	
S1-568091782	
S1-703661550	
S1-218906118	
S1-678247066	
S1-538479839	
S1-862590210	
S1-621277045	
S1-682728760	
S1-945010325	
S1-458489686	
S1-54498434	
S1-652666145	
S1-34646650	
S1-999957373	
S1-199631349	
S1-95440696	
S1-181501804	
S1-616799198	
S1-884343007	
S1-523022819	
S1-434752119	
S1-599177523	
S1-28683727	
S1-28017672	
S1-899188844	
S1-324406062	
S1-645205252	
S1-966198315	
S1-974472900	
S1-685428327	
S1-778722097	
S1-415448361	
S1-796851354	
S1-706758569	
S1-694634733	
S1-578955154	
S1-817788205	
S1-720160505	
S1-216722339	
S1-491587415	
S1-809797458	
S1-879046420	
S1-326516838	
S1-997619900	
S1-938533722	
S1-579890796	
S1-634997141	
S1-604182153	
S1-407415708	
S1-164877963	
S1-305893265	
S1-693960920	S2-296040203
S1-304813838	
S1-93172	
S1-565688327	
S1-330480019	
S1-809973958	
S1-317613019	
S1-981089145	
S1-562119086	
S1-277513805	
S1-316941828	
S1-374581183	
S1-485182241	
S1-197399188	
S1-826638505	
S1-600851095	
S1-488450441	
S1-145913166	
S1-310199243	
S1-885894697	
S1-271548379	
S1-382633284	
S1-543827766	
S1-594243526	
S1-550253917	
S1-750777036	
S1-532497698	
S1-811665905	
S1-374608183	
S1-367882466	
S1-108018625	
S1-532508565	
S1-905500256	
S1-122140906	
S1-877161098	
S1-325519882	
S1-86791681	
S1-81688923	
S1-569400174	
S1-165033610	
S1-633303284	
S1-28137767	
S1-557164709	
S1-346867632	
S1-684246281	
S1-692705608	
S1-873487810	
S1-897005319	
S1-74106662	
S1-660737613	
S1-96812130	
S1-913042204	
S1-299627172	
S1-43990577	
S1-608408196	
S1-816166660	
S1-781400641	
S1-925199549	
S1-782624559	
S1-188142198	S3-241376843
S1-769542010	
S1-290614538	
S1-775622992	S2-253261001,S2-71850350
S1-572150330	
S1-187202383	
S1-416178726	
S1-454620412	
S1-136514481	
S1-876510583	S2-407164040,S2-464881130,S2-705585429
S1-942312922	
S1-557586105	
S1-512781012	
S1-348042231	
S1-931880923	
S1-615342187	
S1-803552965	
S1-786688053	
S1-279318518	
S1-170617899	
S1-474077443	
S1-503254711	
S1-897394178	S2-457873515
S1-741844363	
S1-743687124	
S1-556574665	
S1-323190166	
S1-539781647	
S1-814026695	
S1-188865176	
S1-427108399	
S1-534553326	
S1-721326493	
S1-30228666	
S1-395476792	
S1-137462253	
S1-385819443	
S1-519918240	
S1-651123900	
S1-868217475	
S1-287040395	
S1-413456960	
S1-877076477	
S1-938284319	
S1-914351107	
S1-629474230	
S1-743873851	
S1-764059166	
S1-502194900	
S1-756783763	
S1-97786560	
S1-133662812	S2-698489713
S1-371473563	
S1-659085029	
S1-940550209	
S1-323462733	
S1-50521432	
S1-936838576	
S1-803714105	
S1-552873971	
S1-502661772	
S1-805361606	
S1-910696730	S2-410711059
S1-426510208	
S1-420574033	
S1-650823222	
S1-207774973	
S1-717258419	
S1-816663928	
S1-971314620	S3-414230621
S1-67904416	
S1-172900566	
S1-702621026	S3-743651575
S1-300094704	
S1-414776404	
S1-576148407	
S1-6127318	
S1-114537074	
S1-398063779	
S1-698674879	
S1-589265143	
S1-477401554	
S1-974737576	
S1-299891789	
S1-680663322	
S1-250278836	
S1-738095700	
S1-967678138	
S1-849948718	S3-601675965
S1-145236455	
S1-69549543	
S1-244905948	
S1-721742735	S2-543632868
S1-751774404	
S1-288326598	
S1-335112066	
S1-867469689	
S1-207125158	
S1-35236105	
S1-904617958	
S1-662670986	
S1-23740193	
S1-853220335	
S1-336880677	
S1-436745385	
S1-805786913	
S1-16859086	
S1-705175807	
S1-333871628	
S1-511141987	
S1-871413267	
S1-372286604	
S1-762173126	
S1-804873650	
S1-135635171	
S1-31914565	
S1-497377466	
S1-83974302	S2-207439352
S1-295937668	
S1-315219534	
S1-413995349	
S1-300251320	
S1-917053738	
S1-936977912	
S1-670472619	
S1-960790835	
S1-731893513	
S1-175398948	
S1-218065768	
S1-860337268	
S1-477494695	
S1-9952904	
S1-525830014	
S1-268181817	
S1-750537449	
S1-929633704	
S1-422496957	
S1-623480391	
S1-193806464	
S1-634473571	
S1-289104972	
S1-639797423	
S1-545236845	
S1-207149721	S2-289025075
S1-639573572	
S1-244686478	
S1-908274938	
S1-73596736	S2-123007061,S2-51877109,S2-574584543,S2-63082253,S2-703722492,S2-920233551,S2-984363671,S3-148156789,S3-244669915,S3-767272904,S3-814880158,S3-949870446
S1-905428004	
S1-704121445	
S1-402017946	
S1-16141531	
S1-844048915	
S1-956813471	
S1-589498874	
S1-600229398	
S1-466818139	
S1-530201906	
S1-202626777	
S1-561860508	
S1-226378956	
S1-91477990	
S1-119915680	
S1-107568425	
S1-754201770	
S1-649312511	
S1-954349262	
S1-559656440	
S1-521368788	
S1-959904069	
S1-135370173	
S1-142705310	
S1-252044709	
S1-623348364	
S1-679911164	
S1-340060239	
S1-846879100	
S1-662095252	
S1-701386484	
S1-446287229	
S1-141027040	
S1-920752587	
S1-350723245	
S1-522059807	
S1-101451732	
S1-604237280	
S1-939007975	
S1-45603024	
S1-840319511	
S1-250643090	S3-689534375
S1-520626388	
S1-287055817	
S1-778219493	
S1-557557727	
S1-37827665	
S1-694594382	
S1-746401750	
S1-644913818	
S1-857039420	
S1-650062903	
S1-298550755	
S1-390390630	
S1-241604861	
S1-718063328	
S1-556166571	
S1-2046459	
S1-693268907	
S1-64125038	
S1-634377627	
S1-356910181	
S1-135288539	
S1-719262977	
S1-672220011	
S1-692440074	
S1-792714710	
S1-115355403	
S1-142917047	
S1-524666663	
S1-104805819	S2-268738900
S1-587135506	
S1-696322322	
S1-692773296	S2-346644481,S2-358267895,S2-471303511,S2-497972322,S2-728767898,S2-919924109,S3-117250439,S3-149204728,S3-379835856,S3-571327237,S3-660080086,S3-857183109
S1-195079189	
S1-643095963	
S1-573785682	
S1-625080268	
S1-222007699	
S1-66143604	
S1-121227532	S2-702563326
S1-51778541	
S1-325955059	
S1-23172780	
S1-825745973	
S1-538765737	
S1-374455606	
S1-70871679	
S1-517633678	
S1-906410969	
S1-622658944	
S1-599848717	S2-244461000,S2-312291757,S2-980731603
S1-845420249	
S1-79714465	
S1-50488910	
S1-359842057	
S1-9030241	
S1-29228158	
S1-503236396	
S1-896288161	S2-898058593
S1-82269847	
S1-188732170	S2-187119816,S2-269098468,S2-468427870,S2-516243741,S2-802095609,S3-414036886,S3-648942348,S3-69037052,S3-734747152
S1-915280558	
S1-126125938	S2-287804241
S1-34673077	
S1-3467782	
S1-99007780	
S1-687607711	
S1-410657721	
S1-598353804	
S1-355841853	
S1-457136605	
S1-245841959	
S1-548539020	S2-647103935
S1-193591784	
S1-598468883	
S1-939156897	
S1-486776088	
S1-819569713	
S1-527625028	
S1-39889231	
S1-234700371	
S1-34075654	S3-927535006
S1-575402568	S2-123007061,S2-207217799,S2-326046453,S2-329405096,S2-574584543,S2-597397985,S2-63082253,S2-703722492,S2-847933753,S2-920233551,S2-984363671,S3-148156789,S3-234230645,S3-814880158
S1-777166263	S2-13072938,S2-790145633,S2-816390814,S3-174497076,S3-20787426,S3-369941843,S3-43056314,S3-489941683
S1-508843455	
S1-217550996	
S1-445354603	
S1-650287936	
S1-667971957	
S1-356719891	S2-258798045
S1-778827300	
S1-538634213	
S1-650466426	
S1-115080706	
S1-981736029	
S1-808451538	S2-196613960,S2-39765864,S2-41086033,S2-468427870,S2-605726696,S3-648942348
S1-898329112	S3-819655104
S1-365369601	
S1-989214580	
S1-294671439	
S1-747244267	
S1-529066228	
S1-867347524	
S1-687277427	
S1-640193030	
S1-303119710	
S1-515381806	
S1-727046238	
S1-292715018	
S1-968812667	
S1-68627916	
S1-711685432	
S1-603393977	
S1-242222417	
S1-674546899	
S1-542575576	
S1-515020350	
S1-310588008	
S1-541323034	S2-524189524
S1-536863207	
S1-645195243	
S1-702613048	
S1-377161066	
S1-533496685	S3-31689253
S1-818300408	
S1-405325919	
S1-889508116	
S1-67107145	
S1-928262312	
S1-711831665	
S1-565686770	
S1-642143888	
S1-431073983	
S1-738451551	
S1-788538154	
S1-63413734	
S1-518945573	
S1-651598913	
S1-310201171	
S1-918671539	
S1-418689931	
S1-508710830	
S1-999032473	
S1-730165080	
S1-168280402	
S1-510075374	
S1-137556848	
S1-134197230	
S1-884607610	
S1-209311604	
S1-552911731	
S1-821040694	
S1-587759994	
S1-258721508	
S1-869162814	
S1-793459206	
S1-23269972	
S1-198856613	S2-132741297,S2-132805742,S2-155911543,S2-530247686,S3-64079929
S1-346802829	
S1-474461528	
S1-586335466	
S1-479684430	
S1-281610869	
S1-204459912	
S1-805957026	
S1-753402485	
S1-277048107	
S1-477585332	
S1-92797192	
S1-525225935	
S1-73344478	
S1-37141190	
S1-775640577	
S1-169119836	
S1-911365196	
S1-615228487	
S1-609333042	
S1-626534637	
S1-829259642	
S1-755139352	
S1-336490181	
S1-470643189	
S1-604490208	
S1-249394285	
S1-845400839	
S1-571088997	
S1-383548040	
S1-954948371	
S1-35945089	
S1-45156573	
S1-61212334	
S1-326993456	
S1-831228188	
S1-63975419	
S1-829935275	
S1-306091880	
S1-851267167	
S1-943817460	
S1-817088082	
S1-731137722	
S1-489636614	
S1-887569919	
S1-905855075	
S1-286444943	
S1-315137871	
S1-825438680	
S1-21482082	
S1-244226797	
S1-868203266	
S1-715249598	
S1-52898657	
S1-262480630	
S1-461195633	
S1-573272516	
S1-659583512	
S1-604134028	
S1-275583707	
S1-188375335	
S1-130694114	
S1-887113061	
S1-534279681	
S1-720674272	
S1-804278201	
S1-804631306	
S1-567086518	
S1-227652720	
S1-962501425	
S1-845729837	
S1-567185113	
S1-94965214	
S1-127504314	
S1-276806871	
S1-315893585	
S1-807528581	
S1-490264774	
S1-663510443	
S1-63173587	
S1-109982990	
S1-441125197	
S1-434430241	
S1-781714673	
S1-367391725	
S1-50060414	
S1-975275113	
S1-748091653	
S1-277774068	
S1-522731852	
S1-45421907	
S1-350978801	
S1-773899929	
S1-890161245	
S1-543924836	
S1-835515824	
S1-448605698	
S1-967015351	
S1-623422085	
S1-324175256	
S1-213300821	
S1-408822146	
S1-178722153	
S1-777059486	
S1-206729513	
S1-897639437	
S1-434733722	
S1-738756460	
S1-684880591	
S1-850162472	
S1-217542384	
S1-315111025	
S1-390520438	
S1-898014150	
S1-1400287	
S1-784830159	
S1-566012314	
S1-464720842	
S1-191133167	
S1-277241232	
S1-616467215	
S1-571710900	
S1-815212626	
S1-272803689	S2-821529557,S3-187016644
S1-123758190	
S1-368654621	
S1-148364364	
S1-527431091	
S1-588036569	
S1-51698628	
S1-676249521	
S1-177696375	
S1-848852785	
S1-287628095	
S1-336557234	
S1-342161971	
S1-490537736	
S1-236342128	
S1-623191451	
S1-526899415	
S1-917813867	
S1-441381671	
S1-513194253	
S1-725558724	
S1-81977096	
S1-667026639	S2-410711059,S2-602985825
S1-384471409	
S1-755374528	
S1-56337708	
S1-770908011	
S1-815476017	
S1-675882264	
S1-645796319	
S1-750417959	
S1-830290633	
S1-847113315	
S1-128448380	
S1-402984741	
S1-304945732	
S1-480136104	
S1-196521805	
S1-752032077	
S1-260517593	
S1-463782886	
S1-236205714	
S1-52625804	
S1-644269238	
S1-964915982	
S1-82216723	
S1-442508192	
S1-46111502	
S1-496165375	
S1-256660699	
S1-260464042	
S1-345542544	
S1-114152669	
S1-531829757	
S1-674394705	
S1-341815622	
S1-842352392	
S1-359622723	
S1-641274417	
S1-680464649	
S1-757174767	
S1-785739031	
S1-516462083	
S1-151049063	
S1-992157088	
S1-647692041	
S1-686278272	
S1-704321198	
S1-381740390	
S1-246989476	
S1-393554822	
S1-417445630	
S1-543199341	
S1-54144271	
S1-204699619	
S1-859120413	S3-912712169
S1-548376060	
S1-9702360	
S1-115170507	
S1-761688014	
S1-246114460	
S1-837704372	
S1-243166989	
S1-924312039	
S1-430357186	
S1-661197804	
S1-247071001	
S1-213841407	
S1-896052414	S2-65285835
S1-29166187	
S1-684268189	
S1-91671007	
S1-13696999	
S1-871113100	
S1-156332917	S2-453996934
S1-113050799	
S1-280256728	
S1-376761764	
S1-2182408	
S1-133590920	
S1-744697745	
S1-534446035	
S1-543398261	
S1-477294745	
S1-979977654	
S1-463703400	
S1-459939121	
S1-336917190	
S1-716890981	
S1-628229692	
S1-950009575	
S1-276742750	
S1-758376974	
S1-605716856	
S1-570388236	
S1-367806464	
S1-622695198	
S1-868416059	
S1-564583825	
S1-772647791	
S1-691882792	
S1-105526408	
S1-510693128	
S1-628280195	
S1-323501745	
S1-851357382	
S1-967633492	
S1-609233778	
S1-721277087	
S1-739503161	
S1-15538955	
S1-978142560	
S1-578570580	
S1-546748515	
S1-930812469	
S1-992365870	
S1-763190123	
S1-828751039	
S1-161741587	
S1-361788649	
S1-922944387	
S1-6673299	
S1-610304453	
S1-246504028	
S1-771641576	S3-170859479,S3-280541618,S3-369941843,S3-437742410
S1-107661676	S3-570085105
S1-765199993	
S1-397100318	
S1-749761428	
S1-517964595	
S1-587594980	
S1-497328121	
S1-988978156	
S1-731375662	
S1-52027858	
S1-951238706	
S1-635088472	
S1-440637854	
S1-261179790	
S1-14989035	
S1-264400086	
S1-44786326	
S1-649478622	
S1-548847963	
S1-643543275	
S1-163720167	S2-123007061,S2-207217799,S2-329405096,S2-574584543,S2-63082253,S2-703722492,S2-847933753,S2-910325046,S2-920233551,S3-148156789,S3-788049212,S3-814880158
S1-103621572	
S1-700041531	
S1-70293770	
S1-191305751	
S1-630651924	
S1-445673411	
S1-340402614	
S1-578191568	
S1-368842283	
S1-374900748	
S1-461738931	
S1-510938919	
S1-697941388	
S1-635309320	
S1-175529093	
S1-280605287	
S1-81057372	
S1-274439512	
S1-363536365	
S1-377442834	
S1-241442621	
S1-345092088	
S1-593926946	S2-123007061,S2-63082253,S2-920233551,S2-984363671,S3-148156789,S3-949870446
S1-927787195	
S1-839394449	
S1-78057753	
S1-182339359	
S1-125025505	
S1-611430399	
S1-536214560	
S1-803068896	
S1-806095621	
S1-513272885	
S1-809095754	
S1-167263856	
S1-409945031	
S1-87779689	
S1-207272941	
S1-230715029	
S1-707304835	
S1-501049554	
S1-678200070	
S1-973842554	
S1-379423467	
S1-162180168	
S1-662401331	
S1-754847530	
S1-232138125	
S1-766779807	
S1-531123824	
S1-152113730	S2-233474561
S1-468058994	
S1-839086634	
S1-140075390	
S1-695660311	
S1-491327810	
S1-959243375	
S1-816518355	
S1-733579109	
S1-102444355	
S1-211334448	
S1-144322346	S3-479846603
S1-544514234	
S1-127223200	
S1-461225440	
S1-86162728	
S1-727212756	
S1-858927096	
S1-939986772	S3-411650441
S1-25374982	
S1-449077415	
S1-198256976	
S1-10416683	
S1-415276010	
S1-381707853	
S1-512439955	S3-50672933
S1-461160167	
S1-893577775	
S1-734155965	
S1-122497577	
S1-410095373	
S1-511767613	
S1-742816719	S3-635826736
S1-986609962	
S1-735879974	
S1-674140094	
S1-572557363	
S1-703195916	
S1-192201155	
S1-733281774	
S1-43869177	
S1-715244432	
S1-10040245	S2-851805668
S1-294190331	
S1-755486870	
S1-569687490	
S1-715090641	
S1-607511285	
S1-139260179	
S1-482181928	
S1-23847939	
S1-536309324	
S1-206554187	
S1-172554955	
S1-776590794	
S1-497429873	
S1-428397662	
S1-328268468	
S1-579049792	
S1-823148689	
S1-197993361	
S1-432566049	
S1-734276768	
S1-386145606	
S1-176757525	
S1-88159237	
S1-594635359	
S1-948958619	
S1-311903322	
S1-244828452	S2-368870105
S1-94308528	
S1-501445591	
S1-671298076	
S1-551787203	
S1-824818255	
S1-100592780	
S1-160274665	
S1-602388910	
S1-96899812	
S1-69310968	
S1-475336161	
S1-637377636	
S1-653426529	
S1-272326991	
S1-205315419	
S1-415900086	
S1-619200122	
S1-470340526	
S1-114302116	
S1-225293326	
S1-952954108	
S1-971976507	
S1-667767891	
S1-748604365	
S1-765145863	
S1-808136787	
S1-150313013	
S1-31765491	
S1-67441722	
S1-788638743	
S1-690201504	
S1-370571046	
S1-248268820	
S1-181919214	
S1-157001271	
S1-258614736	S2-556868318,S2-743206403
S1-683819396	
S1-129651902	
S1-983542335	
S1-916459698	
S1-75446568	
S1-450542596	
S1-434672916	
S1-119207121	
S1-944209528	
S1-784672030	
S1-253070257	
S1-514513495	
S1-819655970	
S1-97594046	
S1-840800923	
S1-697093093	
S1-241923829	
S1-592442333	
S1-657005877	
S1-803183640	
S1-618344138	
S1-62855884	
S1-459644646	
S1-634448836	
S1-973240203	
S1-420520788	
S1-75726603	
S1-223950625	
S1-286641811	
S1-278504868	
S1-440679932	
S1-618490691	
S1-871482966	
S1-46593203	
S1-783056299	
S1-207513864	
S1-830103617	
S1-575451743	
S1-615449868	
S1-103007525	
S1-492350006	
S1-855339257	
S1-918648734	
S1-871488428	
S1-845440652	
S1-671699692	
S1-450852366	
S1-835660965	
S1-660999095	
S1-286788571	S2-510757616,S3-120443833,S3-224800158,S3-582977744,S3-621306900
S1-436456848	
S1-984425947	
S1-124703185	
S1-185386080	S2-13072938,S2-20869901,S2-790145633,S2-816390814,S3-197081371,S3-20787426,S3-360991493,S3-369941843,S3-496774869
S1-237201289	
S1-878841015	S2-23994190
S1-654369387	
S1-185898669	
S1-440804709	
S1-473515804	
S1-701125399	
S1-446107841	
S1-48376135	
S1-942188933	
S1-926551367	
S1-928801431	
S1-965805721	
S1-895748767	
S1-878159488	
S1-616636887	
S1-750031555	
S1-906747681	
S1-889144031	S3-268907071,S3-456959053
S1-14737435	
S1-16692012	
S1-949493511	
S1-665681114	
S1-58923492	
S1-635865601	
S1-25588396	
S1-445245971	
S1-215542303	
S1-186356074	
S1-647616172	
S1-964022878	
S1-895396266	
S1-183055330	
S1-445278712	
S1-161326673	
S1-246294820	
S1-217504902	
S1-766240654	
S1-454683278	
S1-190853248	
S1-316357619	
S1-402741599	
S1-499949530	
S1-661662842	
S1-636111173	
S1-956096348	
S1-268945276	
S1-985686567	
S1-906147282	
S1-874495319	
S1-887506603	
S1-224165985	
S1-330363185	
S1-998403157	
S1-233329447	
S1-941517835	
S1-833346541	
S1-306852769	
S1-148728014	
S1-778510435	
S1-576022387	
S1-224659930	
S1-543119845	
S1-543250757	
S1-191159197	S2-151497011
S1-615983011	
S1-413536272	
S1-48424877	
S1-776604017	
S1-115572670	
S1-346828669	
S1-884083802	
S1-428702385	
S1-835340743	
S1-15006603	
S1-285464388	
S1-340882662	
S1-65486606	
S1-938759189	
S1-442926348	
S1-478350681	
S1-89087422	
S1-562556876	
S1-316971114	
S1-916546929	
S1-416923055	
S1-869822050	
S1-418561015	
S1-684279709	
S1-965301418	
S1-854893616	
S1-931180726	
S1-854573253	
S1-884956662	
S1-391174636	S3-711367714
S1-968543342	
S1-793927664	
S1-937924060	
S1-501661456	
S1-329965356	
S1-63548671	
S1-905700364	
S1-70747762	
S1-162606636	
S1-580476084	
S1-616796494	
S1-792704400	
S1-777528817	
S1-586376817	
S1-662391429	
S1-348943128	
S1-352710272	S3-371940136
S1-847652187	
S1-597369235	
S1-337332861	
S1-263948605	S2-671415963
S1-226607645	
S1-659203491	
S1-152285487	
S1-728672170	
S1-242347003	
S1-824645142	S3-197008620
S1-878539642	
S1-944911500	
S1-464981193	
S1-861124917	
S1-603618278	
S1-244090329	
S1-972418555	
S1-776617198	
S1-578374374	
S1-276807543	
S1-571706649	
S1-254465635	
S1-601644018	
S1-931440578	
S1-193350414	
S1-602531569	
S1-820120471	
S1-291028349	
S1-250878405	
S1-223054992	
S1-265493238	
S1-895489730	
S1-948094135	
S1-362178416	S2-799342669
S1-407965829	
S1-822482919	
S1-270809168	
S1-837666764	
S1-77512056	
S1-65581691	
S1-976830899	
S1-484638576	
S1-703259270	
S1-538997038	
S1-952283012	
S1-498116067	
S1-974672077	
S1-693676957	
S1-267493318	
S1-892015881	
S1-477034019	
S1-191728391	S2-6740422
S1-80478128	
S1-268721236	
S1-953111781	
S1-570599291	
S1-587504904	
S1-118144481	
S1-883903099	
S1-339466721	
S1-599454750	
S1-841665230	S3-626293954
S1-150937930	
S1-993571987	
S1-578672437	
S1-443090229	
S1-690015899	
S1-54293058	
S1-931269198	
S1-624624168	
S1-983297797	
S1-107228615	
S1-506790835	
S1-120863106	
S1-19390499	S2-20869901,S2-816390814,S3-174497076,S3-20787426,S3-437742410
S1-488103014	S2-188368209,S2-873065724,S3-441268536,S3-644782724
S1-646074337	
S1-191537393	
S1-314324592	
S1-404496153	
S1-387414069	
S1-215829360	
S1-644466680	
S1-638067711	
S1-260252970	
S1-79288047	
S1-392659468	
S1-797327200	
S1-523864827	S2-521485245,S3-293044075
S1-272782022	
S1-942858808	
S1-836879673	
S1-90063990	
S1-723882181	
S1-439427382	
S1-218033370	
S1-309586717	
S1-502990096	
S1-898540144	
S1-846630058	
S1-931456814	
S1-130874284	
S1-57906397	
S1-551928027	
S1-38538686	
S1-257005516	
S1-805669960	
S1-148952332	
S1-631627363	
S1-435182233	
S1-522255379	
S1-529518453	
S1-312140317	
S1-653991587	
S1-488264475	
S1-901148751	
S1-146087613	
S1-408629306	
S1-794377780	
S1-322691794	
S1-367709372	
S1-636124578	
S1-328209037	S2-303241266
S1-438691656	
S1-934949716	
S1-137953749	
S1-869754765	
S1-271717030	
S1-608639447	
S1-481797745	
S1-193725282	
S1-440458097	S3-227184579
S1-603725217	
S1-887737213	
S1-427585157	
S1-748915132	
S1-334537424	
S1-280823408	
S1-623749877	
S1-165425771	
S1-350083071	
S1-381786436	
S1-8183067	S3-64285749
S1-666257920	
S1-661668457	
S1-60186775	
S1-392872805	
S1-959367998	
S1-115204284	
S1-195944104	
S1-481606629	
S1-42583803	
S1-86227015	
S1-879422426	
S1-392403319	
S1-193289575	
S1-858693779	
S1-308343739	
S1-472099976	
S1-997508329	
S1-217828625	
S1-132526805	
S1-170037418	
S1-561096789	
S1-198110224	
S1-636074726	
S1-24617778	
S1-790848900	
S1-897935532	
S1-937246842	
S1-54024773	
S1-788007666	
S1-575258000	
S1-663861723	
S1-106625490	
S1-538609856	
S1-928813063	
S1-492634794	
S1-823691890	
S1-810963579	
S1-358873810	
S1-674804303	
S1-378208516	
S1-982224311	
S1-990297293	
S1-356831033	
S1-804111070	
S1-814630561	
S1-472227065	
S1-407272796	
S1-197930981	
S1-802010272	
S1-288044761	
S1-587661516	S2-531845572,S3-678442040
S1-63491494	
S1-711404077	
S1-184245572	
S1-436893821	
S1-582116327	
S1-150965035	
S1-147868953	
S1-320406354	
S1-626593568	
S1-602854161	
S1-217301454	
S1-648717450	
S1-171275131	
S1-703185312	S2-767912318,S3-328940207,S3-561839301
S1-805821773	
S1-907522875	
S1-852822463	
S1-404672404	
S1-304495242	
S1-37355827	
S1-128384349	S2-816390814
S1-366540280	
S1-98384115	
S1-324739802	
S1-529033357	
S1-784193439	
S1-619698158	
S1-621705909	
S1-977471745	S2-333219525
S1-70361006	
S1-378458145	
S1-612416785	
S1-894592684	
S1-318560318	
S1-704208179	
S1-896168497	
S1-354308142	
S1-302660713	
S1-194316014	
S1-829065584	
S1-496522660	
S1-277299362	
S1-44337991	
S1-164883648	
S1-432624726	S2-532663623
S1-41553520	
S1-609513691	
S1-235401456	
S1-54646986	
S1-951411134	
S1-603323305	
S1-946643903	
S1-875507723	
S1-864537586	
S1-66776291	S2-933716949
S1-251916701	
S1-928466797	
S1-840923312	
S1-790646959	S2-132805742,S2-185013334,S2-423000730,S2-530247686,S3-233415011,S3-64079929
S1-772381882	S3-228616515
S1-96255267	
S1-804270680	
S1-84752753	
S1-889141838	
S1-656561947	
S1-272323580	
S1-528886752	
S1-351513137	
S1-270959231	
S1-159120371	
S1-877835249	
S1-849337207	
S1-993000057	
S1-33542529	
S1-405183279	
S1-747328847	
S1-491927504	
S1-415628573	S3-146112334
S1-683714311	
S1-697012216	
S1-795886859	
S1-902177973	
S1-890126126	
S1-885401107	
S1-863345031	
S1-110223912	S2-185013334,S2-873065724,S3-441268536,S3-644782724
S1-982391108	
S1-92306187	
S1-936697300	
S1-432395011	
S1-789718907	
S1-105248088	
S1-209356990	
S1-91953405	S2-807016001
S1-206176404	
S1-310056508	
S1-277870199	
S1-696197989	
S1-323178575	
S1-327745923	
S1-168916959	
S1-265885003	
S1-558583597	
S1-327581020	
S1-618499220	
S1-246775354	
S1-327854025	
S1-710140294	
S1-437369444	
S1-796807539	
S1-524470543	
S1-727157844	
S1-453135313	
S1-348716403	
S1-384415428	
S1-211675318	
S1-99931690	
S1-739919059	
S1-874154168	
S1-313658231	
S1-457479224	S2-699193098
S1-841745884	
S1-474406222	
S1-739993343	
S1-88246900	
S1-983407312	
S1-648699522	
S1-494014220	
S1-910022102	
S1-950827658	
S1-604894668	
S1-920708437	
S1-790969625	S2-613449897,S2-848714990
S1-214474136	
S1-762052119	
S1-839665824	S3-590145602
S1-262750841	
S1-70388735	
S1-304607776	
S1-157525497	
S1-22150998	
S1-435054838	
S1-714205929	
S1-295833335	
S1-144972261	
S1-902629019	
S1-904771156	
S1-757255047	S3-923327437
S1-341231689	
S1-558089735	
S1-635631699	
S1-856205214	
S1-778494653	
S1-793103083	
S1-109146055	
S1-144714042	
S1-841618895	
S1-934351443	S2-185013334,S2-465593416,S2-630984437,S2-784709177,S2-791580552,S2-856031019,S3-710323041,S3-772212289,S3-808387780,S3-896343700
S1-221565293	
S1-28058446	
S1-326687303	
S1-107169870	
S1-334507874	
S1-797468107	
S1-87783973	
S1-864404223	
S1-41026576	
S1-956299776	
S1-440444198	
S1-298231745	
S1-655191006	
S1-424436850	
S1-917292236	
S1-311263626	
S1-145802131	
S1-41123689	S2-919675684
S1-689607626	
S1-201059905	
S1-336024818	
S1-332695120	
S1-968277761	
S1-893020181	
S1-698482837	
S1-362617565	
S1-876779119	
S1-782199673	
S1-319542870	
S1-862253651	S2-514162097
S1-295553383	
S1-157688468	
S1-468556392	
S1-778799143	
S1-751852220	
S1-682078442	
S1-737048864	
S1-554946152	
S1-634518734	
S1-421776055	
S1-684548468	
S1-380778500	
S1-65376608	
S1-425511342	
S1-124169727	
S1-807249396	
S1-705775700	
S1-995776736	
S1-615637334	
S1-799566342	
S1-816475528	
S1-787124081	
S1-642467065	
S1-759559948	
S1-883832305	
S1-714490930	
S1-83107826	
S1-547923191	
S1-718952478	
S1-129760653	
S1-55145761	
S1-269020082	
S1-508350779	
S1-693742675	S2-456174140
S1-880430625	
S1-887223100	
S1-988293522	
S1-391871421	S3-275853336
S1-926297994	
S1-338487278	
S1-337830181	
S1-307364544	
S1-802669803	
S1-917744853	
S1-51675394	
S1-935188663	
S1-217109508	
S1-423829055	
S1-836295691	
S1-686566894	
S1-278409016	
S1-842917753	
S1-300687234	
S1-678116435	
S1-307555378	
S1-244799464	
S1-637396999	
S1-542039519	
S1-572104930	
S1-189754465	
S1-726816257	
S1-880937324	
S1-741433045	
S1-387248697	
S1-158394689	
S1-934254643	
S1-432062847	
S1-768522030	
S1-39113238	
S1-719035402	
S1-775138567	
S1-66193503	
S1-640180539	
S1-986123873	
S1-766911968	
S1-276279431	
S1-339701189	
S1-688089554	
S1-652066512	
S1-85006892	S2-123007061,S2-207217799,S2-329405096,S2-574584543,S2-63082253,S2-703722492,S2-847933753,S2-910325046,S2-920233551,S2-984363671,S3-148156789,S3-788049212,S3-814880158
S1-759399899	
S1-730912626	
S1-776872831	
S1-713872715	
S1-886474869	
S1-705673419	
S1-265940259	
S1-84298606	
S1-128328929	
S1-891794161	
S1-191354561	
S1-818706828	
S1-775113830	
S1-313568703	
S1-570349743	
S1-772790152	
S1-298034288	
S1-423491708	
S1-224321394	
S1-889168132	
S1-193842674	
S1-56668348	
S1-136613780	
S1-700860389	
S1-278346435	
S1-227809485	
S1-301125503	
S1-57192795	
S1-680597864	
S1-881967445	
S1-677028599	
S1-337583	
S1-892230892	
S1-134450444	
S1-362404007	
S1-547547227	
S1-371369881	
S1-950129598	
S1-160159208	
S1-173730021	
S1-805201852	
S1-52935909	
S1-359027753	
S1-266621263	
S1-832182738	
S1-160199310	
S1-437215053	S2-507776525
S1-526506304	
S1-67551811	
S1-684030076	
S1-884678637	
S1-366180274	
S1-977194760	
S1-837338121	
S1-539283858	
S1-983523156	
S1-265011297	
S1-130265572	
S1-60146060	
S1-614765418	
S1-910770637	S2-260794285,S2-336750623
S1-100454001	
S1-825346721	
S1-947452068	
S1-63299227	
S1-54385724	
S1-251415218	
S1-416423453	
S1-746507508	
S1-265382057	
S1-111095692	
S1-116409500	
S1-174722943	
S1-770852533	
S1-600235221	
S1-686651976	
S1-324697608	
S1-77244396	S3-453711158
S1-106771538	
S1-498090786	
S1-907093606	
S1-775543094	
S1-321533531	
S1-334751324	
S1-65662008	
S1-999270128	
S1-176879955	S3-55560171
S1-344308068	
S1-474669892	
S1-486536155	
S1-421929550	
S1-449185318	
S1-279241831	
S1-35148541	
S1-8837051	
S1-542045157	
S1-666086325	
S1-28098357	
S1-78586307	S3-690587555
S1-615756590	
S1-280971602	
S1-913429492	
S1-99378336	
S1-481130735	
S1-104808175	S2-113767607
S1-656655779	
S1-177672861	
S1-543817816	
S1-720173797	
S1-526812623	
S1-197890502	
S1-316618570	
S1-905435432	
S1-205867782	
S1-74432649	
S1-747464359	
S1-881596406	
S1-572971614	
S1-836729772	
S1-372650216	
S1-857967179	
S1-821257642	
S1-270215123	
S1-204157284	
S1-994951212	
S1-247508375	
S1-88401782	
S1-516295257	
S1-229433468	
S1-806593397	
S1-204985243	
S1-743216182	
S1-529636644	S2-724698057
S1-109014634	
S1-134670391	
S1-678514872	
S1-801080177	
S1-391768876	
S1-712022425	
S1-856499408	
S1-153738016	
S1-168655038	
S1-549609581	S3-334667297
S1-333564597	
S1-809758660	
S1-533747103	
S1-986059943	
S1-714184426	
S1-98633436	
S1-384324522	
S1-270916034	
S1-790491214	
S1-644296673	S3-947946208
S1-722335732	
S1-436612584	
S1-418742511	
S1-496213337	S2-375394664
S1-976120674	
S1-635473417	
S1-466239086	
S1-849962484	
S1-645196358	
S1-315731356	
S1-422074510	
S1-362846674	
S1-478866853	
S1-512391885	
S1-516268642	
S1-960585302	
S1-414177516	
S1-810554531	
S1-63471722	
S1-631132998	
S1-5189967	
S1-871627516	
S1-619845563	
S1-511884395	
S1-442191277	
S1-473509467	
S1-441784346	
S1-225785361	
S1-44438300	
S1-367630731	
S1-955707943	
S1-569920351	
S1-650880971	
S1-540632833	
S1-858031118	
S1-72039058	
S1-5839515	
S1-458183580	
S1-84259630	
S1-892327168	
S1-619921711	
S1-508897375	
S1-100607068	
S1-172671468	
S1-329597218	
S1-783683256	
S1-105414587	
S1-359801337	
S1-918820119	
S1-306492427	
S1-126685721	S2-410097822
S1-376354166	
S1-50801901	
S1-188536939	
S1-501301337	
S1-165695258	
S1-131501014	
S1-493636313	
S1-604353278	
S1-63972408	
S1-960381648	
S1-655799213	
S1-846463741	S3-618870695
S1-151156133	
S1-928848055	
S1-447286351	S2-740951662
S1-642763742	
S1-997139345	
S1-90630875	
S1-707541729	
S1-486019715	
S1-471067117	
S1-351618977	
S1-290402587	
S1-315697532	
S1-771815853	
S1-295611818	S3-565843276
S1-287306800	
S1-448488273	
S1-189429292	
S1-494439107	
S1-513164107	
S1-165395883	
S1-348659950	S2-185013334,S2-465593416,S2-630984437,S2-784709177,S2-791580552,S2-856031019,S3-710323041,S3-772212289,S3-808387780
S1-392570432	
S1-774512848	
S1-611838672	
S1-2563151	
S1-249293961	
S1-995431898	
S1-642699124	
S1-645855052	
S1-906601997	
S1-351145556	
S1-806505515	
S1-519244201	
S1-518597578	
S1-779054185	
S1-305636462	
S1-321558078	
S1-294344490	
S1-16384452	
S1-751693400	
S1-997097300	
S1-461102229	
S1-447156835	
S1-50344895	
S1-529354845	
S1-358018857	
S1-992674788	
S1-685320499	
S1-402614347	
S1-274859351	
S1-493952130	
S1-763330413	
S1-419353076	
S1-239419880	
S1-768288720	
S1-743532117	
S1-779819688	
S1-148753617	
S1-706540472	
S1-527522451	
S1-386390628	
S1-878055487	
S1-13248795	
S1-6462040	
S1-706800125	
S1-618478746	
S1-233248703	
S1-933943347	S2-221686525,S2-698489713
S1-70058948	
S1-581036702	
S1-342993133	
S1-431948519	
S1-369613942	
S1-731584675	
S1-719401244	S3-429454900,S3-605361955,S3-61245170
S1-714285867	
S1-385587567	
S1-84580294	
S1-830364797	
S1-378990754	
S1-714193069	
S1-950748144	
S1-414993511	
S1-521727211	
S1-299901336	
S1-714800464	
S1-563781208	
S1-883533495	
S1-250045332	
S1-813971034	
S1-470390356	
S1-557425395	
S1-266654668	
S1-92642359	
S1-950710600	
S1-138325264	
S1-378671183	
S1-268963612	
S1-397705515	
S1-252673127	
S1-463094310	S2-152132333
S1-346042622	
S1-274242266	
S1-986883920	
S1-616759248	
S1-652140589	
S1-204021861	
S1-63365531	
S1-714876573	
S1-115990915	
S1-884686238	
S1-616933789	
S1-161164388	
S1-759463797	
S1-917974925	
S1-271635480	
S1-223768194	
S1-434905465	
S1-937464823	
S1-930845443	
S1-865068888	
S1-251165503	
S1-719087055	
S1-59138730	
S1-551201102	
S1-397603645	
S1-839400365	
S1-758460809	
S1-64252293	
S1-74301491	
S1-976563154	
S1-201752116	
S1-223395216	
S1-925882360	
S1-260624682	
S1-815070573	
S1-659620147	
S1-674557558	
S1-305730127	
S1-343740747	
S1-989813334	
S1-423495495	
S1-101998785	
S1-302225543	
S1-434298651	
S1-682952752	
S1-851828681	
S1-962313437	
S1-100963333	
S1-721035780	
S1-514832073	
S1-124896621	
S1-212698642	
S1-803185643	
S1-738584936	
S1-56242590	
S1-841823831	
S1-829395905	
S1-818046720	
S1-485320283	
S1-627833387	
S1-326684351	
S1-743115640	
S1-654719525	
S1-201596710	
S1-613552030	
S1-271631375	
S1-814489586	
S1-437652739	
S1-379954005	
S1-98548010	
S1-808348446	
S1-419388485	
S1-377056734	
S1-501583617	
S1-821767603	
S1-941540320	
S1-564444292	
S1-94437754	
S1-26513527	
S1-384023939	
S1-781946202	
S1-902118365	
S1-76149363	
S1-569278503	
S1-43664767	
S1-322940386	
S1-747672450	
S1-755568492	
S1-630392587	
S1-216651481	
S1-4360725	
S1-494098886	
S1-845471378	
S1-969728736	
S1-193370220	
S1-239782936	
S1-808951246	
S1-83324062	
S1-920813203	S3-836861361
S1-963374961	
S1-793849160	S2-108984077,S2-515152170
S1-714129489	
S1-526914112	
S1-740626096	
S1-728468601	
S1-55397789	
S1-328244568	
S1-409393088	
S1-288397112	
S1-270490698	
S1-120610730	
S1-869863045	
S1-632430853	
S1-554892702	
S1-778380882	
S1-762127003	
S1-735859944	
S1-441633162	
S1-933743108	
S1-340773283	
S1-140281974	
S1-602534501	
S1-587089153	
S1-973354475	
S1-926940737	
S1-549032612	
S1-796487002	
S1-772671381	
S1-815680348	
S1-298259994	
S1-798468408	
S1-376746347	
S1-665030294	
S1-400130143	
S1-892917229	
S1-245821330	
S1-234907379	
S1-345575013	
S1-948488334	
S1-7299653	
S1-530272266	
S1-671773513	
S1-897107078	
S1-72714554	
S1-890084376	
S1-78039082	
S1-573584967	
S1-425166512	
S1-651808618	
S1-397643029	
S1-185730316	
S1-930208382	
S1-530001697	
S1-405041460	
S1-618651243	
S1-425510950	
S1-479487847	
S1-143844358	
S1-736027214	
S1-177996818	
S1-103470249	
S1-932004104	
S1-696153294	
S1-330238544	S2-112550664
S1-752439340	
S1-656576833	
S1-145712484	
S1-603881324	
S1-93541989	
S1-210664753	
S1-695010876	
S1-85834673	
S1-187159917	
S1-55453733	
S1-50211278	
S1-270283599	
S1-295942240	
S1-110699859	
S1-457434868	
S1-808502577	
S1-830771607	
S1-980238496	
S1-904423639	
S1-652699013	
S1-671302651	
S1-786597365	
S1-711969169	
S1-70463540	
S1-62236963	
S1-176110225	
S1-315075206	
S1-4594024	
S1-320456920	
S1-786514679	
S1-970428135	
S1-440326505	
S1-878581226	
S1-660192413	
S1-874993801	
S1-580091810	
S1-116582597	
S1-78637407	
S1-414077399	
S1-455601603	
S1-493140418	
S1-315867038	
S1-452334301	
S1-767513906	
S1-274198278	
S1-59463141	
S1-562381698	
S1-365476311	
S1-709081128	
S1-699229831	
S1-716148466	
S1-553315766	
S1-761813210	
S1-356262835	
S1-436199901	
S1-874519664	
S1-519501441	
S1-767270585	
S1-621858672	
S1-285771923	
S1-570131259	
S1-978246769	
S1-199718674	
S1-524086257	
S1-458493432	
S1-268092263	
S1-596497687	
S1-522425656	
S1-825784391	
S1-42700634	
S1-14107319	S2-241940330,S2-433954722,S2-463924906,S2-6815110
S1-261580828	
S1-664169472	
S1-482702204	
S1-308028718	
S1-583596482	
S1-998913961	
S1-386619697	
S1-259980304	
S1-662755677	
S1-417547478	
S1-106510444	
S1-532694702	
S1-624286361	
S1-305707162	
S1-310524020	
S1-744315800	
S1-449379166	
S1-841199392	
S1-455386010	
S1-600875673	
S1-187803549	
S1-658991017	
S1-128574156	
S1-737269545	
S1-551950868	
S1-968790139	
S1-923632957	
S1-4344175	
S1-380789771	
S1-991217526	
S1-13597539	
S1-938544006	
S1-691558101	
S1-283384313	
S1-671728834	
S1-93212229	
S1-651254628	
S1-609892869	
S1-500425318	
S1-267930588	
S1-531403434	
S1-729516736	
S1-910541604	
S1-247007732	
S1-404589533	
S1-832454675	
S1-503369772	
S1-528462763	
S1-985819678	
S1-217676353	
S1-388138315	
S1-896713760	
S1-545138338	S2-97557867
S1-894193013	
S1-652429385	
S1-670059667	
S1-362988756	
S1-646284220	
S1-384736158	
S1-508725650	
S1-588331239	
S1-364230991	
S1-445355045	
S1-82542943	
S1-310211095	
S1-906766515	
S1-848645601	
S1-912999690	
S1-133583851	
S1-907926468	
S1-756563867	
S1-492188340	
S1-339937054	
S1-171980223	
S1-661294447	
S1-502005826	
S1-453127562	
S1-800510034	
S1-262660668	
S1-252194858	
S1-454797198	
S1-28098960	
S1-255397127	
S1-211937482	
S1-474874291	
S1-900785135	
S1-616485518	
S1-265498789	
S1-646805667	
S1-33378819	
S1-464928182	
S1-295574617	
S1-626890563	
S1-951921888	
S1-446002446	
S1-404275764	
S1-903119019	
S1-326140906	S3-189332797
S1-46663671	
S1-186097595	
S1-238061588	
S1-342492971	
S1-452002982	
S1-436058660	
S1-806157130	
S1-388243604	
S1-287541811	
S1-849995734	
S1-470665817	
S1-851475903	
S1-577101682	
S1-998571126	
S1-569978131	
S1-196836318	
S1-124582409	
S1-732893950	
S1-121071786	
S1-29754635	
S1-535243540	
S1-751332066	
S1-199439039	
S1-420433155	
S1-858471156	
S1-613500212	
S1-218916264	
S1-10709202	
S1-357733807	
S1-858577120	
S1-508369268	
S1-739780291	
S1-212491785	
S1-269691723	
S1-5938181	
S1-254994588	
S1-991081650	
S1-580542055	
S1-8682384	
S1-465753912	
S1-617090659	
S1-598957542	
S1-790101416	S2-187119816,S2-269098468,S2-41086033,S2-468427870,S2-490376970,S2-516243741,S2-605726696,S2-783703941,S2-802095609,S2-847014050,S3-503895482,S3-648942348,S3-773498036
S1-830979374	
S1-257752157	
S1-782450368	
S1-19278536	
S1-523499123	
S1-628552937	
S1-985553472	
S1-913759191	
S1-235586282	
S1-39261708	
S1-442536774	S2-790145633,S3-197081371,S3-20787426,S3-280541618,S3-489941683
S1-439232724	
S1-464876316	
S1-59622397	
S1-195524121	
S1-641871308	
S1-146101560	
S1-815009377	
S1-458344053	
S1-202624804	
S1-711776206	
S1-173271938	
S1-775243817	
S1-909743836	
S1-662414248	
S1-276880083	S2-745905445
S1-495909799	
S1-399000108	
S1-940425338	
S1-920395182	
S1-207519995	
S1-738766854	
S1-183631664	
S1-895162906	
S1-329934167	
S1-819285509	
S1-238323457	
S1-104600962	
S1-616870637	
S1-331077325	
S1-772695055	S2-446315212
S1-126068459	
S1-152219113	
S1-973563286	S2-592056745
S1-891585013	
S1-566194793	
S1-71135098	
S1-840525013	
S1-534273294	
S1-31414402	
S1-221062510	
S1-471604759	
S1-624794966	
S1-594549617	
S1-622325947	
S1-324613163	S2-919675684
S1-580778169	
S1-66239530	
S1-299085123	
S1-230333939	
S1-922229975	
S1-630718602	
S1-203696789	
S1-893352693	
S1-751565104	
S1-3081573	
S1-162985211	
S1-143288454	
S1-46552482	
S1-625945200	
S1-907549625	
S1-586033475	
S1-847174910	
S1-397242622	
S1-927727483	
S1-796965540	
S1-684460146	
S1-988730742	
S1-560084072	
S1-982069347	
S1-474259324	
S1-266838439	
S1-854484757	
S1-916872487	
S1-973776812	
S1-340955445	
S1-924762231	
S1-381492157	
S1-967680790	
S1-716997283	
S1-588348191	
S1-628165067	
S1-519436750	
S1-464716139	
S1-751004721	
S1-167761682	
S1-797764469	
S1-433921722	
S1-861101207	
S1-576176026	
S1-160953103	
S1-927667483	
S1-886163123	
S1-216543287	
S1-60570244	
S1-67029292	
S1-833896484	S2-260794285
S1-805873467	
S1-596905190	
S1-449453947	
S1-658951963	
S1-879166908	
S1-465710719	
S1-854833431	
S1-983735998	
S1-584066832	
S1-329400125	
S1-798493022	
S1-886080064	
S1-760715039	
S1-26464376	
S1-752710986	
S1-973915164	
S1-58047897	S3-718801714
S1-253130904	
S1-872973711	
S1-69230682	
S1-803168000	
S1-540193955	
S1-306536724	
S1-103857392	
S1-621444492	
S1-796446856	
S1-371343395	
S1-501256595	
S1-674486708	
S1-458942764	
S1-353723646	
S1-65391495	
S1-676321910	
S1-560927075	
S1-720112723	
S1-673594349	
S1-156486582	
S1-473081616	
S1-342637277	
S1-333799836	
S1-167553105	
S1-606572566	
S1-757643725	
S1-962056619	
S1-898910515	
S1-459425167	
S1-676519495	S3-77824822
S1-729022229	
S1-514456440	
S1-644837215	
S1-274919729	
S1-112205004	
S1-821407031	
S1-329209853	
S1-913800695	
S1-758315853	
S1-231154207	
S1-948200402	
S1-345673612	
S1-134095340	
S1-835169169	
S1-11247285	S2-367165967
S1-491741562	
S1-345646373	
S1-723757055	
S1-605998856	
S1-16544799	S2-143289999
S1-791692316	
S1-325300754	
S1-340057836	
S1-914557351	
S1-621408543	
S1-934072680	
S1-437170246	
S1-614487120	
S1-233229370	
S1-742458596	
S1-395946646	
S1-152988624	
S1-156431732	
S1-115852697	
S1-9324643	
S1-910677633	
S1-335978750	
S1-454330279	
S1-913114838	S3-601675965
S1-355207981	
S1-380038693	
S1-548478106	
S1-439713833	
S1-38193695	
S1-911457539	
S1-245543007	
S1-770159086	
S1-719340728	
S1-277926912	
S1-821437699	
S1-16043801	
S1-25369418	
S1-528762459	
S1-138012485	
S1-877388526	
S1-237355667	
S1-724354338	
S1-468768993	
S1-680379450	
S1-470876586	
S1-323754824	
S1-177406752	
S1-158693404	
S1-825641922	
S1-620480823	
S1-851173292	
S1-183545262	
S1-730256869	
S1-258974213	
S1-734306993	
S1-825560250	
S1-488185280	
S1-200995875	
S1-604939204	
S1-540970152	
S1-36476350	
S1-520267399	
S1-205613147	S2-634410066
S1-240007946	
S1-582481332	
S1-313248311	
S1-167578797	
S1-676169096	S2-486082578
S1-984501748	
S1-399799996	
S1-353944241	S2-802813908
S1-599838413	
S1-215850943	
S1-770135084	
S1-207199362	
S1-316751457	
S1-186684500	
S1-741950605	
S1-385708273	
S1-820318020	
S1-382258182	
S1-147192435	
S1-253259796	S3-777720867
S1-936902559	
S1-324104760	
S1-643802372	
S1-795044742	
S1-213761521	
S1-674926382	
S1-900229082	
S1-562298227	
S1-784644254	
S1-263581701	
S1-888818443	
S1-468209770	
S1-778208951	
S1-157590354	
S1-202298383	
S1-788439870	
S1-839136787	
S1-789580951	
S1-574422098	
S1-298510561	
S1-140483292	
S1-517077768	
S1-355830956	
S1-545279227	
S1-152579483	
S1-226204258	
S1-89940848	
S1-193330398	
S1-171200685	
S1-507331541	
S1-725456636	S2-515152170,S3-437422944,S3-491264868,S3-802085290
S1-603302558	
S1-410955877	
S1-244404303	
S1-393260650	
S1-281224420	
S1-845034152	
S1-137480446	
S1-534768142	
S1-5826542	
S1-167811691	
S1-599220705	
S1-132823781	
S1-727219009	
S1-819274177	
S1-372363364	
S1-700392022	
S1-959847953	
S1-50079283	
S1-762816524	
S1-15832413	
S1-999630694	
S1-947475274	
S1-31426607	
S1-480286005	
S1-792733938	
S1-906436117	
S1-882966086	S3-41746827
S1-859867831	
S1-95665827	
S1-361190649	
S1-932826661	S2-257676403
S1-330233522	
S1-319661524	
S1-148822924	
S1-653277277	
S1-56722290	
S1-42981169	
S1-882679964	
S1-47341334	
S1-466690598	S3-832647831
S1-389653265	
S1-157387053	
S1-849625455	S2-218163632,S2-968505057
S1-137595944	
S1-207583215	S3-238341296
S1-234990403	
S1-851563270	
S1-819627520	
S1-569557446	
S1-903481382	S2-272351032
S1-248186287	
S1-615725725	
S1-159721054	
S1-254582433	
S1-331256527	
S1-700445028	
S1-370341929	S2-156552749,S2-521985477
S1-450910454	
S1-887981455	
S1-947439980	
S1-751671817	
S1-368326378	
S1-216609504	
S1-226519321	
S1-712682553	
S1-260020474	
S1-450935679	
S1-599193422	
S1-472293828	
S1-522366279	
S1-27969067	
S1-759305764	
S1-4226494	
S1-554458011	
S1-501763725	
S1-929910679	
S1-820684919	
S1-380917708	S2-244461000,S2-26716893,S2-824012734,S3-793852803
S1-429362654	
S1-808989853	
S1-388304800	
S1-140557913	
S1-23301777	
S1-338510850	
S1-902822341	
S1-839707362	
S1-755947872	
S1-518015168	
S1-732667870	
S1-212889834	
S1-169746700	
S1-384329650	
S1-759088489	
S1-499871028	
S1-878356778	
S1-211253471	
S1-830395824	
S1-543835817	
S1-913822549	
S1-50689573	
S1-644802249	
S1-705577321	
S1-491809035	
S1-35448896	
S1-705681159	S2-678711299
S1-118464659	
S1-703741450	S2-185013334,S2-754866151
S1-503904947	
S1-16325428	
S1-855977982	
S1-232084426	
S1-920319593	
S1-435821423	
S1-927370035	
S1-796783588	
S1-778503327	
S1-720607913	
S1-115581910	
S1-654510262	S2-887084672
S1-17912439	
S1-839986191	
S1-150305883	
S1-408347976	
S1-400082674	
S1-790416467	
S1-115333302	
S1-477022557	
S1-42723707	
S1-795777722	
S1-528622859	
S1-975358801	
S1-297978670	
S1-96976966	
S1-512538923	
S1-23415507	
S1-970335259	
S1-894375717	
S1-152111877	
S1-635706425	
S1-532255485	
S1-357936564	
S1-712079251	
S1-240978144	
S1-789805904	
S1-159370927	
S1-351185518	
S1-344161263	
S1-970544549	
S1-638915548	S3-698341833
S1-794931955	
S1-945731920	
S1-221551142	
S1-580697492	
S1-265081458	
S1-179813797	
S1-269861777	S2-864588945
S1-443901536	
S1-755764858	
S1-900803431	
S1-5237287	
S1-967223373	
S1-947196545	
S1-448693929	
S1-522350080	
S1-802996388	S3-449611693
S1-22340636	
S1-147164324	
S1-537565611	S2-999112794
S1-43961314	
S1-987227688	
S1-108873322	
S1-884560669	
S1-639458725	
S1-644593312	
S1-334961143	
S1-282557836	
S1-453279692	
S1-155804343	
S1-644406684	
S1-16898118	
S1-956734723	
S1-690152197	
S1-711530078	
S1-442667259	
S1-446039042	
S1-598858734	
S1-601165566	
S1-849192276	
S1-75954052	
S1-152667248	
S1-967099367	
S1-589501783	
S1-188152466	
S1-927524011	
S1-608299415	
S1-359722436	
S1-31588735	
S1-714532797	S2-272351032,S2-454483999,S2-591482651,S2-59604091,S2-814744581,S3-638541983,S3-721455825
S1-854686771	
S1-646668134	
S1-323255385	
S1-625336736	
S1-392777181	
S1-498433309	S2-931505496
S1-834061544	
S1-680500711	
S1-999890027	
S1-988739111	
S1-547602421	
S1-238800051	
S1-299431714	
S1-549603320	
S1-364318916	
S1-870545374	
S1-143116378	
S1-772945476	
S1-810437426	S3-408913046
S1-77805414	
S1-228818753	
S1-598435544	
S1-589676063	
S1-291654838	
S1-698515381	
S1-408913946	
S1-989525639	
S1-996209506	
S1-483868944	
S1-217863804	
S1-501664522	
S1-631163405	
S1-175526390	
S1-114405478	
S1-871203885	
S1-238759781	
S1-975869206	S3-851155132
S1-908366195	
S1-238051020	
S1-107965488	
S1-726596169	
S1-959726491	
S1-805687364	
S1-848789412	
S1-29780130	
S1-648700887	
S1-618260617	
S1-520251224	
S1-568241	
S1-435437168	
S1-386190690	
S1-188337052	
S1-762498338	
S1-827459434	
S1-422304366	S3-513396375
S1-371322857	
S1-771737316	
S1-569367313	
S1-795575873	
S1-863478457	
S1-281739781	
S1-414056851	
S1-566784335	
S1-651570009	
S1-377280422	
S1-203992385	
S1-323563455	
S1-187866117	
S1-76388086	
S1-321815093	
S1-134792065	
S1-671098842	
S1-40441695	
S1-301317712	
S1-100272353	
S1-576962311	
S1-565716156	
S1-945233852	
S1-723261068	
S1-56812820	
S1-468162055	
S1-199703142	
S1-641430391	
S1-242245103	
S1-750629771	
S1-872824410	S2-945225478
S1-129948046	
S1-21040958	
S1-201731782	
S1-552087140	
S1-150023881	
S1-529745585	
S1-409017551	
S1-226560489	S2-399597228,S2-971258085,S3-156752988
S1-91769805	
S1-351329786	
S1-851348700	S2-261149262,S2-60331805,S3-961276600
S1-188370132	
S1-730215445	
S1-115969239	
S1-339309081	
S1-333442526	
S1-34146906	
S1-355928570	
S1-579644462	S2-338638004,S2-420814161
S1-193588543	
S1-384070789	
S1-235642042	
S1-462245571	
S1-515965443	
S1-608059595	
S1-884568718	
S1-354178162	
S1-420372701	
S1-51470667	
S1-38503146	
S1-8583890	
S1-104620391	
S1-101542782	S3-765884018
S1-328146838	
S1-181625345	
S1-704257169	
S1-46415834	
S1-760420826	
S1-133508901	
S1-950699656	
S1-412366012	
S1-228462439	
S1-290088341	
S1-720701652	
S1-349017758	
S1-730869519	
S1-667419354	
S1-649403642	
S1-528228320	
S1-998515247	
S1-219509533	
S1-258758189	S3-610015411
S1-632841872	
S1-512857526	
S1-141244613	
S1-831448252	
S1-785045047	
S1-801381055	
S1-335314668	
S1-655725029	
S1-19056795	
S1-86766933	
S1-554313994	
S1-689208456	
S1-289087139	
S1-88017471	
S1-686341572	
S1-804499780	
S1-317515780	
S1-158801413	
S1-302211959	
S1-75788184	S2-521485245,S2-573152653,S3-293044075
S1-192769646	
S1-973884137	
S1-44443046	
S1-67822539	
S1-174269522	
S1-941035430	
S1-125267	
S1-335854571	
S1-230796943	
S1-130667349	
S1-998505212	
S1-784507329	
S1-837003592	
S1-35181658	
S1-325029258	
S1-499863990	
S1-305676400	
S1-838157584	
S1-170102647	
S1-785619243	
S1-52612572	
S1-151818773	S3-862089421
S1-127327385	
S1-843275108	
S1-418343388	
S1-447948110	
S1-230400681	
S1-248125688	
S1-999497571	
S1-655548510	
S1-900262585	
S1-297139756	
S1-692573611	
S1-749646569	
S1-897558850	
S1-479499974	
S1-69423105	
S1-480364335	
S1-752524020	
S1-652852023	
S1-360440057	
S1-476712317	
S1-142041237	S2-27462337
S1-201486056	
S1-458489652	
S1-423997186	
S1-489072721	
S1-774635280	
S1-955619147	
S1-134203070	
S1-683848296	S2-43649412
S1-75876695	
S1-304177658	
S1-462250148	
S1-759835755	
S1-928892735	
S1-917798202	
S1-877353024	
S1-87499657	
S1-287635088	
S1-270047586	
S1-986714207	
S1-701383836	
S1-142109141	
S1-525160721	
S1-745633626	
S1-737751323	
S1-395418396	
S1-90370346	
S1-195435381	
S1-448725157	
S1-630775847	
S1-120036505	
S1-791705347	
S1-463248336	
S1-951405745	
S1-36202667	
S1-241308572	
S1-833414172	S2-904059743
S1-444636430	
S1-115773130	
S1-776938453	
S1-561721009	S3-305766553
S1-33260597	
S1-471884779	
S1-150475498	
S1-937414407	
S1-278429356	
S1-691057672	
S1-445960779	
S1-800313285	
S1-636907474	
S1-890047329	
S1-640722916	
S1-858743944	
S1-46439560	
S1-27790808	
S1-116114832	
S1-807184184	
S1-466433323	
S1-761386359	
S1-535888134	
S1-166458062	
S1-910367798	
S1-685078881	
S1-767518240	
S1-158536791	
S1-926441088	
S1-49049463	
S1-541895764	
S1-119408334	
S1-94468627	
S1-557117288	
S1-389644841	
S1-292775865	
S1-838790160	
S1-664144549	
S1-664770278	
S1-822830788	
S1-195846285	
S1-442803284	
S1-840575378	
S1-168286339	
S1-588788903	
S1-561167553	S2-218163632,S2-968505057
S1-108313560	
S1-514633541	
S1-668357037	
S1-226659904	
S1-931529067	
S1-47219226	
S1-444256038	
S1-985488690	
S1-916588116	
S1-88693009	
S1-920605330	
S1-878785987	
S1-143422122	
S1-787944495	
S1-15721344	
S1-849803629	
S1-213771370	
S1-680937888	S2-741120473
S1-56245202	
S1-932812504	
S1-550357588	
S1-989704392	
S1-728635493	
S1-80055433	
S1-319250888	
S1-331345816	
S1-31978625	
S1-888055095	
S1-69041046	
S1-792394223	
S1-675052210	
S1-451136135	
S1-888788309	
S1-398467584	
S1-888520572	
S1-703848928	
S1-74968588	
S1-483428807	
S1-128808322	
S1-111912948	S2-11399040
S1-238604749	
S1-335290767	
S1-857063564	
S1-446698590	
S1-564044043	
S1-557408785	
S1-149175189	
S1-84492799	
S1-866298453	
S1-570656795	
S1-691828136	
S1-731815314	
S1-965606977	
S1-177963951	
S1-554680277	
S1-946082551	
S1-953845315	
S1-403215136	
S1-374376629	S2-906190563,S3-5269429,S3-757454518
S1-60530943	
S1-655702867	
S1-872518106	
S1-685030263	S2-185013334,S2-341291271,S3-458221504
S1-478673421	
S1-571713062	
S1-344992065	
S1-606198964	
S1-78166334	
S1-731220845	
S1-600402100	
S1-613636248	
S1-742852055	
S1-533658684	S3-813878064
S1-1286964	
S1-502075909	
S1-203847633	
S1-3683607	
S1-670176871	
S1-600786755	
S1-235172156	
S1-641668007	
S1-762784146	
S1-475754522	
S1-537540128	
S1-501989581	
S1-360434486	
S1-320126869	
S1-260713259	
S1-769128819	S2-480230562
S1-602931154	
S1-346952736	
S1-327812434	
S1-63787234	
S1-982158746	
S1-196945128	
S1-479705920	
S1-920370646	
S1-1581729	
S1-565755287	
S1-779869016	
S1-337882514	
S1-413314555	
S1-111096550	
S1-369722463	
S1-472601758	
S1-38516596	
S1-487018899	
S1-248433012	
S1-872093428	
S1-388738074	
S1-180425935	
S1-750929929	
S1-571518709	
S1-480371137	
S1-587586745	
S1-207123576	
S1-731626913	
S1-602168491	
S1-253715484	
S1-855056785	
S1-610005586	
S1-613031661	
S1-421947875	
S1-852848215	
S1-980883433	S3-434592353,S3-498706413
S1-520760541	
S1-535426249	
S1-764254567	
S1-588956459	
S1-790922954	
S1-958361390	
S1-716448058	
S1-987116162	S3-842933217
S1-227880948	S2-346644481,S2-497972322,S2-728767898,S3-117250439,S3-379835856,S3-462452716,S3-571327237,S3-857183109
S1-41991324	
S1-61553844	
S1-216871480	
S1-165175433	
S1-521737474	
S1-590678273	
S1-981076963	
S1-421606606	
S1-953829108	
S1-907670413	
S1-452109201	
S1-756190461	
S1-69976015	
S1-481202981	
S1-434164576	
S1-27410119	
S1-526156560	
S1-855855110	
S1-806638569	
S1-311845895	
S1-350074796	
S1-258609094	
S1-58513462	
S1-935526566	
S1-970109956	
S1-857820279	
S1-157843192	
S1-712502365	
S1-827329092	
S1-834923587	
S1-401692132	
S1-804353136	
S1-228112883	
S1-972758311	
S1-625893030	
S1-890513940	S2-389344290
S1-923157091	
S1-135438806	
S1-999555495	
S1-234305934	
S1-307663671	
S1-5087115	
S1-109359215	
S1-846226394	
S1-287377088	
S1-290059860	
S1-817396102	
S1-481493950	
S1-268437161	
S1-355852689	
S1-307768559	
S1-116925519	
S1-334266251	
S1-110342331	
S1-836327264	
S1-748977449	
S1-483964857	
S1-967438107	
S1-288146550	
S1-862618283	
S1-900321427	
S1-359681679	
S1-695183421	
S1-631815952	
S1-209377798	
S1-798001201	
S1-215521350	
S1-937071573	
S1-437218622	
S1-261987363	
S1-273910647	
S1-734496918	
S1-854197119	
S1-996081748	
S1-309794117	
S1-81506915	
S1-213604367	
S1-922471336	
S1-631361046	
S1-259550784	
S1-241223169	
S1-724894906	
S1-416356316	
S1-1769699	
S1-130215327	
S1-737619675	
S1-781577426	
S1-831704294	
S1-163006617	
S1-503603145	
S1-836564513	S2-509215667
S1-662756060	
S1-163367292	
S1-754164911	
S1-309193060	
S1-183469270	
S1-249138873	
S1-808304828	
S1-729202868	
S1-994563772	
S1-329916893	
S1-844119481	
S1-110195468	
S1-901400038	
S1-923084268	
S1-56285893	
S1-329577523	
S1-778281919	
S1-119786299	
S1-489032436	
S1-805737432	
S1-882175419	
S1-92278111	
S1-85324580	
S1-209184514	
S1-886959181	
S1-806822794	
S1-801263362	
S1-856306668	
S1-643194219	
S1-420579679	
S1-559603210	
S1-743361812	
S1-723333584	S2-978835785
S1-404667296	
S1-128691483	
S1-875929526	
S1-190812186	
S1-670898061	
S1-710564219	
S1-182282083	
S1-349296556	
S1-984541206	
S1-536281102	
S1-618923821	
S1-551815578	
S1-24685426	
S1-689473750	
S1-741311697	
S1-129279853	S3-437919565
S1-182902931	
S1-842523874	
S1-561545997	
S1-942327960	
S1-950049955	
S1-351216570	
S1-400648873	
S1-693603027	
S1-20144440	
S1-734458504	
S1-348046126	
S1-878534997	
S1-768546967	
S1-119170377	
S1-797266158	
S1-556135306	
S1-50849380	
S1-135009796	
S1-175772456	
S1-48934013	
S1-963997460	
S1-395638812	
S1-750385851	
S1-42179948	
S1-75978036	
S1-471056937	
S1-285067947	
S1-179724526	
S1-110313107	S3-349595053
S1-694523558	
S1-969799297	
S1-84330606	
S1-504840798	
S1-634068505	
S1-231154395	
S1-770428715	
S1-608082322	
S1-488075304	
S1-554343807	
S1-176162161	
S1-298305965	
S1-485595873	
S1-621653388	
S1-843438659	
S1-399825777	
S1-47668341	
S1-262431150	
S1-550471281	
S1-491256942	
S1-468714402	
S1-299865970	
S1-580385061	
S1-208167884	
S1-560202526	
S1-108012042	
S1-19958909	
S1-507205629	
S1-74630739	
S1-260439359	
S1-920201778	
S1-379164151	
S1-999895094	
S1-334889992	
S1-537828355	
S1-623589892	
S1-399301204	
S1-635032294	
S1-960028065	
S1-309998479	
S1-110964429	
S1-745918632	
S1-949790678	
S1-139573141	
S1-977187100	
S1-481627105	
S1-571066917	
S1-363564706	
S1-582993546	
S1-914364235	
S1-610344327	
S1-224018736	
S1-709332315	
S1-357055678	
S1-201323060	
S1-198085182	
S1-226896449	
S1-21459108	
S1-4517558	
S1-432221760	
S1-352852740	
S1-949913068	
S1-497666210	
S1-661411727	
S1-831256823	
S1-252803538	
S1-940336344	
S1-327573726	S2-857515979
S1-763468631	
S1-284798485	
S1-622759347	
S1-714366763	
S1-896951537	
S1-279052876	
S1-101148990	
S1-697119201	
S1-569861989	
S1-187086414	
S1-473942415	
S1-709036959	
S1-484781027	
S1-397533117	
S1-371827374	
S1-921728064	
S1-555368752	
S1-752621677	
S1-284422824	
S1-483675174	
S1-239434167	
S1-1084070	
S1-659846941	
S1-796353126	
S1-591496468	
S1-852203502	
S1-986498451	
S1-982004039	
S1-426629882	
S1-562601733	
S1-384208034	
S1-144380919	
S1-328967062	
S1-519022996	
S1-45944400	
S1-275339110	
S1-629417099	
S1-468248921	
S1-452386268	
S1-250960766	
S1-315733840	
S1-735287257	
S1-651197494	
S1-600541138	
S1-23008551	
S1-228277435	
S1-551038140	S2-943744969
S1-582126603	
S1-147867709	
S1-536753865	
S1-943411723	
S1-897803320	
S1-738850402	
S1-333004230	
S1-338076831	
S1-369225543	
S1-122853205	
S1-318545765	
S1-348867813	
S1-669180450	
S1-387176323	
S1-590147628	
S1-26317225	
S1-24824707	
S1-532498723	
S1-731551147	
S1-89441339	
S1-218331223	
S1-41967890	
S1-729330827	
S1-529708071	
S1-508548816	
S1-700163876	S2-354816036
S1-965024058	
S1-605819944	
S1-640925619	
S1-538204823	
S1-283575288	
S1-163679948	
S1-238714172	
S1-59751438	
S1-265239616	
S1-328838564	
S1-630800997	
S1-960063841	
S1-643287518	
S1-237231673	S2-103149921
S1-86325714	
S1-250016386	
S1-573955415	
S1-565861016	S3-491264868
S1-629811526	
S1-950855741	
S1-796842081	
S1-496069756	
S1-598954163	
S1-986306848	
S1-213635954	
S1-332285158	
S1-783132186	
S1-627990084	
S1-946407593	
S1-403990297	
S1-403326913	
S1-141719626	
S1-4501983	
S1-195954242	
S1-283222649	
S1-135504215	
S1-935706203	
S1-963901767	
S1-927073604	
S1-431606498	
S1-384522429	
S1-762749449	S2-785893047
S1-449141580	
S1-278278389	
S1-484523788	
S1-326931451	
S1-334502392	
S1-64008644	
S1-743844553	
S1-590789799	
S1-37513052	
S1-93469366	
S1-751094799	
S1-947120519	
S1-275495458	
S1-988645242	
S1-981822604	
S1-878912083	
S1-941798450	
S1-107053084	
S1-291530449	
S1-323868781	
S1-65628323	
S1-152936500	
S1-427591976	
S1-733732461	
S1-501910758	
S1-122306631	
S1-640455861	
S1-940157943	
S1-944664517	
S1-394410978	
S1-972225690	
S1-724887545	
S1-604298684	
S1-258243731	
S1-147216496	
S1-418933510	
S1-41442458	
S1-199665714	
S1-741604884	
S1-361354008	
S1-785740339	
S1-577225783	S2-467216728
S1-962835836	S3-425468719
S1-48782341	
S1-307573006	
S1-419882275	
S1-888381428	
S1-608216687	
S1-188336577	
S1-389026929	
S1-425233296	
S1-507736257	
S1-186664511	
S1-729171056	
S1-308960836	
S1-91665598	
S1-737968489	
S1-329804875	
S1-224669909	
S1-53631417	
S1-41031187	
S1-239511517	
S1-236644003	
S1-155831239	
S1-347080543	
S1-995808892	
S1-42189927	
S1-318019495	
S1-632275560	
S1-5628478	
S1-422376305	
S1-350512778	S2-346644481,S2-497972322,S2-728767898,S3-117250439,S3-379835856,S3-571327237,S3-660080086,S3-665608156
S1-794485431	
S1-193076958	
S1-915861192	
S1-512388209	S2-185013334
S1-373511461	
S1-208732628	
S1-754636282	
S1-806695682	
S1-923622685	
S1-813863874	S2-920278677
S1-669488958	
S1-435129295	
S1-550920977	
S1-295530794	
S1-388799711	
S1-998412698	
S1-50898653	
S1-878581176	
S1-795236765	
S1-382736549	
S1-377283009	
S1-875451697	
S1-339991903	
S1-857998089	
S1-189968690	S2-998779222
S1-858134603	
S1-645928266	
S1-708144663	
S1-944731303	
S1-474026502	
S1-81330503	
S1-993230087	
S1-720804802	
S1-288937553	
S1-853706305	
S1-234462649	
S1-902095511	
S1-517794151	
S1-852113756	
S1-309129856	
S1-667646733	
S1-566630222	
S1-826868390	
S1-509052329	S2-661008842
S1-774554617	
S1-651214702	
S1-203245825	
S1-263564974	
S1-32922576	
S1-124335046	S2-527310967
S1-569300154	
S1-171562884	
S1-994241304	
S1-794785548	
S1-547424949	
S1-418900275	
S1-635740900	
S1-918288798	
S1-770093573	
S1-100478503	
S1-214190572	
S1-360629946	
S1-106030504	
S1-753437444	
S1-897731017	
S1-289931344	
S1-555768349	
S1-617099558	
S1-398157588	
S1-575380144	S2-813097957
S1-350562637	
S1-288110930	
S1-167022278	
S1-253934316	
S1-26222866	
S1-562130498	
S1-585495714	
S1-108007281	
S1-578908705	
S1-158292441	
S1-732005620	
S1-173869943	
S1-7219738	
S1-232823445	
S1-477813519	
S1-197052752	
S1-2347109	
S1-774483375	
S1-197677610	
S1-686292908	S3-250819391
S1-794304529	
S1-246639563	
S1-954091343	
S1-76913664	
S1-381605569	
S1-901364292	
S1-971774226	
S1-29342763	
S1-692126822	
S1-232223496	
S1-205174883	
S1-182904911	
S1-847096652	
S1-327215314	
S1-858618855	
S1-452595385	
S1-376758453	
S1-36073180	
S1-241980790	
S1-56873028	
S1-634906141	
S1-251825789	
S1-931389777	
S1-406679536	
S1-804604215	
S1-372160267	
S1-56224826	
S1-896898400	
S1-71661568	
S1-527516907	
S1-935902349	
S1-493481561	S3-555285092
S1-465232573	
S1-53106057	
S1-544636239	
S1-202956058	
S1-173392783	
S1-499176878	
S1-239148568	
S1-531784663	
S1-374520865	
S1-942684323	
S1-21079011	
S1-145979744	
S1-813114942	
S1-236708032	
S1-241331228	
S1-528039567	
S1-963847958	
S1-436253222	
S1-174163171	
S1-24680110	
S1-238766939	
S1-21621647	
S1-827648557	
S1-192772185	S3-885192903
S1-881944757	S2-756538405
S1-282064506	
S1-812680128	
S1-588957721	
S1-799100268	
S1-929240042	
S1-516713685	
S1-736590952	
S1-163610640	
S1-897347357	
S1-231211518	
S1-511138920	
S1-743991708	
S1-510025263	
S1-272325302	
S1-374619765	
S1-619662688	
S1-683835724	
S1-910051640	
S1-312547287	
S1-427089855	
S1-56832416	
S1-291969884	
S1-626441978	
S1-614438611	
S1-692722015	
S1-433619672	
S1-976957797	
S1-12209994	
S1-310765723	
S1-953925233	
S1-500880839	
S1-14525904	
S1-799269593	
S1-438408631	
S1-515940832	
S1-67175834	
S1-471959402	
S1-987804022	
S1-60113301	
S1-251569998	
S1-209452163	
S1-41423664	
S1-82503014	
S1-209862246	S3-750080099
S1-181839755	
S1-203768888	
S1-316954305	
S1-797012940	
S1-256945954	S3-881297140
S1-39540104	
S1-799778596	
S1-656109812	
S1-665084634	
S1-826282526	
S1-167762933	
S1-406526695	
S1-10680258	
S1-137065281	
S1-946623509	
S1-673412283	
S1-754073681	
S1-905762177	
S1-110462483	
S1-430690418	
S1-897885831	
S1-399035605	
S1-108731398	
S1-498745659	
S1-647905734	
S1-635822781	
S1-612985555	
S1-979315373	
S1-555183470	
S1-551133911	
S1-267827099	
S1-677367370	
S1-753684334	
S1-601270277	
S1-558637865	
S1-484616555	
S1-929625978	
S1-362782004	
S1-680783537	
S1-629396794	
S1-11943447	
S1-59118909	
S1-981522725	
S1-766205936	
S1-833683535	
S1-820450102	
S1-267026354	
S1-124047899	
S1-518060529	
S1-250721253	
S1-549406909	
S1-647664905	
S1-647524038	
S1-836412237	S2-430719233
S1-641150902	S3-713098135
S1-258659798	
S1-382714615	
S1-984245298	
S1-991117518	
S1-315957540	
S1-952503722	
S1-420761397	
S1-727289732	S3-930377575
S1-566124487	
S1-717610700	
S1-912092601	
S1-932920776	
S1-648225211	
S1-599888934	
S1-891883062	
S1-505629406	
S1-450909281	
S1-782856061	
S1-462950037	
S1-975244747	
S1-242681721	
S1-212994955	
S1-463327840	
S1-570825615	
S1-80048831	
S1-777918425	
S1-391176287	
S1-658166948	
S1-103963804	
S1-69884667	
S1-422870235	
S1-109906783	
S1-527779722	
S1-487576214	
S1-299479429	
S1-149162132	
S1-231950026	
S1-501678057	S2-719799340
S1-245055014	
S1-848266048	
S1-902143380	
S1-618954434	
S1-387587030	
S1-952033379	
S1-133280945	
S1-531001989	
S1-999783885	
S1-393077224	
S1-526816877	
S1-502077268	
S1-217437529	
S1-778059652	
S1-827378499	
S1-391562454	
S1-135537446	
S1-882389450	
S1-342092969	
S1-401227863	
S1-313510596	
S1-16069626	S2-91632821
S1-810171547	S2-553971690
S1-706035567	
S1-955026292	
S1-86389391	
S1-378320117	
S1-221379473	
S1-291986211	
S1-216454987	
S1-505545346	
S1-424465473	
S1-189699594	
S1-105375210	
S1-634387117	
S1-23962992	
S1-164329539	
S1-312585656	
S1-721725183	
S1-20526202	
S1-247076195	
S1-328432704	
S1-777468469	
S1-552979974	
S1-117632946	
S1-64183557	
S1-319500734	
S1-8812511	
S1-844536147	
S1-385638556	
S1-214959531	
S1-240876533	
S1-398444655	
S1-281428537	
S1-550308891	
S1-689472842	
S1-940761505	
S1-758130865	
S1-487834057	
S1-956127544	
S1-258248378	
S1-949160605	
S1-176872506	
S1-778174959	
S1-671461609	
S1-871773786	
S1-69255915	
S1-243301174	
S1-454578363	
S1-714011335	S2-148458491
S1-324277278	
S1-342042025	
S1-748783871	
S1-603798257	
S1-973196929	
S1-28596333	
S1-282600661	
S1-88667623	S2-378099609
S1-196302795	
S1-473738787	
S1-883401645	
S1-606815555	
S1-425251325	S3-736499956
S1-88593947	
S1-92866830	
S1-155481238	
S1-247738639	
S1-881150973	S2-665405944,S3-558060384
S1-32667884	
S1-741571243	S2-13072938,S2-20869901,S2-790145633,S3-20787426,S3-233941087,S3-369941843,S3-43056314
S1-539452940	
S1-496197692	
S1-902238954	
S1-426143306	
S1-964111707	
S1-568140947	
S1-913118180	
S1-407509122	
S1-93524008	
S1-492788476	
S1-708627967	
S1-921178535	
S1-671044597	
S1-481354468	
S1-462378474	
S1-113077001	
S1-499333732	
S1-52356503	
S1-385687153	
S1-826652642	
S1-964607240	
S1-839364732	
S1-153538361	
S1-340926369	
S1-405703041	S3-1800524
S1-801764171	
S1-794663762	
S1-662880554	
S1-201771060	
S1-748279819	
S1-683303556	
S1-427762245	
S1-900031084	
S1-512077338	
S1-926586085	
S1-2943772	
S1-412250680	
S1-815447234	
S1-722150241	
S1-478813554	
S1-53851682	
S1-667303125	
S1-142813953	
S1-276467548	
S1-8249831	
S1-843041484	
S1-60055547	
S1-930126788	
S1-808343150	
S1-237536383	
S1-583849043	
S1-896189292	
S1-816773678	
S1-884872249	
S1-924696932	S2-521485245,S2-573152653,S2-865296385,S3-293044075
S1-119860595	
S1-598488603	
S1-730493697	
S1-561628691	
S1-373194720	
S1-334949970	
S1-5755893	
S1-420895424	S2-341041782
S1-869732255	S2-55804991
S1-821378245	
S1-265426371	
S1-775380376	
S1-970562133	
S1-16453940	
S1-234921713	S3-880657713
S1-991043266	
S1-3992851	
S1-1728812	
S1-760249353	
S1-156088083	
S1-753242354	
S1-826321192	
S1-350785816	
S1-370193940	
S1-264924888	
S1-7908416	
S1-862773590	
S1-633217896	
S1-14064078	
S1-914974280	
S1-806780528	
S1-87023424	
S1-684117515	
S1-583082469	
S1-17408752	
S1-870098130	
S1-427868539	
S1-140790265	
S1-144495975	
S1-962325814	
S1-646257987	
S1-935366953	
S1-156917601	
S1-76779605	
S1-703840023	
S1-312859605	
S1-992522288	S2-667904602
S1-178691596	S2-294998398
S1-15248321	
S1-66300113	
S1-472224748	
S1-423965847	
S1-224905682	
S1-815883655	
S1-736736738	
S1-798406432	
S1-338787934	
S1-898498781	
S1-327228369	
S1-453765116	
S1-605927509	
S1-294988634	
S1-770311512	
S1-809589918	
S1-419081258	S2-544544353,S3-449062043
S1-995208488	
S1-51899110	
S1-573612287	
S1-271793305	
S1-245814505	
S1-376021517	
S1-742499491	
S1-448069724	
S1-748255465	
S1-301988151	
S1-364908437	
S1-86418282	
S1-306869528	S3-627263963
S1-936723162	
S1-304191156	
S1-284324749	
S1-441014277	
S1-165894134	
S1-223623984	
S1-12911807	
S1-895778026	
S1-994377001	
S1-474481734	
S1-496853569	
S1-936579413	
S1-582131390	S2-114050128
S1-862093010	
S1-736738028	
S1-645446804	
S1-217446997	
S1-34838352	
S1-539450579	
S1-214325808	
S1-8621601	
S1-680168584	
S1-304502072	
S1-261703627	
S1-159784487	
S1-968986221	
S1-669926179	
S1-868028633	
S1-587888695	
S1-656500926	
S1-47817864	
S1-100619012	
S1-487555635	S2-713264333,S2-878460826,S3-60303669
S1-417570330	
S1-220294272	
S1-639880684	
S1-290261586	
S1-234506319	
S1-701260759	
S1-906093618	
S1-155994140	
S1-315205943	
S1-274630057	
S1-617725892	
S1-541824914	
S1-14927291	
S1-84480135	
S1-15490993	
S1-819246383	
S1-385071275	
S1-951757610	
S1-450733097	S3-81053128
S1-89614450	
S1-199062400	
S1-582444261	
S1-786922201	
S1-477215811	
S1-170207731	
S1-561232506	
S1-290901908	
S1-675372727	
S1-669450541	
S1-84850719	
S1-798202148	
S1-247363548	
S1-451400684	
S1-581294605	
S1-662660669	
S1-274132549	
S1-499064325	
S1-90471571	
S1-645357636	
S1-238107805	
S1-874434215	
S1-897532010	
S1-500200300	
S1-226918303	
S1-474655667	
S1-793954007	
S1-343649850	
S1-950265219	
S1-254106669	S2-123007061,S2-51877109,S2-574584543,S2-63082253,S2-639593498,S2-703722492,S2-847933753,S2-920233551,S2-984363671,S3-148156789,S3-244669915,S3-737153310,S3-788049212,S3-814880158,S3-949870446
S1-768670479	
S1-941468778	
S1-305166836	
S1-315299611	
S1-682606304	
S1-517021352	
S1-476939760	
S1-902137395	
S1-87212409	
S1-267348555	
S1-445039456	
S1-365608080	
S1-738095442	
S1-770308158	
S1-218954315	
S1-834741964	
S1-214426110	
S1-588466356	S3-895487725
S1-910416127	S3-411576988
S1-646912367	
S1-275006241	
S1-784144917	
S1-717747869	
S1-813751119	
S1-510227047	
S1-778583959	
S1-151854366	
S1-22013202	
S1-141789042	
S1-364161721	
S1-685196345	
S1-761375367	
S1-672218331	S3-885673283
S1-720741632	
S1-917575292	
S1-618616517	
S1-164011378	
S1-451481595	
S1-9345646	
S1-929576622	
S1-257832691	
S1-261749646	
S1-501425223	
S1-118899888	
S1-977299185	
S1-683101218	
S1-170487300	
S1-630925531	S2-97260598
S1-145299506	
S1-733531906	
S1-57211325	
S1-69026138	
S1-926541930	
S1-759511099	
S1-548948968	
S1-306714712	
S1-32412781	
S1-569440212	
S1-401232785	
S1-3012518	
S1-42973627	
S1-641015439	
S1-551687444	
S1-990276849	
S1-391555059	
S1-814698661	
S1-16964236	
S1-770774305	
S1-87156245	
S1-899598909	
S1-487186401	
S1-704767221	
S1-544444807	
S1-554084905	
S1-776494582	
S1-984255729	
S1-415659580	
S1-864874276	
S1-216382304	S2-272351032,S3-852791044
S1-987245674	
S1-363421856	
S1-713876002	
S1-411036798	
S1-905130697	
S1-156198413	
S1-532367000	
S1-783268034	S2-202710642
S1-169339096	
S1-965017641	
S1-675562121	
S1-174762844	
S1-634066046	
S1-22102144	
S1-466313362	
S1-200605610	
S1-279255834	
S1-358968695	
S1-92101862	
S1-251489045	
S1-701953394	
S1-860979867	
S1-802096288	
S1-429905247	
S1-324100066	
S1-637303351	
S1-725192222	
S1-814411805	
S1-95969008	
S1-584416520	
S1-134779173	
S1-158284189	
S1-954050916	
S1-840527486	
S1-801314170	
S1-244081746	
S1-285191505	
S1-23621827	
S1-20972930	
S1-694487309	
S1-886418488	
S1-582717902	
S1-556414369	
S1-509794143	
S1-331906147	
S1-778689761	
S1-344045659	
S1-446242804	
S1-436820676	
S1-979643872	
S1-167921922	
S1-218853185	
S1-333686118	
S1-337584885	
S1-947172760	
S1-751495871	
S1-669608779	
S1-933239873	
S1-801305480	
S1-112652719	
S1-425858133	
S1-806650659	
S1-841950787	
S1-884658037	
S1-204347165	
S1-42363301	
S1-556510927	
S1-814584049	
S1-135555136	
S1-524436702	
S1-122167934	
S1-837543302	
S1-550745546	
S1-844010830	
S1-915008345	
S1-45987159	
S1-203530737	
S1-88142353	
S1-696760871	
S1-617535404	
S1-170123726	
S1-569164086	
S1-832587183	
S1-145367448	
S1-647973457	
S1-470551390	
S1-115662402	
S1-855508853	
S1-977231671	
S1-261038288	
S1-943500699	
S1-291665506	
S1-706788096	
S1-151314692	
S1-981973886	
S1-444956703	
S1-493831749	
S1-992194341	
S1-981094077	
S1-855773061	
S1-759945845	
S1-525293191	
S1-168985052	
S1-846438378	S2-259028885
S1-40237322	
S1-556183589	
S1-606441468	
S1-312428930	
S1-7454004	
S1-33989137	
S1-993832108	
S1-272318458	S3-246485835
S1-439885286	
S1-969294577	
S1-242646145	
S1-483334953	
S1-114703233	
S1-838418144	
S1-43303286	
S1-979968578	
S1-762086008	
S1-567802834	
S1-987263459	
S1-456237351	S2-254504809
S1-654253343	
S1-243097952	
S1-841272320	
S1-941897070	
S1-742226370	
S1-620537937	S3-668067454
S1-683116721	
S1-752308867	
S1-297603756	
S1-998750659	
S1-891606648	
S1-712902933	
S1-197486933	
S1-265394137	
S1-246579755	
S1-720128395	
S1-539496480	
S1-407495528	
S1-172235909	
S1-924953866	
S1-51197755	
S1-642669769	
S1-133863353	
S1-275627328	
S1-456542559	
S1-106813869	
S1-715725082	
S1-500525996	
S1-64391790	
S1-167478864	
S1-53439412	
S1-347754817	
S1-540626712	
S1-819017483	
S1-565098259	
S1-455921859	S3-301295997
S1-737661662	
S1-342187624	
S1-476420185	
S1-263891889	
S1-263240895	
S1-251962554	
S1-334001476	
S1-245303826	
S1-723969007	S2-187119816,S2-196613960,S2-197185269,S2-269098468,S2-41086033,S2-468427870,S2-490376970,S2-516243741,S2-555124789,S2-605726696,S2-802095609,S2-847014050,S3-503895482,S3-69037052,S3-773498036,S3-867447121,S3-878324708
S1-679281052	
S1-149331502	
S1-602274948	
S1-763614490	
S1-889539464	
S1-214221263	
S1-330986470	
S1-364251464	
S1-957590812	
S1-963441692	
S1-371183043	
S1-977179140	
S1-209600461	
S1-3328757	
S1-437935572	
S1-999176352	
S1-994565937	
S1-399920759	
S1-147610536	S2-985658157
S1-709929497	
S1-971031820	
S1-20692330	
S1-990276544	
S1-542561052	
S1-868956912	
S1-745233496	
S1-627847547	
S1-281801879	
S1-690706817	S2-909354685,S2-925941977
S1-49664537	
S1-773919939	
S1-840009846	
S1-443787023	
S1-79741814	
S1-679329180	
S1-744787535	
S1-149929056	
S1-399463212	
S1-698335900	
S1-185464070	
S1-580986803	
S1-599422933	
S1-345925092	
S1-451000401	
S1-110589767	
S1-610673976	
S1-131418266	
S1-355859159	
S1-2877243	
S1-953420316	
S1-189106510	
S1-914814636	
S1-299071501	
S1-134750140	
S1-448744214	
S1-484894811	
S1-753541995	
S1-872055159	
S1-168009306	
S1-363387274	
S1-60401834	
S1-336103241	S2-258925491,S2-462209155,S3-17998868
S1-524407845	
S1-909084824	
S1-158754718	
S1-2631375	
S1-607806820	
S1-653277166	
S1-500281447	
S1-610894880	
S1-171902915	
S1-740207079	
S1-170250844	
S1-239079005	
S1-704688233	
S1-331532254	
S1-265481461	
S1-918887941	
S1-163400946	
S1-465665873	
S1-926343782	
S1-874217804	
S1-841003956	
S1-364657387	
S1-745988404	
S1-406693722	
S1-102236988	
S1-254495377	
S1-803459274	
S1-980417613	
S1-507178939	
S1-588670457	
S1-708529013	
S1-782023617	
S1-2729849	S2-577204741
S1-957276004	
S1-427372583	
S1-890741293	
S1-571206874	
S1-672675536	
S1-793465257	
S1-251918372	
S1-85711831	S2-460357786,S3-536404801
S1-74822037	
S1-603283792	
S1-715052883	
S1-77565824	
S1-407793389	S3-261416276
S1-588401061	
S1-8975360	
S1-180313892	
S1-329953313	
S1-907610487	
S1-368151377	
S1-156042507	
S1-629522973	
S1-479089974	
S1-272816462	
S1-95100927	
S1-228108173	
S1-991438248	S2-338638004
S1-44645727	
S1-719147437	
S1-348267096	
S1-8552521	
S1-678879850	
S1-288085959	
S1-198280058	
S1-937491400	
S1-551650587	
S1-781344363	
S1-305993627	
S1-758655771	
S1-800647114	
S1-355074079	
S1-305979388	
S1-818850424	
S1-327390279	S3-962789139
S1-39771063	
S1-2986285	
S1-360493309	
S1-534833988	
S1-249419193	
S1-915534594	
S1-391211916	
S1-866853969	
S1-253877681	
S1-510552456	
S1-204594632	
S1-834106069	
S1-669821094	
S1-400981824	
S1-847024826	
S1-384382744	
S1-439431836	
S1-70510602	
S1-15549787	
S1-921555370	
S1-814140059	
S1-162306522	
S1-59845189	
S1-23082038	
S1-68659249	
S1-264897737	S2-813097957
S1-642665616	
S1-188283763	
S1-630258424	
S1-551149363	
S1-832087861	S2-917365797
S1-90333211	S3-829444087
S1-437280779	
S1-450782264	
S1-340497373	
S1-903790128	
S1-392266596	
S1-532315036	
S1-355054403	
S1-726313401	
S1-137635375	
S1-246018729	
S1-678975016	
S1-958041532	
S1-504080468	
S1-632133062	S2-188368209,S2-441813094,S3-409513890,S3-626922559
S1-390783238	
S1-388458561	
S1-157782262	
S1-931883732	
S1-514221946	
S1-882834439	
S1-355689795	
S1-969229815	
S1-596887242	
S1-928673155	
S1-142520179	
S1-438683734	
S1-233598397	
S1-987292248	
S1-411261323	
S1-910376469	
S1-545713011	
S1-314939511	
S1-20976689	S2-505006977
S1-618763912	
S1-407133372	
S1-547789164	
S1-874117430	
S1-111384218	
S1-863960702	
S1-189557261	
S1-496515947	
S1-54825708	
S1-960601824	
S1-340290094	
S1-490317897	
S1-771614945	
S1-884240290	
S1-41716854	
S1-697533682	
S1-796394861	
S1-840650584	
S1-634062998	
S1-549297800	
S1-764422112	
S1-313070796	
S1-475052968	S2-521485245,S2-865296385
S1-439181157	
S1-245554335	
S1-439343457	
S1-347879417	
S1-772855934	
S1-363044878	S2-21923784,S2-400498714,S2-817996506,S3-362438995
S1-677071320	
S1-1809686	
S1-372504411	
S1-792347312	
S1-369902577	
S1-861163101	
S1-452761253	
S1-119882843	
S1-181421789	
S1-606402716	
S1-85096221	
S1-885245726	
S1-528894380	
S1-28381316	
S1-789962661	
S1-690489146	
S1-481224267	
S1-261705839	
S1-471023938	
S1-491508116	
S1-447752581	
S1-298271831	
S1-702408887	
S1-913057036	
S1-912866440	
S1-160336517	
S1-875251707	
S1-847091232	
S1-429166855	
S1-175054132	
S1-592996794	
S1-329069779	
S1-120964273	
S1-692866791	
S1-131404563	
S1-459706806	
S1-143260757	
S1-466095982	
S1-7645040	
S1-631125596	
S1-799623119	
S1-583450916	
S1-298323778	
S1-487110588	
S1-976750937	
S1-166268546	
S1-261464232	
S1-110921684	
S1-141030708	
S1-110493550	
S1-739557270	
S1-671198227	
S1-631935228	
S1-552559655	
S1-313439601	
S1-912338932	
S1-479357080	
S1-906585723	
S1-858554624	
S1-481440620	
S1-19878580	
S1-950000834	
S1-176121905	
S1-680596620	
S1-204729315	
S1-124263996	
S1-993173601	
S1-262651379	
S1-588166125	
S1-935897840	
S1-933780172	
S1-490144336	
S1-771061253	
S1-578917176	
S1-210297655	
S1-128629677	
S1-972147886	
S1-202747752	
S1-951858462	
S1-381350713	
S1-171905553	
S1-660744222	
S1-938816659	S2-365487618
S1-27765560	
S1-995909137	
S1-652666259	
S1-542551683	S2-628890875,S3-338963790,S3-600184329,S3-675325940
S1-158933654	
S1-436873624	
S1-509142163	S3-898305988
S1-772350085	
S1-623428480	
S1-131171991	
S1-532280764	
S1-877344328	S2-858230680
S1-912186555	
S1-766244318	
S1-470543238	
S1-610092826	S2-12319116,S3-542824123
S1-245092284	
S1-569905279	
S1-956739179	
S1-959290868	
S1-727967261	
S1-833254734	
S1-294152106	
S1-679298526	
S1-155587706	
S1-901911099	
S1-25538449	
S1-81924845	
S1-998042427	
S1-201776668	
S1-811894984	
S1-795648244	
S1-234763341	
S1-569415764	S2-226661564,S2-499252487,S2-677587921
S1-667428543	
S1-101658786	
S1-576762633	
S1-737499571	
S1-255479293	
S1-417662236	
S1-576288029	
S1-581199700	
S1-949004450	
S1-174519074	
S1-549175938	
S1-344188171	
S1-137253133	
S1-903867232	
S1-870920494	
S1-355602666	
S1-636620196	
S1-385241066	
S1-101229078	
S1-535963129	
S1-144111889	
S1-558264294	
S1-220982466	
S1-318263374	
S1-7358296	
S1-857776183	
S1-137095656	
S1-710692798	
S1-70356152	
S1-506626750	
S1-284907531	
S1-613667141	S2-20869901,S2-790145633,S2-816390814,S3-489941683
S1-870091673	
S1-631822688	
S1-934792576	
S1-662467582	S3-484061635
S1-970370241	
S1-181886512	
S1-967171498	
S1-298192571	
S1-857172594	S2-281339595
S1-593440918	S3-818388109
S1-910495418	
S1-298946688	
S1-365298693	
S1-594774091	
S1-390572652	
S1-608861835	
S1-775585176	
S1-126533201	
S1-610898222	
S1-131451627	
S1-673252198	
S1-555042150	
S1-475172281	
S1-944475881	S2-185013334,S2-465593416,S2-630984437,S2-784709177,S2-791580552,S2-856031019,S3-710323041,S3-772212289
S1-376547079	
S1-140532908	
S1-822963079	
S1-41383280	S3-413125663
S1-871818298	
S1-617556319	
S1-71689529	
S1-539513539	
S1-181535897	
S1-913161111	
S1-614834428	
S1-361932993	
S1-527319664	
S1-532528393	
S1-755585455	
S1-443634880	
S1-619434600	
S1-675705939	
S1-745133933	
S1-358981940	
S1-815673279	
S1-443272250	
S1-384253846	
S1-625785052	
S1-625111561	
S1-962117846	
S1-523174473	
S1-833159379	
S1-951065940	
S1-77239848	
S1-847827652	
S1-488629823	
S1-379530594	
S1-614682772	
S1-438685719	
S1-506904036	
S1-728061167	
S1-421136815	
S1-741503521	
S1-99732978	
S1-125891469	
S1-267847277	
S1-911573514	
S1-236460716	
S1-988454447	
S1-903196808	
S1-240128923	
S1-118862561	
S1-792815895	
S1-190358397	
S1-881821644	
S1-627389454	
S1-682796209	
S1-11179396	
S1-297600992	
S1-695501231	
S1-169362627	
S1-471009825	
S1-827522831	
S1-890877783	
S1-92179556	
S1-301118392	
S1-479908752	
S1-973811553	S2-990644429
S1-757984188	
S1-978353611	
S1-308809389	
S1-221019600	
S1-724266880	
S1-521506487	
S1-469592854	
S1-490016052	
S1-892885517	
S1-517380158	
S1-83683198	
S1-14638326	
S1-731648132	
S1-853363603	
S1-128030725	
S1-501758877	
S1-956633757	S2-433954722,S2-6815110
S1-548599759	
S1-834391841	
S1-743782892	
S1-907558121	
S1-736671736	
S1-279696216	
S1-155412096	
S1-117658501	
S1-791210049	
S1-716645864	
S1-269173661	
S1-858375259	
S1-787692394	
S1-681153729	
S1-562224846	
S1-582048667	S3-680051526
S1-60538703	S2-580826472
S1-357986149	
S1-491085391	
S1-183016845	
S1-621378524	
S1-19509146	
S1-219318728	
S1-798055428	
S1-110188192	
S1-905768377	
S1-796611681	
S1-126481561	
S1-182476026	
S1-172407475	
S1-244699913	
S1-942718493	
S1-850665741	S2-302945493
S1-705162854	
S1-89260726	
S1-918535565	
S1-935667385	
S1-567179480	
S1-517410057	
S1-73822711	
S1-248741154	
S1-845885808	S3-670800878
S1-309819186	S2-673974483
S1-475618236	
S1-740170291	
S1-64548561	
S1-49397027	
S1-192029839	
S1-151762232	
S1-681826257	
S1-895291336	
S1-654141739	
S1-726802766	
S1-61703500	
S1-915186557	
S1-606496757	
S1-415086490	
S1-659967604	
S1-963411519	
S1-279913828	
S1-951900634	
S1-460513977	
S1-265072557	S3-130647528
S1-464390224	
S1-73284107	
S1-805864466	
S1-169548476	
S1-842858256	
S1-989137895	
S1-485527289	
S1-934610312	S2-512939567
S1-83623674	
S1-167232482	
S1-590802885	
S1-78035952	
S1-135879072	
S1-429736150	
S1-792662023	
S1-77533771	
S1-58669738	
S1-844136903	
S1-823850736	
S1-593374688	
S1-735541383	
S1-749347343	
S1-327160460	
S1-372370507	
S1-60243429	
S1-886637664	
S1-582554779	
S1-539861884	
S1-734732717	
S1-192324381	
S1-623637288	S2-45712115
S1-529365496	S2-288771595
S1-176878285	
S1-675476595	
S1-130957340	
S1-11206785	
S1-897193135	
S1-453276060	
S1-336343889	
S1-789109222	
S1-908321230	
S1-911588619	
S1-608580501	
S1-241069933	
S1-724649546	
S1-147654986	
S1-146213710	
S1-688118990	
S1-614132800	
S1-309023871	
S1-672488635	
S1-585479119	
S1-377673321	S2-910203728
S1-648790133	
S1-123357235	
S1-241267784	
S1-484655830	S2-21923784,S2-604976451
S1-706384811	
S1-529638715	S3-478690867
S1-200773438	
S1-264903851	S2-592085771
S1-478503131	
S1-155127204	
S1-858840811	
S1-642870592	S2-347970292
S1-756424221	
S1-95071235	
S1-807576739	
S1-914023940	
S1-583927088	
S1-501447125	
S1-21473756	
S1-221031455	
S1-264530275	
S1-642098037	
S1-770751096	
S1-873435025	
S1-817039830	
S1-422279636	
S1-568405975	
S1-432198579	
S1-688331458	
S1-177864114	
S1-118014492	
S1-718474784	
S1-323523214	
S1-580189256	
S1-266693522	
S1-923010888	
S1-676567964	
S1-903734272	
S1-197582812	
S1-706585990	
S1-760861841	
S1-127198849	S2-441813094,S3-162798249
S1-435519267	
S1-727156616	
S1-141819933	
S1-770521617	
S1-658875282	
S1-977138974	
S1-655993606	
S1-864242365	
S1-381709465	
S1-860887866	
S1-852315141	
S1-559195644	
S1-599742435	
S1-393400639	
S1-118455429	
S1-622972187	
S1-562458917	
S1-995612013	
S1-266229071	
S1-711406336	
S1-955538539	
S1-770594240	
S1-21892441	
S1-893433123	
S1-781692458	
S1-786266955	
S1-335273301	
S1-316872290	
S1-642771178	
S1-581440031	
S1-748702643	S3-166015673
S1-580936594	
S1-973128510	
S1-815764297	
S1-228552787	
S1-214237509	
S1-709278475	
S1-541231061	
S1-773159280	
S1-746054973	
S1-914497314	
S1-305043142	
S1-394738865	
S1-520197168	
S1-249629815	
S1-602876493	
S1-772242253	
S1-833685484	
S1-500266327	
S1-828817991	
S1-89763318	
S1-114533332	
S1-25588279	
S1-977260320	
S1-982933404	
S1-62222356	
S1-985679361	
S1-551945228	
S1-661522058	
S1-277462475	
S1-233887865	
S1-951306338	
S1-701385232	
S1-416327248	
S1-107836693	
S1-644799785	
S1-834862633	
S1-194376364	
S1-689037460	
S1-747157499	
S1-329953339	
S1-124254285	
S1-456974289	
S1-941299200	
S1-269943011	
S1-909902222	
S1-186019121	
S1-8707121	
S1-896955575	
S1-552956559	
S1-258194321	
S1-645204221	
S1-919912567	
S1-401780000	
S1-373535805	
S1-635096688	
S1-67433431	
S1-282148166	
S1-90308926	
S1-456471999	S2-765834139
S1-95095960	
S1-980097760	S3-678442040
S1-667269746	
S1-306491856	
S1-76086244	S2-123007061,S2-207217799,S2-329405096,S2-574584543,S2-63082253,S2-703722492,S2-847933753,S2-910325046,S2-920233551,S2-984363671,S3-148156789,S3-814880158
S1-360234384	S3-693043265
S1-861216195	
S1-291825071	
S1-824376918	
S1-471380997	
S1-733544810	
S1-651497347	
S1-366730187	
S1-83505549	
S1-427463397	
S1-275524938	
S1-844509323	
S1-112507867	
S1-273732088	
S1-577924847	
S1-368200029	
S1-588366694	
S1-700121620	
S1-391481661	
S1-414180918	
S1-617878109	
S1-517083524	
S1-806478731	
S1-737078857	S2-441813094,S3-199827436,S3-767114627
S1-646961906	
S1-741539917	
S1-854806792	
S1-231848018	
S1-413150372	
S1-395781554	
S1-676888267	
S1-539801906	
S1-782716422	S3-626293954
S1-397305093	
S1-516784423	
S1-767750037	
S1-194667881	
S1-544570934	
S1-890981566	
S1-703077116	
S1-82624135	
S1-667327864	
S1-582878279	
S1-453564231	
S1-100808019	
S1-226508037	
S1-632933519	
S1-839486537	
S1-156880437	
S1-704931378	
S1-492818672	
S1-931256839	
S1-822457687	
S1-775662669	
S1-651397343	
S1-770396792	
S1-158178243	
S1-589136426	
S1-353322267	
S1-539805780	
S1-120568451	
S1-271435866	
S1-134892140	
S1-168022669	
S1-511413684	
S1-205832341	
S1-712644198	
S1-692505446	
S1-936010935	
S1-395377346	
S1-303175004	
S1-763664067	
S1-944697042	
S1-228338831	
S1-86202852	
S1-341874055	
S1-780408261	
S1-817296561	
S1-83665586	
S1-361155672	
S1-283373719	
S1-620755312	
S1-639691788	
S1-455895028	
S1-234039520	
S1-387150404	
S1-976214168	
S1-901327260	
S1-81956613	
S1-603884693	
S1-764661743	S2-261149262,S2-60331805,S3-632352044
S1-35940204	
S1-355177343	
S1-648178212	
S1-117251956	
S1-529589581	
S1-785134385	
S1-235634044	
S1-124068681	
S1-680066644	
S1-361819754	
S1-484766998	
S1-175773262	
S1-426469693	
S1-859665217	
S1-784833027	
S1-450721523	
S1-504963508	S3-449062043
S1-310792723	
S1-956503435	
S1-138417625	
S1-430639006	
S1-631721221	
S1-421495365	
S1-257894407	
S1-729640594	S2-550178936
S1-831805208	
S1-494848526	
S1-506661387	
S1-512351405	
S1-957438197	
S1-858875414	S2-385906219,S2-531845572,S3-678442040
S1-579723880	
S1-309307480	
S1-405571369	
S1-431029419	
S1-936023968	
S1-806635753	
S1-214345323	
S1-112115441	
S1-777840873	S2-407444020
S1-592177001	
S1-349345425	
S1-760056786	
S1-354850357	
S1-117848105	
S1-262489170	
S1-560902577	
S1-559338890	
S1-195358275	
S1-987291041	
S1-808184707	
S1-176318395	
S1-669115050	
S1-144856937	
S1-420678355	
S1-207414746	
S1-848629280	
S1-215004310	
S1-475920103	
S1-196135292	
S1-466246984	
S1-468229348	S2-21923784,S2-612591290,S2-817996506,S3-362438995
S1-346254450	
S1-764213266	
S1-525923651	S2-935651823
S1-689934378	
S1-573218507	
S1-868454971	
S1-736031769	
S1-137849957	
S1-897840610	
S1-614720858	
S1-776311357	
S1-423579883	
S1-489962802	
S1-253845793	
S1-819976919	
S1-264369	
S1-383904742	
S1-195856665	
S1-95258111	
S1-443176245	
S1-26847632	
S1-308726408	
S1-593974416	
S1-370625699	
S1-205191887	
S1-461149263	S2-13072938,S2-790145633,S2-816390814,S3-280541618,S3-369941843
S1-718541477	
S1-206001623	
S1-357482335	
S1-497515380	
S1-964365110	
S1-51283418	
S1-216361027	
S1-777217648	
S1-491205684	
S1-737417992	
S1-398559715	
S1-903410034	
S1-725835881	
S1-299555527	
S1-471148470	
S1-198452605	
S1-848517268	
S1-202068156	
S1-519005726	
S1-859812401	S2-324075855,S2-960873100
S1-135323282	
S1-489245302	
S1-893146253	
S1-487983887	
S1-723548302	S3-709143663
S1-675515769	
S1-623818421	
S1-206547146	
S1-363627821	
S1-729348765	
S1-431082148	
S1-653780242	
S1-182389929	
S1-758373430	
S1-558178086	
S1-974447600	
S1-549917440	
S1-273331530	
S1-84580875	
S1-170475483	
S1-268465974	
S1-450287330	
S1-435409208	
S1-814377847	
S1-674645088	
S1-433076844	S2-123018989
S1-906194018	S2-514477715
S1-181708705	
S1-222179341	
S1-556628868	
S1-981193319	
S1-17321626	
S1-608581642	
S1-381943111	
S1-983690799	
S1-404750044	
S1-696511531	
S1-865125488	
S1-947133872	
S1-824222408	S3-402564139
S1-71019280	
S1-889222733	
S1-436163887	
S1-911003258	
S1-705486246	
S1-15071474	
S1-55366018	
S1-902120454	
S1-923779100	
S1-205089447	
S1-844503100	
S1-637263966	
S1-548931638	
S1-477334499	
S1-695778620	
S1-727712867	
S1-605112563	
S1-990177177	
S1-816452824	
S1-92562332	
S1-505755954	
S1-503527531	
S1-538946387	
S1-354075977	
S1-654345274	
S1-128957770	
S1-97064266	
S1-990063043	
S1-18395877	
S1-284937374	
S1-490322012	
S1-116433255	S3-8088291
S1-602513416	
S1-20278493	
S1-137892907	
S1-693108372	
S1-857890346	
S1-123979021	
S1-622478613	
S1-836790066	
S1-307078071	
S1-482222548	
S1-149222402	
S1-707325183	
S1-17904055	
S1-867778226	
S1-434211136	
S1-105863136	
S1-897286749	
S1-125003361	
S1-360417983	
S1-660771999	
S1-378621106	
S1-503834236	
S1-572522618	
S1-21111401	S3-681185412
S1-376991904	
S1-725223256	
S1-184996677	
S1-515169612	
S1-166233222	
S1-606193859	
S1-851089779	
S1-432582505	S2-885212289
S1-61867493	
S1-97451683	
S1-663506028	
S1-31625903	
S1-439466094	
S1-452980480	
S1-909966099	
S1-801175197	
S1-286136839	S2-968500247
S1-538440384	
S1-2779919	
S1-557482236	
S1-845146550	
S1-771229433	
S1-250208745	
S1-613536156	
S1-770198219	
S1-912646205	
S1-925003458	
S1-649433525	
S1-90364954	
S1-476421776	
S1-434214270	S2-753400298
S1-368997017	
S1-927675262	
S1-785978253	
S1-491553103	
S1-298368872	
S1-791219075	
S1-628616277	
S1-497285236	
S1-653368564	
S1-967575411	
S1-340893584	
S1-893944573	
S1-81785749	
S1-363988671	
S1-404672925	S2-791074066
S1-138478547	
S1-116533965	
S1-873970350	
S1-930038104	
S1-456597113	
S1-907607504	
S1-662035433	
S1-257060357	
S1-840123418	S3-515551054
S1-14480158	
S1-955489330	
S1-361456114	
S1-741802736	
S1-323991041	
S1-623657308	
S1-413072518	
S1-501767397	
S1-621741714	
S1-808345693	
S1-19349492	
S1-338657363	
S1-646493155	S2-14438912
S1-820856832	
S1-642864624	
S1-556552179	S2-17890935
S1-588711283	
S1-196183683	
S1-357787063	
S1-440209094	
S1-740990421	
S1-612186646	
S1-243557151	
S1-514212190	
S1-723976467	
S1-694085863	
S1-995780892	
S1-693428478	
S1-259246453	S2-804416815
S1-508595242	
S1-344668871	S2-681468189
S1-756840528	
S1-448165098	
S1-877026271	
S1-311440536	
S1-208461713	
S1-584668366	
S1-87214770	
S1-963414187	
S1-450177034	
S1-87521186	S2-258925491,S2-462209155
S1-266071410	
S1-928710085	
S1-233417222	
S1-817556036	
S1-877535546	
S1-674058303	
S1-869954671	
S1-718016473	
S1-325339549	
S1-847144980	
S1-14921678	
S1-767675123	
S1-799786440	
S1-304117926	
S1-572635659	
S1-612739193	
S1-984086241	
S1-366948230	
S1-684972588	
S1-854177620	
S1-503923682	S2-919675684
S1-572586708	
S1-760185160	
S1-717355149	
S1-873109220	
S1-747291101	
S1-50039608	
S1-283864752	
S1-601600475	
S1-440155926	
S1-369916081	
S1-218528951	
S1-850620182	
S1-806465155	
S1-335556110	
S1-839552785	
S1-277223562	
S1-868473662	
S1-11486744	
S1-246814642	
S1-530172104	
S1-325411963	
S1-395299247	
S1-11070535	
S1-717378058	
S1-47298016	
S1-463901905	
S1-435359838	
S1-955934338	
S1-224954471	
S1-444378126	
S1-242004872	
S1-520699181	
S1-96081668	
S1-512353256	
S1-42918648	
S1-686565349	
S1-335919919	
S1-645239298	
S1-355278055	
S1-485300087	
S1-445248490	
S1-14138450	
S1-728297082	
S1-313859079	
S1-935666548	S3-197081371,S3-213603178,S3-280541618,S3-43056314,S3-489941683
S1-466687068	
S1-415667232	
S1-990044593	
S1-864409769	
S1-577579146	
S1-955030370	
S1-680535481	
S1-993378686	
S1-334998835	
S1-558292549	
S1-730425914	
S1-147609344	
S1-731673924	
S1-185801336	
S1-223516773	S2-51140214,S3-170093050,S3-652819075
S1-419166179	
S1-453073375	
S1-536017041	
S1-459283235	
S1-459310148	
S1-279622943	
S1-107082018	
S1-545785275	
S1-506465233	
S1-381532464	
S1-8224757	
S1-75562281	
S1-531701405	
S1-864091266	
S1-722216967	S2-194482594,S3-68513248
S1-401161776	
S1-637344691	
S1-252380645	
S1-237988103	
S1-273684239	
S1-205709279	
S1-65601343	
S1-979914378	
S1-894508682	
S1-176185383	
S1-106432323	
S1-799706065	
S1-14092818	
S1-832209080	
S1-683398564	
S1-69712767	
S1-445647846	S2-581494969
S1-753228608	
S1-686530531	
S1-266393881	
S1-130619134	
S1-134681710	
S1-672951537	S3-542824123
S1-418407199	S2-322215254
S1-216478210	
S1-878594009	
S1-96900831	
S1-181185541	
S1-977526529	
S1-117492659	
S1-134502947	
S1-58324901	
S1-580757294	
S1-107579037	
S1-822053664	
S1-555754309	
S1-164875986	
S1-892298589	
S1-405904084	
S1-179277293	
S1-944772811	
S1-644601334	
S1-624545372	
S1-697105347	
S1-865918335	
S1-639954634	
S1-122495199	
S1-61798690	
S1-934545454	
S1-471385756	
S1-845005308	
S1-651768967	
S1-398482349	
S1-278969669	
S1-321216450	
S1-767601774	
S1-806932249	S3-666607563
S1-463565478	
S1-280294433	
S1-209008351	
S1-884766008	
S1-379886763	
S1-259299561	
S1-34936554	
S1-801351770	
S1-441431782	
S1-676420152	
S1-846862176	
S1-282447791	
S1-164053907	
S1-148522892	
S1-984820632	
S1-606383957	
S1-484173569	
S1-829539388	S2-456174140
S1-16240745	
S1-132798957	
S1-846246361	
S1-577593167	
S1-448193992	S3-472015903
S1-268701410	
S1-93073505	
S1-31307661	
S1-907827116	
S1-403818015	
S1-826459037	
S1-271300079	
S1-815994647	
S1-307798763	
S1-861757246	
S1-440362736	
S1-991891198	
S1-611638674	
S1-959675860	
S1-365852176	
S1-997691726	
S1-119549904	
S1-405003470	S3-306653140
S1-567159344	
S1-483311113	
S1-550182575	
S1-125621962	
S1-17791205	
S1-902208013	
S1-861178286	
S1-91270702	
S1-368022950	
S1-994808554	
S1-849562185	
S1-68833572	
S1-366359183	
S1-404998091	
S1-770481227	
S1-6238414	
S1-965335896	
S1-756314364	
S1-964928775	
S1-552177126	
S1-450782906	
S1-239816676	
S1-58805542	
S1-254465182	
S1-324218616	
S1-584988731	
S1-793859523	
S1-480420799	
S1-970084484	
S1-681391141	
S1-484374520	
S1-307637159	S2-627452855,S3-175446583
S1-413037972	
S1-968966962	
S1-458288999	
S1-637613431	
S1-40255661	
S1-701057551	
S1-26943457	
S1-23766927	
S1-716084842	
S1-113622147	
S1-988496322	
S1-978981483	
S1-816445399	
S1-21877257	
S1-776455352	
S1-668644463	
S1-723331214	
S1-344613072	
S1-977482547	
S1-127784488	
S1-789873299	
S1-761095765	
S1-387176213	
S1-270787317	
S1-666557093	
S1-270492282	
S1-737606063	S3-142534241
S1-94661039	
S1-579354005	
S1-474017693	
S1-892420632	
S1-727618281	
S1-824699716	
S1-952856760	
S1-62570863	S2-556734147
S1-498325868	
S1-474468627	
S1-768021894	
S1-161362423	
S1-395497678	
S1-545198436	
S1-873909434	
S1-659686155	S2-33143114
S1-646543591	
S1-752346941	
S1-542979517	
S1-300137517	S3-669876045
S1-719488407	S3-766035204
S1-531247780	
S1-509051261	
S1-520735140	S3-499342098
S1-676093040	
S1-988595931	
S1-120238677	
S1-187004858	
S1-488537594	
S1-685784109	
S1-138551247	
S1-432970963	
S1-543679288	
S1-765286813	
S1-374513314	
S1-67758314	
S1-844473629	
S1-941432293	
S1-466474926	
S1-785404877	
S1-766720097	
S1-419957713	
S1-503982694	
S1-300965705	
S1-596292677	
S1-160948778	
S1-229883174	
S1-720633206	
S1-341444528	
S1-657703902	
S1-312768643	
S1-791446857	
S1-420955023	
S1-551745380	S2-31986044
S1-831010062	
S1-234134292	
S1-783943897	
S1-23882657	
S1-300161676	
S1-334987741	
S1-658818324	
S1-648159935	
S1-930631211	
S1-748377323	
S1-342080108	
S1-87375361	
S1-227381003	
S1-461703887	
S1-952765886	
S1-871177566	
S1-169166885	
S1-275782405	
S1-257202356	
S1-719992533	
S1-798134776	
S1-231777172	
S1-282757626	
S1-83858903	
S1-895057019	
S1-907494088	
S1-277078697	
S1-335699036	
S1-665253183	
S1-708201382	
S1-506126529	
S1-848802115	
S1-647598610	
S1-263237611	
S1-659516622	
S1-105024073	
S1-646062997	
S1-158506248	
S1-613024263	
S1-321102764	
S1-635316166	
S1-667243213	
S1-386992303	
S1-872991344	
S1-961903902	
S1-245781384	S2-132805742,S2-479068086
S1-852765125	
S1-642764562	S2-713101003
S1-188777252	S2-270064724
S1-311561809	
S1-714315598	
S1-379346997	
S1-100356094	
S1-121945833	
S1-569061961	
S1-891174204	
S1-488473982	
S1-152165543	
S1-310463788	
S1-742834751	
S1-546018189	S2-346644481,S2-728767898,S3-117250439,S3-379835856,S3-571327237
S1-55480671	
S1-495370273	
S1-880005169	
S1-213669471	
S1-69887281	
S1-774629156	
S1-129647130	
S1-88373760	
S1-863224681	
S1-899651971	
S1-236244466	
S1-139698310	
S1-618937403	
S1-492850882	
S1-656230563	
S1-547226090	
S1-557468443	
S1-85036518	
S1-978787275	
S1-858864983	S2-175527408
S1-708923297	
S1-31089429	
S1-521912123	S3-326922061
S1-407443165	
S1-831856509	
S1-468286850	
S1-598661191	
S1-463549410	
S1-271918793	
S1-111397147	
S1-198978734	
S1-303407418	
S1-705009155	
S1-506563149	
S1-633714693	
S1-191036587	
S1-413017907	S2-493814760
S1-837495774	
S1-900606237	
S1-166517982	
S1-997791963	
S1-970622802	
S1-225195435	
S1-398535130	
S1-426258251	
S1-588322626	
S1-678418517	
S1-248871583	
S1-985510645	
S1-446683653	
S1-790632928	
S1-539288139	
S1-960457472	
S1-930847792	
S1-574421378	
S1-840579154	
S1-561977352	
S1-629420880	S2-143123399
S1-685783152	
S1-412586062	
S1-894102319	
S1-294340754	
S1-227224531	
S1-352766931	S2-261149262
S1-670929948	
S1-775007936	
S1-988354792	
S1-940582917	
S1-225075817	
S1-157001792	
S1-977297399	
S1-555062698	
S1-401455510	
S1-289172150	
S1-920214574	
S1-132946449	
S1-131356289	
S1-4075364	
S1-31415676	
S1-441108185	
S1-355506154	
S1-524226221	
S1-325678958	
S1-807498489	
S1-849109470	
S1-144874778	
S1-525084989	
S1-406989904	
S1-574398257	
S1-480739450	
S1-849547846	
S1-202872932	
S1-599990896	
S1-960044502	
S1-162842737	
S1-893112312	
S1-294447136	
S1-291478763	
S1-840054172	
S1-761869450	
S1-199850025	
S1-534942105	
S1-869961045	
S1-308254849	
S1-265388967	
S1-573130422	
S1-756336437	
S1-274873612	S3-938472340
S1-709010486	
S1-178952015	
S1-53618737	
S1-846043861	
S1-763676038	
S1-984571545	
S1-706371158	S3-134282659
S1-220820591	
S1-942255465	S2-263623462
S1-350212824	
S1-586152506	
S1-17354660	
S1-215906849	
S1-339943276	
S1-921799788	
S1-297470820	
S1-547029458	
S1-223746634	
S1-168334047	
S1-208563935	
S1-172676545	
S1-85339769	
S1-845479079	
S1-615433983	
S1-753848069	
S1-722201864	
S1-205233516	
S1-479795815	
S1-206022418	
S1-312107214	
S1-651983806	
S1-374572013	
S1-973161817	
S1-745096015	
S1-479315788	
S1-237053735	
S1-720095411	
S1-87657318	
S1-849060261	
S1-741775835	
S1-181657894	
S1-199035145	
S1-729360407	
S1-672081068	
S1-169547137	
S1-674329671	
S1-309988086	
S1-354741414	
S1-358771115	
S1-919234374	
S1-200457122	
S1-750261836	
S1-480523044	
S1-71948640	
S1-97542202	
S1-954584422	
S1-975817028	S2-50378172
S1-405994229	
S1-762511343	
S1-901001356	
S1-203051325	
S1-313784038	
S1-935278960	
S1-644515104	
S1-710149286	
S1-314503122	
S1-110750196	
S1-946492283	
S1-120628970	
S1-823853378	
S1-504378890	
S1-29103073	S2-332425678
S1-788723533	
S1-220805020	
S1-341642792	
S1-722725929	
S1-92955213	
S1-466429697	
S1-342016542	S2-956099874
S1-694410105	
S1-74451337	
S1-496206698	
S1-748817544	
S1-292672785	
S1-605572276	
S1-97726276	
S1-424798841	
S1-757377961	
S1-260614772	
S1-759535678	
S1-997850810	
S1-337563226	
S1-569233047	
S1-742781496	
S1-777102318	
S1-199171758	
S1-221644755	S2-123007061,S2-329405096,S2-574584543,S2-63082253,S2-847933753,S2-920233551,S2-984363671,S3-244669915,S3-788049212,S3-814880158
S1-155729492	
S1-345473079	
S1-961628448	
S1-528914935	
S1-693388922	
S1-253405550	
S1-41874595	
S1-239378504	
S1-517303121	
S1-246166427	
S1-421833337	
S1-146089395	
S1-291193129	
S1-559619984	
S1-816171728	
S1-229479563	
S1-612126137	
S1-480031157	
S1-939405130	
S1-300603529	
S1-461458647	
S1-344927419	
S1-79197964	
S1-780298187	
S1-805116110	
S1-899726997	
S1-777630310	
S1-776281373	
S1-403622360	
S1-694273127	S2-123007061,S2-329405096,S2-574584543,S2-63082253,S2-847933753,S2-920233551,S2-984363671,S3-148156789,S3-244669915,S3-980803239
S1-527638648	
S1-226452531	
S1-939602632	
S1-493690791	
S1-135095453	
S1-879310538	
S1-234683199	
S1-748187183	
S1-493978469	
S1-289105133	
S1-191515026	
S1-305142343	
S1-991083520	S2-635217115
S1-223320968	
S1-858905103	
S1-25437363	
S1-65597910	
S1-377585666	
S1-131336237	
S1-408630319	
S1-263175021	
S1-515726247	S2-441813094
S1-736795654	
S1-529688400	
S1-987797911	
S1-711521850	
S1-171965237	
S1-395105913	
S1-112351113	
S1-120367452	
S1-237417561	
S1-890001087	
S1-368911351	
S1-152318580	
S1-29120542	
S1-455544422	
S1-288130187	
S1-814423469	
S1-396688294	
S1-129793455	
S1-797780964	
S1-404628014	
S1-721550083	
S1-193353786	
S1-175031526	
S1-80737167	
S1-157661829	
S1-458816895	
S1-507430295	
S1-277925757	
S1-316689798	
S1-903732742	
S1-40902254	
S1-756327107	
S1-138663759	
S1-783437672	
S1-996466935	
S1-403510990	
S1-97514472	
S1-261752746	
S1-73738109	S3-368305231
S1-43801635	
S1-820210553	S3-617397026
S1-230249723	
S1-243289554	
S1-646373014	
S1-786364095	
S1-984666519	
S1-272601187	
S1-529204864	
S1-228884110	
S1-223702480	
S1-683653806	
S1-977005887	S2-794292775
S1-438387289	
S1-264498540	
S1-65163737	
S1-369120148	
S1-579355535	
S1-684942927	
S1-668235482	
S1-343671061	
S1-495469982	
S1-890883342	
S1-522164835	
S1-495082067	
S1-20123614	
S1-904068175	
S1-562397242	
S1-339320431	
S1-868361855	
S1-934868953	
S1-283959098	
S1-440747087	
S1-556353387	
S1-90638546	
S1-62311143	
S1-208044070	
S1-600225939	
S1-937186451	
S1-975957269	
S1-448832668	
S1-955457768	S2-548973387
S1-403195003	
S1-174768827	
S1-449013778	
S1-631303670	
S1-77123309	
S1-48512551	
S1-599537190	
S1-757486841	
S1-466573192	
S1-662929014	
S1-641213154	
S1-598193227	
S1-785974908	
S1-822878691	
S1-606553630	
S1-881185077	
S1-523906331	
S1-568882057	
S1-986814324	
S1-312496953	
S1-905060496	
S1-330848555	
S1-722248	
S1-94836877	
S1-883242868	S3-219453701
S1-809649210	
S1-11684824	
S1-65629128	
S1-328695643	
S1-85885709	S2-194482594
S1-832058722	
S1-570654794	
S1-652402065	
S1-987319459	
S1-998229813	
S1-144909096	
S1-990341315	S2-46967487
S1-919701781	
S1-911617251	
S1-478172744	
S1-87945427	
S1-386767860	
S1-756625272	
S1-175500904	
S1-493522970	
S1-463878135	
S1-122209105	
S1-842927126	
S1-954692122	
S1-512641035	
S1-195047446	
S1-370664196	
S1-228219336	
S1-769870579	
S1-441651632	
S1-266978279	
S1-759233865	
S1-948448779	
S1-49698841	
S1-541860800	
S1-761662072	
S1-222656233	
S1-249964556	
S1-407045588	
S1-676232619	
S1-344379424	
S1-236270322	S2-765810220
S1-986532327	
S1-331320048	
S1-543226823	S3-995595600
S1-919822592	
S1-829188319	
S1-795150598	
S1-403195743	
S1-514793550	S2-437090525
S1-338737479	
S1-86959175	
S1-798054810	S2-247738094,S2-51435294,S2-926387302,S2-991736902,S3-407822476,S3-462381740
S1-763976032	
S1-19917238	
S1-983920747	
S1-93983183	
S1-205282800	
S1-11896440	
S1-913751663	
S1-380990051	
S1-947894991	
S1-528695045	
S1-984027916	
S1-573377823	
S1-787733882	
S1-18409723	S3-56117605
S1-362725603	
S1-176811434	
S1-880512866	
S1-843214289	
S1-108217452	
S1-463612381	
S1-976839833	
S1-614864958	
S1-204468468	
S1-364539503	
S1-59414509	
S1-808279888	
S1-554362823	
S1-163009637	
S1-37950860	
S1-734903856	
S1-882050850	
S1-357065284	
S1-232042358	S3-272169587
S1-545049680	S2-21923784,S2-612591290,S2-817996506,S3-362438995,S3-93363345
S1-115462219	
S1-858745405	
S1-866173196	
S1-938509380	
S1-518157877	S2-544544353,S3-449062043
S1-937577642	
S1-845660549	
S1-538896866	
S1-750852741	
S1-252680423	
S1-519189170	
S1-247201857	
S1-349627639	
S1-49471031	
S1-545542565	
S1-387871642	
S1-648517205	
S1-560134272	S2-151192590
S1-810676366	
S1-189469791	
S1-912548769	
S1-308966177	
S1-137185817	
S1-637972559	
S1-683770868	
S1-794046506	
S1-581329963	
S1-137588476	S2-12319116,S3-542824123
S1-652519044	
S1-131778984	
S1-747524081	
S1-940468495	
S1-349643585	
S1-822931540	
S1-779873555	
S1-600949707	
S1-265391872	
S1-485862787	
S1-463757762	
S1-504385394	
S1-998745177	
S1-37066152	
S1-783439524	
S1-868237275	
S1-955726324	
S1-79256589	S3-572123749
S1-967672350	
S1-425730292	S2-324959905,S2-766232113,S3-917362468
S1-804109302	
S1-125647336	
S1-109337547	
S1-996821538	
S1-338522084	
S1-740012512	
S1-374299107	
S1-79658413	
S1-29348597	
S1-241039430	
S1-664941060	
S1-169336446	
S1-496156332	
S1-953548172	
S1-133288399	
S1-302631583	
S1-886903130	
S1-703605957	
S1-123390526	
S1-824055714	S2-521485245
S1-25786258	
S1-834321994	
S1-399419042	
S1-92016410	
S1-25489844	
S1-364395526	
S1-873254531	
S1-486678090	
S1-765856496	
S1-476245570	
S1-180765673	
S1-373905974	
S1-17816372	
S1-584459172	
S1-902238082	
S1-267517604	
S1-728775483	
S1-607069998	
S1-241671161	
S1-37615948	
S1-27749211	
S1-185685599	
S1-549723458	
S1-439526759	
S1-469407850	
S1-412209200	
S1-921202318	
S1-330010993	
S1-270231751	
S1-767429080	S3-648358948
S1-514343363	
S1-68393004	
S1-803023098	
S1-12860408	
S1-69481124	S2-111104201
S1-708379314	
S1-951657268	
S1-25961329	
S1-305630555	
S1-156265430	
S1-587770433	
S1-564137151	
S1-510563531	
S1-331394461	
S1-293102580	
S1-265190137	
S1-612588137	
S1-889759053	S2-593468085
S1-101095820	
S1-723860533	
S1-982290617	
S1-972281681	S2-112550664
S1-523581372	
S1-875234402	
S1-735266847	
S1-747610343	
S1-980612311	S2-521485245,S2-646218526
S1-776388943	
S1-818165809	
S1-888700009	
S1-912025001	
S1-515153563	
S1-454562662	
S1-604200720	
S1-569077477	
S1-741854281	
S1-802076685	
S1-860689566	
S1-373553449	
S1-196258601	
S1-162782725	
S1-532677376	S2-272351032,S2-510757616
S1-909879374	
S1-66770215	
S1-605105730	
S1-373134112	
S1-181047253	
S1-626033266	
S1-714543802	
S1-941682300	
S1-16778423	
S1-473430271	
S1-771325284	
S1-921419888	
S1-599741670	
S1-524577970	
S1-216168424	
S1-343457737	
S1-339006273	
S1-589448230	S2-27829849,S3-420433413
S1-503645726	S3-961164495
S1-579968222	
S1-670663080	
S1-300010518	S2-543173344
S1-578965175	
S1-123295990	
S1-931354040	
S1-823223760	
S1-203951637	
S1-704239290	
S1-315773741	
S1-865432260	
S1-749750864	
S1-216074936	
S1-64118575	
S1-249681542	
S1-207705127	
S1-234563019	S2-664334744
S1-537367123	
S1-553950592	
S1-582140784	
S1-111884721	
S1-501747934	
S1-61423801	
S1-298654136	
S1-146385718	
S1-260482798	
S1-485702941	
S1-90400463	
S1-216574421	
S1-717114929	
S1-298260080	
S1-45573264	
S1-831402034	
S1-21408007	
S1-352636656	
S1-148397285	
S1-851790522	
S1-327189493	
S1-841102103	
S1-994372051	
S1-49843270	
S1-545617731	
S1-234971189	
S1-718379028	
S1-645487480	
S1-945988989	
S1-546451568	
S1-792067537	
S1-955920969	
S1-23049763	
S1-729054796	
S1-150277767	
S1-408448376	
S1-251009728	
S1-506394850	
S1-883734483	
S1-942271061	
S1-862982595	
S1-337121421	
S1-687657559	
S1-785411002	S2-248007617
S1-912960948	
S1-446280933	
S1-434377235	
S1-379988438	
S1-575815814	
S1-216661435	
S1-975231758	
S1-806878382	
S1-270308507	
S1-899263270	
S1-176154810	
S1-113421974	
S1-196645522	
S1-221146294	
S1-577356670	
S1-615615821	
S1-736226448	
S1-155135654	
S1-216986914	S2-904654495
S1-403623041	
S1-898180839	
S1-130274758	
S1-650660245	
S1-72238754	
S1-530588887	
S1-661876486	
S1-86628968	
S1-201538067	
S1-810027095	
S1-25873254	
S1-371683712	
S1-849481835	
S1-873968176	
S1-55221624	
S1-702352718	
S1-782434069	
S1-189814857	
S1-537172526	
S1-623025968	
S1-989476492	S2-244461000,S3-658997609,S3-88046024
S1-635635269	
S1-535033117	
S1-92102023	
S1-867176398	
S1-614245897	
S1-895168591	
S1-680957268	
S1-139791487	
S1-14885782	
S1-555345800	
S1-733652450	
S1-734304964	
S1-975569140	
S1-939293471	
S1-906978482	
S1-856019672	
S1-136735528	
S1-336527339	
S1-864060672	S3-537380175
S1-486053694	
S1-9974837	
S1-138827484	
S1-731985456	
S1-387726470	
S1-279851025	
S1-159189383	
S1-55485657	
S1-645485963	
S1-320731252	
S1-350690116	
S1-406319888	
S1-118340069	
S1-202284194	
S1-154280948	
S1-133059631	S2-13072938,S2-20869901,S2-790145633,S3-170859479,S3-20787426,S3-233941087,S3-280541618,S3-369941843,S3-43056314,S3-489941683,S3-554085780
S1-325959808	
S1-309422156	
S1-360054909	
S1-117412189	
S1-263879704	
S1-25482541	
S1-835376840	
S1-540510495	
S1-511469053	
S1-560049506	
S1-223099677	
S1-143751369	
S1-496689077	
S1-154895521	
S1-412644667	
S1-369746382	
S1-677810553	
S1-977189832	
S1-922907666	
S1-580508999	
S1-159842682	
S1-301741372	
S1-271335693	
S1-790136033	
S1-731986424	
S1-309920465	
S1-981688339	
S1-557018148	
S1-232781031	
S1-333498954	
S1-368923675	
S1-520259823	
S1-126195038	
S1-651692761	
S1-246278873	
S1-932167508	
S1-324895812	
S1-868608181	S2-553119922
S1-857295636	
S1-886849663	
S1-375452261	
S1-731659943	
S1-660779561	
S1-536946770	
S1-897089884	
S1-715597413	
S1-665949233	
S1-365635193	
S1-445996060	
S1-774205697	
S1-705681751	
S1-94072540	
S1-250158084	
S1-790122272	
S1-957880237	
S1-139442727	
S1-886223800	
S1-638242172	
S1-66059782	
S1-358680500	
S1-296783599	
S1-259267594	
S1-595905229	
S1-203399028	
S1-597321422	
S1-50478694	
S1-836227200	
S1-355746426	
S1-663711897	
S1-124332765	
S1-611246116	
S1-621197090	
S1-155492702	
S1-275162604	
S1-587608877	
S1-968289539	
S1-6281804	
S1-282940762	
S1-2973889	
S1-158547727	
S1-221405091	
S1-790601651	
S1-307551825	
S1-191275509	
S1-268853154	
S1-607101079	
S1-526377397	
S1-548138802	
S1-317956085	
S1-550577987	
S1-4250640	
S1-165161349	
S1-196821698	
S1-311341031	
S1-47816941	
S1-673062207	
S1-583761962	
S1-191874681	
S1-320415686	
S1-902325254	
S1-715203669	
S1-100302406	
S1-47932965	
S1-291502356	
S1-362276993	
S1-750793425	S2-857167023
S1-676521828	
S1-13423722	
S1-718662566	
S1-286927640	
S1-83664920	
S1-171905907	
S1-579685513	
S1-829653416	
S1-892447160	
S1-238568267	
S1-785319351	
S1-317243962	
S1-369873780	
S1-476035682	
S1-366003570	
S1-672453804	
S1-211852688	
S1-979696801	
S1-337610803	
S1-903079321	
S1-91302491	
S1-193344275	
S1-654709304	
S1-325809657	
S1-320356567	
S1-442925793	
S1-758084725	
S1-363266414	
S1-376568209	
S1-363668295	
S1-440366458	
S1-839327761	
S1-496098059	
S1-701435505	
S1-784506101	S2-869982091
S1-817310153	
S1-182063964	
S1-921554779	
S1-327224780	
S1-169487360	
S1-772364504	
S1-699788250	
S1-818032297	
S1-883808933	
S1-590360136	
S1-518776170	
S1-391253290	
S1-389951516	
S1-611719949	
S1-242941845	
S1-499115364	
S1-52860438	
S1-959715602	
S1-140416757	
S1-750326560	
S1-108563812	
S1-553649547	
S1-50965877	
S1-766125764	S2-12319116,S3-250819391
S1-37725345	
S1-161567405	
S1-400067238	
S1-604336637	
S1-699062388	
S1-71844974	
S1-564408788	
S1-501554811	
S1-436787367	S2-99269459
S1-612618557	
S1-794507790	
S1-783835253	
S1-75929632	
S1-60550213	
S1-661787260	
S1-429755806	
S1-616346430	
S1-299546889	
S1-416641898	
S1-491652834	
S1-956932413	
S1-444153161	
S1-669231245	
S1-705235363	
S1-95299031	
S1-559601147	
S1-322100097	
S1-343911132	
S1-423708232	
S1-856024690	
S1-23892263	S2-551984789
S1-504742751	
S1-828823667	
S1-350662948	
S1-942304137	
S1-232235719	
S1-206313352	
S1-425115858	
S1-637913800	
S1-842889861	
S1-115247697	
S1-526187377	
S1-311371924	
S1-27256406	
S1-384416375	
S1-161287189	
S1-629478208	
S1-538922113	
S1-466932884	
S1-661124518	
S1-742722600	S3-61589354
S1-945913770	
S1-35586043	
S1-97969355	
S1-516949719	
S1-730498727	
S1-92683286	
S1-143917766	
S1-794401208	
S1-806333248	
S1-500894611	
S1-686289719	
S1-794145968	
S1-815490566	
S1-674689717	S3-594607762,S3-852035874
S1-756464396	S2-741573720
S1-633243288	
S1-482836789	
S1-301158940	
S1-134613307	
S1-805120874	
S1-938119193	
S1-302048693	
S1-785770352	
S1-800977145	
S1-508810566	
S1-843836968	
S1-483232572	
S1-238330532	
S1-36673104	
S1-65876383	
S1-92436295	
S1-959366829	
S1-647245166	
S1-803374982	
S1-712537805	
S1-17342561	
S1-315933849	
S1-596435578	
S1-474003236	
S1-875620074	
S1-749343801	
S1-142422071	
S1-914187855	
S1-183260907	
S1-679058622	
S1-626179814	
S1-338104702	
S1-795790708	
S1-563894004	
S1-577474630	
S1-165531885	S2-497972322,S2-728767898,S3-117250439,S3-379835856,S3-571327237,S3-857183109
S1-921178995	
S1-933916141	S2-174026165
S1-85653199	
S1-304337427	
S1-588714814	
S1-549999215	
S1-288038566	S2-202312555,S2-433954722,S2-653042915,S2-681038146,S2-6815110,S3-124884606,S3-459550291,S3-751163531
S1-705344628	
S1-40457403	
S1-518028976	
S1-35756920	
S1-799504455	
S1-5704314	
S1-137183720	
S1-957601425	
S1-724349292	
S1-377345682	
S1-775154148	S2-955874241
S1-839702111	
S1-613735721	
S1-755953137	
S1-741968845	
S1-767132606	
S1-795588951	
S1-336838779	
S1-70958628	
S1-811167546	
S1-67662834	
S1-508888261	
S1-264385298	
S1-97902715	S2-82349257
S1-358741895	
S1-397673975	
S1-491171446	
S1-405337074	
S1-916347450	
S1-135923305	S2-55339906
S1-68282517	
S1-616553019	
S1-337793053	
S1-650013381	
S1-22232291	
S1-19067660	
S1-947876979	
S1-397191851	
S1-950261834	S2-936416116
S1-501790733	
S1-13668122	
S1-313675213	
S1-729776029	S2-13072938,S2-20869901,S2-790145633,S2-816390814,S3-20787426,S3-233941087,S3-43056314
S1-440308377	
S1-569102678	
S1-101379919	
S1-135093715	S2-244461000,S2-983456926,S3-245866542
S1-328861475	
S1-152198880	
S1-687469851	
S1-575799671	
S1-140724023	
S1-230400949	
S1-305604930	
S1-937019805	
S1-56539202	
S1-410099206	
S1-667269008	
S1-517934839	
S1-804751364	
S1-109653873	
S1-520414500	
S1-61100116	
S1-124830668	S3-550895951
S1-785286072	
S1-599195021	
S1-806666852	
S1-870029932	
S1-375630742	
S1-78430637	
S1-456449643	
S1-437335666	
S1-537403733	
S1-762797543	
S1-65616349	
S1-776889947	
S1-91560097	
S1-324500508	
S1-82061816	
S1-951790208	
S1-475351218	
S1-893549792	
S1-266157276	S2-13072938,S2-20869901,S2-220733207,S2-631766640,S2-790145633,S2-816390814,S3-197081371,S3-20787426,S3-233941087,S3-360991493,S3-369941843,S3-496774869
S1-663068203	
S1-293080196	S2-990644429
S1-502077453	
S1-244379277	
S1-84741852	
S1-567899295	
S1-846173743	
S1-688797720	
S1-252081175	
S1-80360077	
S1-375057456	
S1-723217412	S3-364752805
S1-933028600	
S1-329430132	
S1-563140372	
S1-385088288	
S1-818380568	
S1-358787364	S3-997991027
S1-583558465	
S1-438492618	
S1-427669662	
S1-951055285	
S1-667013988	
S1-650583318	
S1-6970480	
S1-855588525	
S1-491329154	
S1-414769589	
S1-403403552	
S1-605085733	
S1-559464581	
S1-452978562	
S1-162834928	S2-202312555,S2-433954722,S2-463924906
S1-334429855	
S1-993955759	
S1-555509266	
S1-503869416	
S1-584566498	
S1-230965192	
S1-778810072	
S1-451740526	
S1-56738594	
S1-262322621	
S1-636606154	
S1-495919824	
S1-579576394	
S1-165369846	
S1-543777715	
S1-648068573	
S1-622707422	S2-203820429
S1-14053695	
S1-363573023	
S1-984865049	
S1-241565753	
S1-262431665	
S1-16267245	
S1-331927989	
S1-451551291	
S1-815598935	
S1-364818632	
S1-156325420	
S1-684442504	
S1-856552050	
S1-815656173	
S1-732446141	
S1-429860844	
S1-121925438	
S1-521595382	
S1-974553745	
S1-761982262	
S1-763646796	
S1-724854029	
S1-765309733	
S1-426432130	
S1-254621922	
S1-52921241	
S1-228823362	
S1-362983989	
S1-997444358	S2-429476867
S1-969928283	S2-453996934,S3-895406650
S1-828664650	
S1-223712267	
S1-659004312	
S1-753299456	S2-102002062,S2-198519159
S1-354881498	
S1-436178603	
S1-283600061	
S1-694464022	
S1-995082794	S3-860931682
S1-169953901	
S1-185767078	
S1-580539286	
S1-512098312	
S1-841110938	
S1-921676086	
S1-856767346	
S1-973471305	
S1-448669717	
S1-42310079	
S1-553367731	
S1-407212072	
S1-270294442	
S1-270984463	
S1-729572536	
S1-392620983	
S1-134137776	
S1-792710155	
S1-125048720	
S1-462851218	
S1-584416514	
S1-540104058	
S1-988750190	
S1-422902615	
S1-227588804	
S1-427357814	
S1-851746400	
S1-327766825	
S1-637819833	S2-515828078
S1-224201656	
S1-757386202	
S1-296042107	
S1-341794306	
S1-724762462	
S1-887611705	
S1-263443304	
S1-338537648	
S1-289775087	
S1-934659232	
S1-9832924	
S1-450196744	
S1-893611586	S2-357976919
S1-772285876	S3-299282049
S1-271543382	S2-910704945
S1-506730985	
S1-672639105	
S1-413891715	
S1-220150695	
S1-724796705	
S1-204744031	
S1-298305905	
S1-443419501	
S1-639879614	
S1-284628372	
S1-876496713	
S1-636676213	
S1-642819453	
S1-779404721	
S1-485931787	
S1-63991559	
S1-581315326	
S1-766700037	
S1-681109740	
S1-836006563	
S1-608157660	
S1-845970418	
S1-300812093	S2-579413969
S1-664414892	
S1-89858707	
S1-124549428	
S1-851013510	
S1-152514777	
S1-200251770	
S1-784880522	
S1-447504679	
S1-239518169	
S1-978187080	
S1-52774745	
S1-296805949	
S1-260579286	
S1-475037217	
S1-541632356	
S1-117846354	
S1-300907290	
S1-124817238	S3-681883395
S1-174582998	
S1-566166282	
S1-757986344	
S1-176646731	
S1-705434653	S2-251860012,S2-461662527,S2-51435294,S2-913195122,S2-991736902,S3-404281660,S3-572138601,S3-618110846,S3-957723993
S1-679491117	
S1-656342075	
S1-92746784	
S1-383662228	
S1-47708004	
S1-723990027	
S1-463554704	
S1-77299773	
S1-328518333	
S1-226829988	
S1-90438052	
S1-310898620	
S1-984788572	
S1-508209192	
S1-170978923	
S1-185674426	
S1-958762786	
S1-688495868	
S1-191050272	
S1-489866889	
S1-977853072	
S1-329411816	
S1-853797280	
S1-935406732	
S1-330306838	
S1-447630550	
S1-647158137	
S1-104327302	
S1-638384540	
S1-284018231	
S1-169958195	
S1-722831432	
S1-959727854	
S1-348105030	
S1-564456900	
S1-352475319	
S1-391326997	
S1-16112141	
S1-34602586	
S1-477469337	
S1-257594323	
S1-476761841	
S1-831263250	
S1-118898408	S3-460620323
S1-690642520	
S1-396765467	
S1-707693703	
S1-831597061	
S1-551257038	
S1-461519414	
S1-867269772	
S1-381152239	
S1-912354350	
S1-662030429	
S1-760807611	
S1-865896801	
S1-115760624	
S1-681931169	
S1-3451502	
S1-644739704	
S1-138370844	
S1-97589928	
S1-561569830	
S1-513809257	
S1-179235793	
S1-715139010	
S1-594397344	
S1-855600881	
S1-897508003	
S1-234458159	
S1-642388936	
S1-715100473	
S1-432974693	
S1-552179721	
S1-76224745	
S1-642098189	
S1-232130958	
S1-178781732	
S1-2497739	
S1-759631741	
S1-835754199	
S1-225336561	
S1-103463007	
S1-47872010	
S1-595443440	S3-444447773
S1-231963732	
S1-429253885	
S1-118659003	
S1-276586213	
S1-789887699	
S1-908118545	
S1-192235838	
S1-433607857	
S1-998232830	
S1-542598528	
S1-51258658	
S1-96484608	
S1-134490951	
S1-578853151	
S1-916661478	
S1-757197437	
S1-835163181	
S1-380686421	
S1-449143462	
S1-774149139	
S1-350471487	
S1-548828341	
S1-123261067	
S1-220644173	
S1-259784003	
S1-917813586	S2-247738094,S2-251860012,S2-51435294,S2-829602188,S2-913195122,S2-926387302,S2-991736902,S3-462381740,S3-618110846
S1-612295078	
S1-40936699	
S1-713768229	S2-65933112
S1-750650807	
S1-262505302	
S1-158963856	
S1-243369655	
S1-224099031	
S1-315281026	
S1-334615101	
S1-730637055	
S1-585057226	
S1-447696680	
S1-678577329	
S1-347118868	
S1-608506851	
S1-564571560	
S1-486381319	
S1-803332628	
S1-766390554	
S1-538943116	
S1-847850559	
S1-398777202	
S1-69027767	
S1-978279965	
S1-694139589	
S1-223559950	
S1-239133385	
S1-632539008	
S1-358514810	
S1-472113679	
S1-608214367	
S1-155475851	
S1-839677254	
S1-380792382	
S1-388263954	
S1-955750367	
S1-89653475	S2-529247863
S1-806124803	
S1-26947787	
S1-160398512	
S1-170507732	
S1-882840519	
S1-575300431	
S1-72536084	
S1-654199111	
S1-103755368	
S1-926010580	
S1-774156114	
S1-847297814	
S1-779204704	
S1-43808104	
S1-392111389	
S1-806613807	
S1-884570033	
S1-62152382	
S1-896343162	
S1-940067976	
S1-551356362	
S1-830510566	S2-244461000,S2-432235712
S1-377645163	
S1-93434853	
S1-394951098	
S1-412303137	
S1-682613368	
S1-394719607	
S1-182283052	
S1-996025172	
S1-748209582	
S1-58989645	
S1-502515415	
S1-879244325	
S1-317701967	
S1-355887785	
S1-400476310	
S1-820411895	
S1-964647073	
S1-578898245	
S1-26669939	
S1-736298806	
S1-31297556	
S1-609147304	
S1-38174151	
S1-847074311	
S1-678640998	
S1-523623712	
S1-782436870	
S1-567013238	
S1-921996673	
S1-647463831	
S1-313973900	
S1-663305107	
S1-731586602	
S1-471464080	
S1-825126818	
S1-467987278	
S1-505011540	
S1-724942716	
S1-611642870	
S1-828836821	
S1-616743905	
S1-114817494	
S1-984869432	
S1-953811344	
S1-731574690	
S1-938443821	
S1-400834056	
S1-161512181	
S1-825447706	
S1-390202208	
S1-327881061	
S1-935917642	
S1-695931057	
S1-742020394	
S1-287583745	
S1-611231587	
S1-482677825	
S1-999416049	
S1-390799479	
S1-163195327	
S1-890758100	S2-813172987
S1-692837749	
S1-830987668	
S1-452782582	
S1-948045657	
S1-856365015	
S1-12581161	
S1-506303169	
S1-9995312	
S1-354522181	
S1-965193971	S3-819474327
S1-714731606	
S1-769102967	S3-365374587
S1-573464856	
S1-602201288	
S1-876915099	
S1-589275169	
S1-84875046	
S1-210358364	
S1-315785521	
S1-956895081	
S1-132375723	
S1-171697990	
S1-410521310	S3-94192786
S1-780287905	
S1-673791102	
S1-588797644	
S1-852393755	
S1-900723294	
S1-111033778	
S1-318965449	
S1-875283740	
S1-179529783	
S1-815362434	
S1-273790206	S3-449062043
S1-574970507	
S1-590638182	
S1-351680428	
S1-104391451	
S1-679805051	
S1-874326791	S3-342039463
S1-586041042	
S1-889778297	
S1-997430996	S3-435262387
S1-6576622	
S1-339681049	
S1-863867608	
S1-66811959	
S1-913883968	
S1-10827373	S2-850945516
S1-648253562	
S1-677318212	
S1-860824469	
S1-837315588	
S1-66195220	
S1-675712264	
S1-612407771	
S1-541895637	
S1-184319847	
S1-190113985	
S1-694853659	
S1-730882997	
S1-878786608	
S1-131210198	
S1-78868463	
S1-727571222	
S1-967635653	
S1-796486910	
S1-992292111	S3-345500910
S1-687612252	
S1-699726030	
S1-570276461	S3-755605215
S1-103574743	
S1-405727846	
S1-915545886	
S1-765248550	
S1-939119929	
S1-752189286	S2-13682032,S2-247738094,S2-251860012,S2-51435294,S2-829602188,S2-913195122,S2-926387302,S2-991736902,S3-404281660,S3-462381740,S3-618110846
S1-280266935	
S1-58050485	
S1-608550355	
S1-385100932	
S1-642417717	
S1-650300948	
S1-709387778	
S1-196361983	
S1-906714691	
S1-534808931	
S1-896545559	
S1-263804670	
S1-630795528	
S1-373190965	
S1-844655582	
S1-589029393	
S1-474330737	
S1-257938219	
S1-862292455	
S1-260836402	
S1-754444191	
S1-136523152	S2-346969873
S1-963292534	
S1-965460888	
S1-882706313	
S1-767434711	
S1-385708127	
S1-38862650	
S1-71540850	
S1-971239055	
S1-861939549	
S1-34780591	
S1-782373505	
S1-827992938	
S1-71935717	
S1-627254915	
S1-778737510	
S1-129034531	
S1-824159965	
S1-939438382	
S1-795686077	
S1-960728978	
S1-33537803	
S1-228006024	
S1-714469928	
S1-651168801	
S1-939410593	
S1-608052044	
S1-389049224	
S1-701010874	
S1-932917975	
S1-480143515	
S1-432447417	
S1-691317102	
S1-897958363	
S1-349432917	
S1-693913308	
S1-836371090	
S1-847238738	
S1-221746081	
S1-408363956	
S1-767742268	
S1-348119679	
S1-19054314	
S1-388496655	
S1-406413416	
S1-984159030	
S1-119287124	
S1-722237936	
S1-796899560	
S1-561627720	
S1-670003574	
S1-117910635	
S1-592545489	
S1-388548383	
S1-743898659	
S1-372867086	
S1-342996579	
S1-228777617	
S1-836838672	
S1-492232439	
S1-648289430	
S1-82245348	
S1-37635762	
S1-221426285	S3-634734805
S1-142161772	
S1-909511553	
S1-789572404	
S1-509743655	
S1-282854711	
S1-854012010	
S1-431491543	
S1-226352271	
S1-41762776	S2-145759345
S1-987039618	
S1-710451887	
S1-967782192	
S1-39434147	
S1-583183664	
S1-678028031	
S1-462919423	
S1-339636253	
S1-203139702	
S1-168495895	
S1-751743949	
S1-722388260	S2-258925491,S3-173314585,S3-654708839
S1-147120568	
S1-768073613	
S1-135234671	
S1-947221304	
S1-138646951	
S1-914566604	
S1-381459487	
S1-658005653	
S1-286200820	
S1-111440561	
S1-381834790	
S1-465390433	
S1-905839561	
S1-150196617	
S1-792636005	
S1-971392755	
S1-248032107	
S1-96090837	
S1-66022802	
S1-932456743	
S1-542813887	
S1-218122908	
S1-954972360	
S1-519304523	
S1-483596306	
S1-920801181	
S1-631564828	
S1-861480766	
S1-379467828	
S1-376543149	
S1-881042115	
S1-699508978	
S1-118659469	
S1-967407546	
S1-85015814	
S1-138221160	
S1-521081806	
S1-202720377	
S1-450281689	S2-612355298
S1-572950108	
S1-135605863	
S1-673774205	
S1-998984782	
S1-220260492	
S1-83847809	
S1-691364322	
S1-134237917	
S1-99969106	
S1-749484938	
S1-930605021	
S1-349694004	
S1-569137275	
S1-597605533	
S1-95570769	
S1-222107382	
S1-931581151	S3-564135681
S1-782589971	
S1-118396562	
S1-463174484	
S1-400494956	
S1-781558518	
S1-852878247	
S1-118475323	
S1-134709463	
S1-530773451	
S1-911720142	
S1-657630627	
S1-972655051	
S1-440828412	
S1-391587463	S3-139395765
S1-816514326	
S1-463641885	
S1-538317029	
S1-896914675	S2-172059448
S1-502249603	
S1-929949241	
S1-402495723	
S1-282993547	
S1-859861373	
S1-582570780	
S1-577919536	
S1-95170548	
S1-882813700	
S1-824238213	
S1-541038453	
S1-516831993	S3-591353203
S1-788772279	
S1-142009328	
S1-747877312	
S1-884920780	
S1-782484968	
S1-610749838	
S1-536357360	
S1-339572218	
S1-475761655	
S1-247223474	
S1-585898615	
S1-78506439	
S1-716871834	
S1-75748166	
S1-700636461	
S1-65141613	
S1-133165388	
S1-350151649	
S1-489543050	
S1-3486838	
S1-504673460	
S1-313929336	
S1-334987757	
S1-592651736	
S1-793301548	
S1-966513297	
S1-256929524	
S1-355441041	
S1-89403920	
S1-485604846	
S1-135376901	
S1-187580649	
S1-258962537	
S1-919086669	S2-301465148
S1-655685577	
S1-850833563	S2-928574680
S1-348625486	
S1-192197126	
S1-525258694	
S1-935687543	
S1-915253420	
S1-1152451	
S1-18120370	
S1-818855984	
S1-559323321	
S1-316854539	
S1-56622185	
S1-957528824	
S1-673611220	
S1-434935129	
S1-27337017	S3-542065115
S1-127877759	
S1-315713833	
S1-225012126	
S1-161793430	
S1-974030345	
S1-47565981	
S1-518527046	
S1-612979978	
S1-671404641	
S1-521125380	
S1-640584154	
S1-781606113	
S1-634533927	
S1-481944623	
S1-239776073	
S1-302965858	
S1-354961167	S3-453684126
S1-202608365	
S1-262452	
S1-502218733	
S1-914920947	
S1-524791117	
S1-864019270	
S1-213404316	
S1-307714660	
S1-396662323	
S1-332736183	
S1-535081621	
S1-113247475	
S1-976214225	
S1-33995412	
S1-686763564	
S1-994136460	
S1-873208934	
S1-119734711	
S1-115838545	
S1-642443626	
S1-678515845	
S1-5707831	
S1-742273004	
S1-559090330	
S1-483470410	
S1-16635761	
S1-600322053	
S1-690524248	
S1-435794061	
S1-599868192	
S1-855009423	
S1-871687414	
S1-501742353	
S1-428532520	
S1-680481686	
S1-518868235	
S1-609377024	
S1-564938565	
S1-539470932	
S1-728532895	
S1-575956824	
S1-276937586	
S1-450603215	
S1-91553284	
S1-886068932	
S1-152198264	
S1-619056966	
S1-515140763	
S1-763632169	
S1-77587830	
S1-475459183	
S1-7779131	
S1-776331339	
S1-81497059	
S1-268327252	
S1-469418181	
S1-807570198	
S1-849250387	S3-543088599
S1-438233908	
S1-432893088	
S1-518135319	
S1-15555483	S3-625293371
S1-941556701	
S1-573816059	
S1-558924066	
S1-73721742	
S1-511522671	
S1-398602362	
S1-743572062	
S1-735408030	
S1-243941136	
S1-649208978	
S1-13895414	
S1-100188774	
S1-685340658	
S1-639866959	
S1-434950021	
S1-637909466	
S1-349436964	
S1-844697209	S2-739546465,S3-496513676
S1-47368892	
S1-321551949	
S1-944552281	
S1-836694542	
S1-982264027	
S1-21545967	
S1-183243459	S3-626293954
S1-820808705	
S1-24082659	
S1-149845234	
S1-51387117	
S1-727604035	
S1-621626314	
S1-766166806	
S1-315781171	
S1-403920218	
S1-386938687	
S1-600800549	
S1-713550998	
S1-733905466	
S1-692787083	
S1-12797719	
S1-29740205	
S1-562896615	
S1-687170907	
S1-893095509	
S1-790593343	
S1-660309957	
S1-197588473	
S1-862768877	
S1-315632548	
S1-895356240	
S1-339679975	
S1-97845114	
S1-429832404	
S1-707826763	
S1-313812160	
S1-654659830	
S1-62662414	
S1-774227888	
S1-580829208	
S1-628954350	
S1-907554680	
S1-572701622	
S1-964118801	
S1-718425399	
S1-666878024	
S1-947031003	
S1-731399851	
S1-475194219	
S1-620251735	
S1-560021267	
S1-816108931	
S1-871128479	
S1-537586735	
S1-448528038	S2-926387302
S1-211700597	
S1-80912077	
S1-783417904	
S1-103085339	
S1-931450430	
S1-667311161	
S1-747400652	
S1-415374105	
S1-325592327	
S1-852369769	
S1-918985260	
S1-832864884	
S1-887249089	
S1-567397801	
S1-689231978	
S1-115052092	
S1-80434643	
S1-80097856	
S1-996101863	
S1-672847947	
S1-630680290	
S1-259430776	
S1-139425326	
S1-333400086	
S1-941828977	S3-990403421
S1-93881028	
S1-950782302	
S1-645644488	
S1-811198121	
S1-116256368	
S1-767148697	S2-606743458
S1-936402449	S3-476501021
S1-156350482	
S1-742355872	
S1-245200282	
S1-932653725	
S1-272137855	
S1-150121157	
S1-973779389	
S1-595631645	
S1-795524353	
S1-657943741	
S1-836916953	
S1-200447038	
S1-448631723	
S1-963349531	
S1-586662580	
S1-953963549	
S1-194251734	
S1-207100282	
S1-843631400	
S1-830901036	
S1-933684533	
S1-766483436	
S1-831354699	
S1-707219579	
S1-190697088	
S1-618528160	
S1-972461180	
S1-45462210	
S1-603239692	
S1-138390731	S3-95532639
S1-421634083	
S1-745649053	
S1-72961522	
S1-74827293	
S1-252519362	
S1-644983986	
S1-682380511	
S1-850581412	
S1-469216353	
S1-719715354	S3-188102894
S1-36150509	
S1-110504005	
S1-997232086	
S1-55948017	
S1-467095110	
S1-734751355	
S1-458995920	
S1-498493040	
S1-373136810	
S1-520985861	
S1-985727162	
S1-444680754	
S1-742802588	
S1-126744389	
S1-961317878	
S1-804928524	S2-346161484,S3-274197846
S1-881670897	
S1-2348917	
S1-756896535	
S1-783842697	
S1-385977748	
S1-457044860	
S1-159525778	
S1-720990026	
S1-299383539	
S1-618866109	
S1-107277834	
S1-801189045	
S1-775025885	
S1-288938238	
S1-454259227	
S1-303655498	
S1-10039860	
S1-149153558	
S1-947622087	
S1-783066334	
S1-474695454	
S1-130474768	
S1-898957196	
S1-598527978	
S1-18924265	
S1-949205214	
S1-822913417	
S1-102247381	
S1-441174167	S3-6668760
S1-761066187	
S1-698934505	
S1-139541796	
S1-995937460	
S1-554654513	
S1-690147020	
S1-145645246	
S1-184324166	
S1-815408747	
S1-442878484	
S1-193370453	
S1-186364020	
S1-586752142	
S1-982100740	
S1-42863930	
S1-172364889	
S1-756353581	
S1-840917544	
S1-73779402	
S1-664406835	
S1-664976090	
S1-655823150	
S1-492466899	S3-389494878
S1-517502761	
S1-322334592	
S1-964685600	
S1-185894872	
S1-416102205	
S1-410362419	
S1-399363092	
S1-816898597	
S1-256571029	S2-125209600,S2-164531605
S1-606319665	
S1-292137840	
S1-877127438	
S1-221775166	
S1-826627868	
S1-98639137	
S1-817505448	
S1-992045871	
S1-27968016	
S1-21375918	
S1-844689282	
S1-13306726	
S1-194908547	
S1-439811182	
S1-752708594	
S1-405211915	
S1-995079149	
S1-756309501	
S1-591354242	
S1-507759678	
S1-237282570	
S1-781638577	
S1-890309962	
S1-82447186	
S1-579788674	
S1-70647467	
S1-672355506	
S1-683446870	
S1-380525325	
S1-183878951	
S1-33594115	
S1-536627018	
S1-972395733	
S1-153020496	
S1-880200456	
S1-147771848	
S1-624492516	
S1-254538279	
S1-9881526	
S1-806145496	
S1-134338841	S3-303491520
S1-689418231	
S1-843994101	
S1-405010111	
S1-979424596	
S1-437979938	
S1-787804378	
S1-281744256	
S1-902874018	
S1-4224209	
S1-764626040	
S1-192860411	
S1-963521266	
S1-856585082	
S1-640515374	
S1-508364809	
S1-390735264	
S1-55419468	
S1-787922026	
S1-1500613	
S1-776695648	
S1-522078628	
S1-182997352	
S1-25905136	S2-361275220
S1-355002380	
S1-677139525	
S1-2149661	
S1-760877380	
S1-948327428	
S1-197447722	
S1-522791262	
S1-858584299	
S1-444849747	
S1-740330429	
S1-638545495	
S1-640172129	
S1-244590474	
S1-494518304	
S1-592612421	
S1-684896331	
S1-400437984	
S1-332680267	
S1-132278717	
S1-699132874	
S1-365951111	
S1-620792959	
S1-350607863	S3-561061638
S1-122672786	S2-130309662,S2-480006522
S1-344504711	
S1-545561056	
S1-909195051	
S1-998922587	
S1-205324136	
S1-698588031	
S1-795417215	
S1-446728121	
S1-642654966	
S1-460396972	
S1-900343645	
S1-953008280	
S1-27083917	
S1-27444867	
S1-440566307	S2-102534927
S1-582545664	
S1-555748412	
S1-665651065	
S1-171540800	
S1-732320634	
S1-207545943	
S1-238390855	
S1-988114106	
S1-792158938	
S1-211443396	
S1-883814240	
S1-304883964	
S1-136436990	
S1-798732924	
S1-746702846	
S1-825179343	
S1-337172904	
S1-742270877	
S1-566619171	
S1-364322721	
S1-105213401	
S1-220378704	
S1-557103245	
S1-683465399	
S1-595250390	
S1-393364791	
S1-478974465	
S1-207727151	
S1-979440261	
S1-505443595	
S1-222775513	
S1-293336602	
S1-525725721	
S1-894629877	
S1-58899752	
S1-636233813	
S1-696754676	
S1-409767553	
S1-367963662	
S1-555683337	
S1-823241837	
S1-913668987	
S1-849995217	
S1-807754797	
S1-595255504	
S1-650718621	S3-852035874
S1-304829517	
S1-585283095	
S1-472488703	
S1-296907775	
S1-661206996	
S1-779269518	
S1-826047166	
S1-590007089	
S1-154563533	
S1-805343292	
S1-251255024	
S1-121599312	
S1-935853821	
S1-289600702	
S1-675930121	
S1-43391818	
S1-29115710	
S1-116008194	S2-9991664
S1-891269155	
S1-67031233	
S1-930278111	
S1-157818775	
S1-759256929	
S1-902038362	
S1-298304405	
S1-368781945	
S1-68038975	
S1-195159759	
S1-797838166	
S1-188711554	
S1-877421178	
S1-326036722	
S1-175369337	
S1-222199016	S3-595281918
S1-47492576	
S1-408438880	
S1-354296674	
S1-707545790	
S1-778184632	S3-779679622
S1-797728921	
S1-786577682	
S1-943097944	
S1-63410024	
S1-790532572	
S1-786668092	
S1-909382050	
S1-482406196	
S1-464249613	
S1-999140825	
S1-877893001	
S1-310735621	
S1-334492044	
S1-986846899	
S1-397762204	
S1-230268744	
S1-202180715	
S1-707842512	
S1-246726706	
S1-397656529	
S1-616912905	
S1-516213288	
S1-911945657	
S1-802176127	
S1-925118400	
S1-373924478	
S1-493067963	
S1-946025592	
S1-24436371	
S1-13586683	
S1-632071051	
S1-854660249	
S1-565676507	
S1-523583996	
S1-772064024	
S1-132350228	
S1-700006630	
S1-752853359	
S1-781733213	
S1-430231612	
S1-450486351	
S1-821829528	
S1-604368783	
S1-431445248	
S1-357193063	
S1-83954248	
S1-965011929	
S1-896703545	
S1-466171428	
S1-867146003	
S1-211751496	
S1-685440000	
S1-257679878	
S1-891094762	
S1-598181521	
S1-208360244	
S1-258393005	
S1-477161845	
S1-59297479	
S1-623537951	
S1-428145665	
S1-883426364	
S1-404584968	
S1-46875231	
S1-777867138	
S1-53061204	
S1-856668084	
S1-969466816	
S1-481406211	
S1-908984207	
S1-138382311	
S1-43132490	
S1-522918601	
S1-998729034	
S1-973620818	
S1-715793985	
S1-190657437	
S1-571862712	S2-618613065
S1-642709665	
S1-902709115	
S1-136091369	
S1-859361479	
S1-413006353	
S1-818150261	
S1-965973924	
S1-569935695	
S1-403110871	
S1-56324606	
S1-746251802	
S1-747513782	
S1-403684044	
S1-304096861	
S1-795721109	
S1-598005124	
S1-420093078	
S1-178799843	
S1-314969791	
S1-455606706	
S1-825145241	
S1-990309523	
S1-353446842	
S1-871133878	
S1-146511786	S2-102002062,S2-259463679
S1-834917075	
S1-848108905	
S1-631975417	
S1-672447203	
S1-140753804	
S1-442668675	
S1-96975179	
S1-996046347	
S1-609954056	
S1-637559419	
S1-821207967	
S1-398435337	
S1-821487675	
S1-733215643	
S1-849922888	
S1-836329387	
S1-721635895	
S1-85751411	
S1-412375529	
S1-939123564	
S1-934473566	
S1-367464843	
S1-952491792	
S1-654495750	
S1-442994698	
S1-362608296	
S1-486838735	
S1-671456596	
S1-610291650	
S1-711402399	
S1-186960171	
S1-364484113	
S1-596929849	
S1-3289661	
S1-176769023	
S1-253948105	
S1-412027167	
S1-713556676	
S1-378493732	
S1-647756804	
S1-816875096	
S1-434905960	
S1-838375925	
S1-750534997	
S1-29894611	
S1-854823852	
S1-855210574	
S1-423925674	
S1-182097899	
S1-99833045	
S1-925177910	
S1-901897131	
S1-185236451	
S1-562547737	
S1-662759395	
S1-367870118	
S1-373013095	
S1-820239725	
S1-673547645	S3-174497076,S3-280541618,S3-489941683
S1-950523436	
S1-532999636	
S1-824226477	
S1-432222461	
S1-337127498	
S1-368406761	
S1-791227163	
S1-598254945	
S1-440896034	
S1-800441103	
S1-261152241	
S1-41845255	
S1-237379964	
S1-288737300	
S1-442119589	
S1-629684386	
S1-562991623	
S1-528645750	
S1-661510943	
S1-627466719	
S1-590154254	
S1-38370948	
S1-526468244	
S1-719133154	
S1-473873087	
S1-789918169	
S1-794733762	
S1-72803112	S2-566776274
S1-795590969	
S1-993408059	
S1-601930282	
S1-282471734	
S1-377927756	
S1-628820	
S1-849845601	
S1-822578442	
S1-435511267	
S1-785560977	
S1-219846341	
S1-99342653	
S1-584398368	
S1-892518319	
S1-552699000	
S1-591521178	S3-471857606
S1-755895867	
S1-372271439	
S1-2018987	
S1-453325162	
S1-609097409	
S1-755163988	
S1-96812580	
S1-843356707	S2-162389613
S1-509196136	
S1-44765259	
S1-673518189	
S1-631336593	
S1-82962027	
S1-244443846	
S1-127870059	
S1-57306822	
S1-520459958	
S1-621515314	
S1-684431510	
S1-686539013	
S1-806513366	
S1-28223978	
S1-263882846	
S1-581344288	
S1-215909225	
S1-24792130	
S1-507236383	S2-123007061,S2-329405096,S2-574584543,S2-63082253,S2-847933753,S2-920233551,S3-148156789,S3-244669915,S3-788049212
S1-146189019	
S1-896714892	
S1-402350910	
S1-703562552	
S1-258595495	
S1-66192443	
S1-619561260	
S1-337149695	
S1-511874783	
S1-922758445	
S1-746904512	
S1-666092930	
S1-697001389	
S1-451845370	
S1-182991716	
S1-692161322	
S1-724814824	S2-185013334,S3-591095582
S1-495177795	S2-142552322,S2-550178936
S1-88231941	
S1-690333710	
S1-792472575	
S1-46180691	
S1-835571379	
S1-256504511	
S1-218412355	
S1-710451666	
S1-791981819	
S1-523543943	
S1-6122656	S2-247738094,S2-251860012,S2-51435294,S2-926387302,S2-991736902,S3-404281660,S3-407822476,S3-618110846
S1-875015935	
S1-904261224	
S1-968898970	
S1-554904233	
S1-245101173	
S1-109316754	
S1-59204760	
S1-686556785	
S1-985270816	S2-140261915
S1-911154794	
S1-896235997	
S1-411655336	
S1-39969656	
S1-327043259	
S1-867823288	
S1-704472881	
S1-744560453	
S1-827638378	
S1-127013004	
S1-673179537	
S1-240869332	
S1-443851096	
S1-950248408	
S1-634058900	
S1-570837900	
S1-329078868	
S1-794009409	
S1-926715955	
S1-769067878	
S1-468679034	
S1-662126668	
S1-762431252	
S1-375449969	S2-258925491,S3-654708839
S1-43800886	
S1-966478025	
S1-362666094	
S1-56002266	
S1-550896929	
S1-109568226	
S1-521084238	
S1-301629833	
S1-811720404	S2-185013334,S2-465593416,S2-630984437,S2-784709177,S2-791580552,S2-856031019,S3-710323041,S3-772212289
S1-463047539	
S1-280939037	
S1-764566513	
S1-24951612	
S1-446501073	
S1-591118755	
S1-327805371	
S1-679072630	
S1-784486839	
S1-13517072	
S1-341021855	
S1-302526742	
S1-314216814	
S1-398718154	
S1-949496161	
S1-316562655	
S1-179766595	S2-532119883
S1-706325815	
S1-622549008	
S1-354978764	
S1-532063464	
S1-661209311	
S1-3488525	
S1-284826628	
S1-327840417	
S1-969526719	
S1-408104598	
S1-114156839	
S1-503557758	
S1-566584558	
S1-56999238	
S1-187069771	
S1-774676750	
S1-23316453	
S1-635811119	
S1-81925554	
S1-654402789	
S1-693366247	
S1-885178266	
S1-56987349	
S1-269247427	
S1-306981007	
S1-989391428	
S1-517220492	
S1-564552748	
S1-813751098	
S1-695111662	
S1-642122433	S3-304595072
S1-369883504	
S1-925432586	
S1-345579250	
S1-728672388	
S1-819382749	S3-580687677
S1-200851396	
S1-825688315	S2-108984077,S2-515152170
S1-467898222	
S1-24671093	
S1-9087770	
S1-23187423	
S1-994886815	
S1-583448675	
S1-675869578	
S1-681364302	
S1-383422567	
S1-660527082	
S1-175156726	
S1-253476995	S3-908810000
S1-438039988	
S1-636742281	
S1-712271726	
S1-121995391	
S1-937864177	S2-773388064
S1-742302126	
S1-518051204	
S1-949553428	
S1-614123415	
S1-509772443	
S1-590803348	
S1-328683438	S2-584539052
S1-701120876	
S1-380121438	
S1-905887336	
S1-480553275	
S1-957588134	
S1-839692018	
S1-101003677	
S1-630395533	
S1-620828745	
S1-531293461	
S1-472777549	
S1-189230461	
S1-760015779	
S1-711312150	
S1-956236158	
S1-364850805	
S1-594733041	
S1-563524251	
S1-891617533	
S1-962611255	
S1-161898998	
S1-553955189	
S1-748221780	
S1-493922557	
S1-382021800	
S1-277894159	
S1-22471894	
S1-285043834	
S1-258465265	
S1-167961601	
S1-936605191	
S1-775696248	
S1-742970587	
S1-935869080	
S1-482959195	
S1-761356190	
S1-144862827	
S1-879887628	
S1-129515037	
S1-302111285	
S1-811348636	
S1-281671733	
S1-748761826	
S1-641810328	
S1-299742142	
S1-542866596	
S1-164333143	
S1-498986384	
S1-869546671	
S1-231948043	
S1-795947575	
S1-769638072	
S1-200907354	
S1-397511915	
S1-592310903	
S1-546553491	S2-773388064
S1-30896971	
S1-629379941	
S1-178712530	
S1-222149161	
S1-139292762	
S1-775528584	
S1-214320949	
S1-221956901	
S1-530477039	
S1-876594808	
S1-24503438	
S1-40496280	
S1-841560327	
S1-369904439	
S1-916580677	
S1-75271292	
S1-832756784	
S1-478800043	
S1-25596326	
S1-349754881	
S1-528311125	
S1-508462239	
S1-679841309	
S1-44725161	
S1-71202675	
S1-194651665	
S1-334831385	
S1-497126111	
S1-788436179	
S1-634411875	
S1-957697401	
S1-513430755	
S1-745251122	
S1-938740267	
S1-189024975	
S1-772229945	
S1-122853319	
S1-247479784	
S1-742224743	
S1-711095207	
S1-195316215	
S1-500796189	
S1-787628895	
S1-891424203	
S1-685176885	
S1-863915738	
S1-645261518	
S1-348337847	
S1-46602369	
S1-760746231	S3-904598640
S1-83574581	
S1-367199000	
S1-432529992	
S1-578524816	
S1-213880012	
S1-257746305	
S1-432572400	
S1-435454452	
S1-915161606	
S1-372449283	
S1-353845265	
S1-125324410	
S1-607336538	
S1-398965843	
S1-40605406	
S1-733890471	
S1-937023771	
S1-39148970	
S1-173578545	
S1-980221495	
S1-799310294	
S1-412806562	
S1-205746491	
S1-406471404	
S1-593351096	
S1-43823038	
S1-304505257	
S1-920625079	
S1-917931995	
S1-820804203	
S1-208575432	
S1-110468418	
S1-502811690	
S1-808628850	
S1-433700183	
S1-622350498	
S1-587910435	
S1-397262812	
S1-810104453	S3-774154430
S1-366372658	
S1-967346082	
S1-451349018	
S1-538638497	
S1-102591376	
S1-778558783	S2-896859095
S1-343374829	
S1-666268118	
S1-28621313	
S1-309488971	
S1-263013338	
S1-67196186	
S1-436125648	
S1-659997060	
S1-964499007	
S1-377834845	
S1-520822959	
S1-925239735	
S1-244570141	
S1-987075442	
S1-127225255	
S1-429683251	S2-269098468,S2-41086033,S2-468427870,S2-802095609,S2-9193468,S3-503895482,S3-648942348,S3-878324708
S1-930398714	
S1-10247221	
S1-38702020	
S1-275236217	
S1-568174152	
S1-270778179	
S1-815323936	
S1-141447716	
S1-748877544	
S1-705512479	
S1-868321655	
S1-195793069	
S1-965602349	
S1-79115901	
S1-118948785	
S1-760357164	
S1-190001531	
S1-781772049	
S1-221094331	
S1-738005362	
S1-962671007	
S1-68848125	
S1-547740401	
S1-648603667	
S1-390381000	
S1-792808413	
S1-386204130	
S1-911842336	
S1-408251699	
S1-527747848	
S1-176295813	
S1-165330444	
S1-267556750	
S1-349056608	
S1-640066899	
S1-259077885	
S1-788232194	
S1-998475532	
S1-3476395	
S1-570323704	
S1-853897222	
S1-23258646	
S1-496979754	
S1-963817855	
S1-617402544	
S1-357024959	
S1-618143634	
S1-913216457	
S1-349484913	
S1-716491546	
S1-377704195	
S1-599405869	
S1-14689703	
S1-353349671	
S1-198520081	
S1-767710455	S2-185013334,S2-208443847
S1-436166002	S2-483583787
S1-238983803	
S1-287686350	
S1-887732293	
S1-459321060	
S1-287883436	
S1-741462670	
S1-116175683	
S1-338112804	
S1-408736658	
S1-839693145	S3-147499892
S1-881029114	
S1-291696630	
S1-941962042	
S1-590905815	
S1-84438403	
S1-881637439	
S1-793938152	
S1-311252365	
S1-190508952	
S1-418955722	
S1-544201838	
S1-956905714	
S1-20267634	
S1-254429872	
S1-310174219	
S1-937784475	
S1-719338536	
S1-96370449	
S1-496275026	
S1-339798496	
S1-264351433	
S1-865902486	
S1-900202034	
S1-595130072	
S1-166362678	
S1-411033323	
S1-506603942	
S1-324793602	
S1-499382861	
S1-818089194	
S1-575208989	
S1-191602268	
S1-610717625	
S1-384054562	
S1-599785275	
S1-806725037	
S1-14072455	
S1-577483736	
S1-504689682	
S1-998469640	
S1-541484478	
S1-852453805	
S1-368692722	
S1-392449960	
S1-927107006	
S1-283149252	
S1-971703233	
S1-729824480	
S1-706079222	
S1-859714064	
S1-609084996	
S1-30261448	
S1-718051314	
S1-377652506	
S1-447153900	
S1-579524439	
S1-217007810	
S1-566688938	
S1-443344757	
S1-332171207	S2-687441530
S1-488978026	
S1-664741314	
S1-103003238	S3-385258684
S1-282991311	
S1-912788825	
S1-195346513	
S1-84953186	
S1-320657432	
S1-160596774	
S1-746116447	
S1-182946327	S2-453996934
S1-790829771	
S1-379560964	
S1-275081854	
S1-346579684	
S1-715046990	
S1-545751489	
S1-152788314	
S1-684147266	
S1-667464748	
S1-921648309	
S1-965242780	
S1-41876707	
S1-627682672	
S1-990186195	
S1-945233519	
S1-415126047	
S1-981183181	
S1-199094190	
S1-445796644	
S1-176051085	
S1-569466494	
S1-863950037	S2-108422593
S1-528586568	
S1-355332018	
S1-152633432	
S1-611650099	
S1-144313462	
S1-571526252	
S1-682226632	
S1-482663388	
S1-110698640	
S1-357200496	
S1-205996014	
S1-973426654	
S1-566149851	
S1-366153931	
S1-159150655	
S1-61897271	
S1-961246588	
S1-46895137	
S1-232071216	
S1-890731168	
S1-112707033	
S1-941518485	
S1-54554369	
S1-64011292	
S1-156595498	
S1-273327069	
S1-428076601	S3-458221504
S1-913491465	
S1-928916565	
S1-715025892	
S1-794333958	
S1-628631514	
S1-142536191	
S1-85685223	
S1-43025801	
S1-215689564	
S1-49326396	
S1-542241523	
S1-212138112	
S1-786315928	S3-635634114
S1-389662214	
S1-291427679	
S1-150194208	
S1-756808036	
S1-750374439	
S1-652258163	
S1-710438769	
S1-259373208	
S1-84402368	
S1-194881370	
S1-602105361	
S1-502970397	
S1-210281793	
S1-233955196	
S1-81279228	S2-313293468
S1-455524807	
S1-965739491	
S1-908338024	
S1-357339397	
S1-452784574	
S1-93992936	S2-346644481,S2-497972322,S2-519920719,S2-728767898,S3-117250439,S3-379835856,S3-571327237
S1-452682946	
S1-484832426	
S1-508050046	
S1-584057537	
S1-700066981	
S1-143869610	
S1-184070157	
S1-927965078	
S1-264133673	
S1-445865716	
S1-16384215	
S1-879666403	
S1-117062435	
S1-716719679	
S1-628726177	
S1-472309498	
S1-38362440	
S1-461131804	
S1-75203863	
S1-189294402	
S1-853058373	
S1-167227541	
S1-441385032	
S1-124561808	
S1-124083879	S2-507467029
S1-375706357	
S1-201153713	
S1-305346879	
S1-585681680	
S1-397902497	
S1-378069246	
S1-853829764	
S1-149540943	S2-132805742,S2-240440098,S2-309385659,S2-371555068,S2-530247686,S3-233415011,S3-64079929
S1-533725908	
S1-40833695	
S1-397377693	
S1-156365109	
S1-48120485	
S1-265486374	
S1-728428330	
S1-734826625	
S1-972889360	
S1-300557362	
S1-996863115	
S1-165089375	
S1-599891097	
S1-657163715	
S1-734461051	
S1-749422914	
S1-179781406	
S1-416991384	
S1-582411408	
S1-415087556	
S1-335937229	S2-510690889
S1-992955741	
S1-596871821	
S1-518943837	
S1-142624996	
S1-677215254	
S1-360667069	S2-252440461
S1-560445423	
S1-57419264	
S1-785129028	
S1-228427526	
S1-10936739	
S1-227470203	
S1-527371674	
S1-56717790	
S1-481707635	
S1-466257851	
S1-242360437	
S1-260557477	
S1-177272566	
S1-953892838	
S1-258256103	
S1-299063670	
S1-883305764	
S1-878496899	
S1-861387696	
S1-243286757	
S1-636840767	S2-865667111
S1-987068814	
S1-812473384	
S1-102658512	
S1-603061876	
S1-432184301	
S1-605950605	
S1-157683490	
S1-241199446	
S1-93009013	
S1-958287986	
S1-357425906	
S1-82863391	
S1-834869871	
S1-281815921	
S1-83992490	
S1-237119427	
S1-489640646	
S1-241375441	
S1-254641377	
S1-885695468	
S1-959203099	
S1-317610886	
S1-349711453	S2-425292799
S1-740791974	
S1-93992113	
S1-66769694	
S1-482928506	
S1-699116380	
S1-731172086	
S1-478321453	
S1-531619245	
S1-750503247	
S1-526400090	
S1-902475619	
S1-453914401	
S1-168282961	
S1-181235418	
S1-626131605	
S1-338897603	
S1-93580263	
S1-696368881	
S1-166466976	
S1-232215791	
S1-988908966	
S1-830563247	
S1-526907273	
S1-524160194	
S1-134879220	
S1-154667464	
S1-845238718	
S1-981768713	
S1-577166333	
S1-10352349	S2-836957906
S1-407231731	
S1-267968512	
S1-61921947	
S1-680390649	
S1-935068035	
S1-501000813	
S1-326261266	
S1-576577248	
S1-650105099	
S1-238218370	
S1-716080598	
S1-59070437	
S1-928775361	
S1-653154976	
S1-62121899	
S1-484052071	
S1-377430908	
S1-6732611	
S1-340230263	
S1-849221592	
S1-182437891	
S1-665265760	
S1-927225187	
S1-550955351	
S1-273309195	
S1-331923781	
S1-517005939	
S1-463934647	
S1-775174345	
S1-776600951	
S1-364082116	
S1-889298729	
S1-457577902	
S1-249118659	
S1-170255226	
S1-35310432	
S1-175739252	
S1-885681201	
S1-120533320	
S1-642862177	
S1-807401086	
S1-793233734	
S1-467402593	
S1-454585583	
S1-698585736	
S1-213643201	
S1-85397363	
S1-834894547	
S1-443927843	
S1-34017861	
S1-939527878	
S1-612172193	
S1-401541848	
S1-336072128	
S1-584137874	
S1-616909259	
S1-426886658	
S1-600765720	
S1-890774378	
S1-584239004	
S1-135935169	
S1-144465782	S2-313865175
S1-351086247	
S1-972940487	
S1-745110158	
S1-163029614	
S1-282043090	
S1-574470948	
S1-531159547	
S1-605498629	
S1-384063460	
S1-23888596	
S1-959005219	
S1-743413399	
S1-38997759	
S1-406232288	
S1-202413992	
S1-14704316	S2-695631332,S2-698489713,S3-215187236
S1-346408334	
S1-50584855	S2-550178936
S1-401731269	
S1-504471978	
S1-320851465	
S1-247151853	
S1-511230257	
S1-586496673	
S1-645817739	
S1-134681564	
S1-601671248	S2-187119816,S2-196613960,S2-269098468,S2-41086033,S2-468427870,S2-605726696,S2-847014050,S3-503895482,S3-648942348,S3-773498036,S3-878324708
S1-905699466	S3-777429238
S1-825196174	
S1-417235603	
S1-877325328	
S1-113824686	
S1-665441285	
S1-983465852	S3-35965925
S1-844668296	
S1-496871745	
S1-444520903	
S1-978514969	S3-152571144,S3-419014750,S3-55329844
S1-280354140	
S1-12631087	
S1-11683546	
S1-593307362	
S1-638126396	
S1-439019204	
S1-641256655	
S1-781909757	
S1-478980514	
S1-350472319	
S1-589292767	
S1-68898075	
S1-593603975	
S1-20540281	
S1-159472825	
S1-961267197	
S1-394731009	
S1-924268752	
S1-732853583	
S1-144435363	
S1-776496987	
S1-50736415	
S1-291500107	
S1-872373081	
S1-35088672	
S1-164501138	
S1-936835801	
S1-576208972	
S1-913255463	S2-172943738
S1-660751473	
S1-593849357	S3-857616407
S1-457680693	
S1-907755526	
S1-768235661	S2-534747277
S1-751373112	
S1-520128670	
S1-698344664	
S1-207444567	
S1-293231790	
S1-736222432	
S1-611429258	
S1-79526090	
S1-356033035	
S1-799715178	
S1-790650618	
S1-186901908	
S1-130061428	
S1-927600212	
S1-232713772	
S1-34077004	
S1-916540073	
S1-770155268	
S1-435606641	
S1-659170158	
S1-99689401	
S1-685120875	
S1-237864123	
S1-731275958	
S1-772132008	
S1-220314003	
S1-88064518	
S1-816103862	
S1-31899987	
S1-34154303	
S1-271497354	
S1-587533304	
S1-735166718	
S1-291013438	
S1-49419668	
S1-189714104	
S1-672245343	
S1-887314140	
S1-121130331	
S1-622687384	
S1-121954868	
S1-747660299	
S1-827834876	
S1-575355185	
S1-880890910	
S1-281360726	
S1-14720927	
S1-844860710	
S1-577478986	
S1-573561651	
S1-246366347	
S1-372442098	
S1-476802924	
S1-778270859	
S1-615079539	
S1-45672161	
S1-182479567	
S1-862081044	
S1-761709379	
S1-724787931	
S1-892898911	S3-170093050
S1-282508142	S3-603194256
S1-935911222	
S1-81280409	
S1-505990951	
S1-78168076	
S1-310088428	
S1-60924199	S2-831464342
S1-607365849	
S1-389321024	
S1-349255375	
S1-748765639	
S1-197925455	
S1-770916090	
S1-414564780	
S1-515448280	
S1-106984064	
S1-589949352	
S1-331549669	
S1-342747046	
S1-930929151	
S1-718541618	
S1-234991574	
S1-528901898	
S1-679269868	
S1-538140751	
S1-365690417	
S1-875290151	
S1-639797493	
S1-592716374	
S1-406734048	
S1-830572019	S3-437422944,S3-491264868
S1-221819719	
S1-948260845	
S1-621329946	
S1-655663745	
S1-295551785	
S1-965085118	
S1-905251986	
S1-260590606	
S1-305729932	
S1-173512173	
S1-169187315	
S1-720798288	
S1-650514534	
S1-113851322	
S1-662010572	
S1-39237233	
S1-237597902	
S1-229736238	
S1-845028171	
S1-444873089	
S1-971722446	
S1-426400752	
S1-332925073	
S1-206328916	
S1-553473123	
S1-743571973	
S1-6728922	
S1-394527470	
S1-57941238	
S1-849254975	
S1-35950749	
S1-486133860	
S1-729595047	
S1-892522678	
S1-207177544	
S1-210745200	
S1-315450938	
S1-104818816	S3-802680432
S1-309935109	
S1-826676512	
S1-86427796	
S1-401969347	
S1-964454626	
S1-548855352	
S1-128133760	
S1-65284204	
S1-435269981	
S1-382717242	
S1-179083549	
S1-169961670	
S1-310373974	
S1-811982680	
S1-87975200	
S1-327913100	
S1-675867588	S2-132741297,S2-258515598,S2-441813094
S1-732898412	
S1-356591372	
S1-374563500	
S1-408253550	
S1-618993124	
S1-479863951	
S1-260147799	
S1-922292157	
S1-161423539	
S1-225513340	
S1-680341782	
S1-258462304	
S1-694836430	
S1-253188611	
S1-984522319	
S1-632598755	
S1-14822142	
S1-658123627	
S1-351148898	
S1-991646629	
S1-47955193	
S1-999504351	
S1-919776933	
S1-902288415	
S1-709728100	
S1-418615478	
S1-739830214	S2-189962437
S1-43741910	
S1-636212925	
S1-98287919	
S1-17870428	
S1-418861285	
S1-340421092	
S1-563138376	
S1-639058377	
S1-648845759	
S1-698937039	
S1-982355453	
S1-787923165	
S1-575157244	
S1-293530806	
S1-401162911	
S1-873323666	
S1-289227527	
S1-946358404	
S1-161020835	
S1-188415893	
S1-657195825	
S1-305822305	
S1-989815606	
S1-932831509	
S1-728204731	
S1-526806488	
S1-975374405	
S1-45522131	
S1-562325687	
S1-621350821	
S1-757756946	
S1-772903182	
S1-82601375	
S1-749806409	
S1-826110894	
S1-250646599	
S1-581415761	
S1-494769263	
S1-333841228	
S1-708647491	
S1-950648358	
S1-247118945	
S1-228357435	
S1-158246461	
S1-891647707	
S1-338773425	S2-466175806
S1-615586271	
S1-796470314	
S1-380711019	
S1-869162223	
S1-702517627	
S1-961938476	
S1-241120999	
S1-214197173	
S1-549057574	
S1-385254430	
S1-324469367	
S1-598486024	
S1-894456246	
S1-118123861	
S1-126296226	
S1-502357587	
S1-657988206	
S1-646417269	
S1-715675077	
S1-602631834	
S1-164967725	
S1-924224540	
S1-557090751	
S1-506602914	
S1-647993090	
S1-504110809	
S1-900552172	
S1-315072962	
S1-233527049	
S1-713316234	
S1-45836824	
S1-540108510	
S1-478662470	
S1-996843508	
S1-715285185	
S1-104813815	
S1-128564093	
S1-610941431	
S1-704437612	
S1-951409375	
S1-538061819	
S1-860044172	
S1-388252187	
S1-23005758	
S1-697135875	
S1-364172765	
S1-257086276	
S1-916805207	
S1-367246278	
S1-594688068	
S1-149142911	
S1-909256958	
S1-535329018	
S1-540369651	
S1-846770637	
S1-683307372	
S1-142130378	
S1-44782096	
S1-907913628	
S1-833879966	
S1-75705614	
S1-273540413	
S1-550939508	
S1-460405863	
S1-350770022	
S1-680405995	
S1-344099477	
S1-694225899	
S1-288299340	
S1-383913192	
S1-537657967	
S1-59846812	
S1-794188607	
S1-471489946	
S1-487309769	
S1-331651603	
S1-610071935	
S1-542561416	
S1-438852056	
S1-579243006	
S1-573173914	
S1-904646713	
S1-122285292	
S1-376255944	
S1-957198624	
S1-737889398	
S1-538234941	
S1-191184376	
S1-845849565	
S1-596121286	
S1-71671783	
S1-403819186	
S1-446846118	
S1-363618194	
S1-93237980	
S1-113080065	S2-197945858
S1-153609489	
S1-706988482	
S1-82456845	
S1-616316025	
S1-191360948	
S1-517843251	
S1-313990903	
S1-632140532	
S1-675009902	
S1-75329588	
S1-501388330	
S1-341275695	
S1-116986033	
S1-67203869	
S1-355607553	S2-898058593
S1-855631454	
S1-467159752	
S1-281899409	
S1-782354155	
S1-509824220	
S1-269166261	
S1-211799430	
S1-185795028	
S1-152717156	
S1-401191654	
S1-903179691	
S1-478638102	
S1-102210761	
S1-362117969	
S1-384644730	
S1-67579060	
S1-641484229	
S1-645009837	
S1-539571602	
S1-950300889	
S1-325007111	
S1-897804046	
S1-157355939	
S1-264385667	
S1-221745918	
S1-347726047	
S1-451980834	
S1-929583408	
S1-981967469	
S1-480700951	
S1-652698230	
S1-480269572	
S1-562149520	
S1-665988679	
S1-615298459	
S1-817713947	
S1-161938563	
S1-309997690	
S1-446393344	S2-137736816
S1-253481980	
S1-881651179	
S1-851887739	
S1-350917000	
S1-334553741	
S1-854827259	
S1-321141339	
S1-847063423	
S1-90557834	
S1-439198714	
S1-384606528	
S1-102128376	
S1-697880618	S3-852035874
S1-415404724	
S1-956400995	
S1-755076881	
S1-733617800	
S1-357303174	
S1-382025507	
S1-790507308	
S1-439337419	
S1-329349139	
S1-22472576	
S1-390578306	
S1-656271389	
S1-762112604	
S1-734977193	
S1-495522927	S2-296211542
S1-442917217	
S1-919761705	
S1-47978712	
S1-897652120	S2-541691588
S1-927849707	
S1-524917115	
S1-822428080	
S1-437832782	
S1-152097222	
S1-503041306	
S1-451748994	
S1-572343325	
S1-853289989	
S1-255726285	
S1-27167070	
S1-571971652	
S1-744369916	
S1-952860438	
S1-212258664	
S1-973874445	
S1-505970028	
S1-261351244	
S1-525275455	
S1-906196665	
S1-772386333	
S1-209419642	S3-53603101
S1-204033367	
S1-490505930	
S1-674547697	
S1-383969352	S2-91482168
S1-27654092	
S1-426051266	
S1-997359558	
S1-186173558	
S1-998242837	
S1-828894261	
S1-727461245	
S1-599067779	
S1-674464586	
S1-582775596	
S1-356564967	
S1-469603835	
S1-59751914	
S1-476865921	
S1-679474944	
S1-669203496	
S1-296197456	
S1-133381499	
S1-724107607	
S1-745104328	
S1-38457713	
S1-423228128	
S1-350185739	
S1-807211617	
S1-44569437	
S1-60156178	S2-363645478
S1-504482882	S2-946793190
S1-633298279	
S1-997207821	S2-656686291
S1-36990634	
S1-495161530	
S1-706568784	
S1-946651139	
S1-818027739	
S1-775169042	
S1-943789757	
S1-580573698	
S1-877780810	
S1-835400137	
S1-803520661	
S1-244500744	
S1-440332200	
S1-699383668	
S1-517794396	S2-469644178
S1-721949314	
S1-41069222	
S1-374877038	
S1-877568683	
S1-456701044	
S1-59943045	
S1-135791542	
S1-789244912	
S1-919608117	
S1-431271121	
S1-590781801	
S1-969749339	
S1-538759908	
S1-819756689	
S1-144778487	
S1-71818889	
S1-280384604	
S1-456668430	
S1-759864778	
S1-867356930	
S1-516528119	
S1-466098074	
S1-386191635	
S1-466639058	
S1-796422252	
S1-744199288	
S1-964027619	S3-105171428
S1-651978573	
S1-78273358	
S1-435405048	
S1-282779948	
S1-858942583	
S1-874779441	
S1-197561428	
S1-744730791	
S1-102578689	
S1-136514223	
S1-748453603	
S1-112444395	S2-132805742,S2-258515598
S1-782124016	
S1-423641209	
S1-131661329	
S1-38531687	
S1-459712486	
S1-952231875	
S1-595286207	
S1-787921296	
S1-532947177	
S1-108915757	
S1-873605239	
S1-469342119	
S1-916473404	S2-957053644
S1-643082966	
S1-109196575	
S1-443544389	
S1-907257461	
S1-272322888	
S1-150867124	
S1-648097651	
S1-437331992	
S1-504622244	
S1-926014775	
S1-975043427	
S1-876696344	
S1-566786300	S2-80995690
S1-490430866	
S1-647492977	
S1-526342912	
S1-669709656	
S1-673458263	
S1-391054739	
S1-134376821	
S1-934020362	
S1-607097151	
S1-769197555	
S1-534578147	
S1-870623082	
S1-625341145	
S1-176478386	
S1-142488758	
S1-66308618	
S1-147279909	
S1-319887616	
S1-819466884	S3-807659587
S1-193918920	
S1-14619376	
S1-62710928	
S1-28575393	
S1-515860706	
S1-647530871	
S1-780215909	
S1-556077946	
S1-408322189	
S1-363701992	
S1-186607400	
S1-864911090	
S1-269246043	
S1-607367539	
S1-856894371	
S1-394817276	
S1-915456729	
S1-885562590	S2-269098468,S2-41086033,S2-468427870,S2-490376970,S2-605726696,S2-783703941,S2-9193468,S3-503895482,S3-648942348,S3-734747152,S3-773498036
S1-917392996	
S1-993570684	
S1-516704335	
S1-96432541	
S1-750896534	
S1-147298726	
S1-629437869	
S1-71748065	
S1-97445184	S3-459650342
S1-278125193	
S1-423746438	
S1-66560983	
S1-900020750	
S1-370063668	
S1-132158008	
S1-136587234	
S1-480087095	
S1-667694105	
S1-876618066	
S1-853698981	
S1-789296389	
S1-471345597	
S1-177990498	
S1-940488593	
S1-77038658	
S1-384313938	
S1-346494916	S3-20949485
S1-721506377	
S1-793277332	
S1-745127067	
S1-117540383	
S1-560623062	
S1-512867270	
S1-75770500	
S1-919788990	
S1-769171589	
S1-667311006	
S1-34626583	S2-244461000,S2-26716893,S2-327370520,S2-824012734,S3-169993225,S3-793852803
S1-727099784	
S1-171903250	
S1-131564695	
S1-942641755	
S1-531390826	
S1-176682659	
S1-113955445	
S1-611849711	
S1-471924879	
S1-779138365	S2-618896197
S1-801761012	
S1-703295772	
S1-153941631	
S1-100189923	
S1-458361463	
S1-669152257	
S1-509236026	
S1-284047095	
S1-316929851	
S1-969442202	
S1-39198818	
S1-44997058	
S1-266387011	
S1-370921221	
S1-500363093	
S1-879740669	
S1-992685265	
S1-444655012	
S1-51406560	
S1-910825581	
S1-897532229	
S1-913046411	
S1-697278904	
S1-55127402	
S1-633702425	
S1-897390499	
S1-7009700	
S1-318451586	
S1-74534905	
S1-928912519	
S1-202775844	
S1-404061076	
S1-129492588	
S1-431288412	
S1-281243165	
S1-727102779	
S1-24387039	
S1-201585566	
S1-210605203	
S1-502578352	
S1-543508449	
S1-286020949	
S1-110229001	
S1-425858608	S2-470403193
S1-629537851	
S1-383049751	
S1-776980046	
S1-953377212	
S1-660362208	
S1-357135470	
S1-956677879	
S1-134656869	
S1-963946014	
S1-203247111	S2-929511368
S1-699601027	
S1-760357196	
S1-920956572	
S1-712112511	
S1-435656257	
S1-395561993	
S1-291787483	
S1-550881077	
S1-518480501	
S1-191380621	
S1-268306803	
S1-971944134	
S1-903494180	
S1-563200708	
S1-345452121	
S1-780195821	
S1-406336520	
S1-236793528	
S1-16213177	
S1-889899535	
S1-866332833	
S1-884754948	
S1-595257528	
S1-806819378	
S1-862409169	
S1-351066282	
S1-410618232	
S1-106315506	
S1-248262698	
S1-386569140	
S1-594027787	
S1-884680523	
S1-12503272	S3-626293954
S1-849996737	
S1-71985169	
S1-131709490	
S1-780727206	
S1-626817827	
S1-985357693	
S1-747430477	
S1-854511401	
S1-150323284	
S1-264810933	
S1-22354617	
S1-661084350	
S1-534334122	
S1-245287589	
S1-145377479	
S1-147451265	
S1-585745838	
S1-225028118	
S1-980795897	
S1-510445771	S3-544686218
S1-861174954	S2-788809336
S1-475815863	
S1-487199498	
S1-242095666	S2-80734166
S1-25523454	
S1-831982134	
S1-624672100	
S1-243652952	
S1-149364003	
S1-392691391	
S1-267915181	
S1-107632069	
S1-423908865	
S1-972794445	
S1-873538286	
S1-195771560	
S1-118011049	S2-521485245,S3-293044075
S1-401572785	
S1-248282824	
S1-115638035	S3-123717524
S1-940736177	
S1-69630063	
S1-624552183	
S1-651433981	
S1-52818132	
S1-526495164	
S1-30487580	S2-832560806
S1-25203031	
S1-389146866	
S1-912658305	
S1-642962930	
S1-314610222	
S1-867276839	
S1-390530381	
S1-796745265	
S1-796402646	
S1-611399823	
S1-111964925	S2-51698332
S1-730390737	S3-435305821
S1-590336797	
S1-244815043	
S1-88795348	
S1-700644627	
S1-167691120	
S1-251101901	
S1-528770831	
S1-55394901	
S1-820565399	
S1-876537979	
S1-857808287	
S1-360614957	
S1-671349593	
S1-804138119	
S1-227620000	S3-250819391
S1-371212450	
S1-51506072	
S1-847282484	S2-681236478
S1-194307078	
S1-757272940	
S1-445159362	
S1-942160839	
S1-207635398	
S1-212904883	
S1-949413017	
S1-842109804	
S1-905962903	
S1-827132214	
S1-391727996	
S1-523058812	
S1-159312598	
S1-104467402	
S1-658362702	
S1-916791672	
S1-668837078	
S1-131410109	
S1-965295153	
S1-296038103	
S1-661638689	
S1-585151953	
S1-159551067	
S1-508094174	
S1-453848598	
S1-580021404	
S1-430287696	
S1-166592028	
S1-63282472	
S1-934927673	
S1-810815889	
S1-926866464	
S1-953028280	
S1-29477536	
S1-994193298	
S1-215844485	
S1-454128866	
S1-281167424	
S1-924664488	
S1-453620308	
S1-148703026	
S1-248243099	
S1-463785184	
S1-647270512	
S1-834887725	
S1-329294084	
S1-603557112	
S1-521615359	
S1-249986021	
S1-808157276	
S1-52814677	
S1-929540178	
S1-774274719	
S1-485252331	
S1-118553814	
S1-593103545	
S1-516825555	
S1-666871823	
S1-380436742	
S1-455604165	
S1-392705570	
S1-537275294	
S1-723152683	
S1-752941219	
S1-689509663	
S1-104135241	
S1-649974118	
S1-169745715	
S1-262931371	
S1-549967274	
S1-125793725	
S1-882970046	
S1-774044960	
S1-167311021	
S1-447002854	
S1-706781525	
S1-922759581	
S1-256075457	
S1-441721591	
S1-395351734	
S1-845419197	
S1-295981109	
S1-861491014	S2-920278677
S1-382996744	
S1-237815239	
S1-126833044	S2-573403688
S1-94452813	
S1-374197518	S2-721944962
S1-50960267	
S1-735599182	
S1-358835839	
S1-277688105	
S1-475998257	
S1-45847583	
S1-142503468	
S1-822749984	
S1-824962117	
S1-10460097	
S1-451583010	
S1-369167674	
S1-597037856	
S1-433637771	
S1-51522717	
S1-902981462	
S1-899023974	
S1-587536734	S2-990787024
S1-705122534	S2-121118512,S3-719435912
S1-845156545	
S1-555541436	
S1-768105877	
S1-986672314	
S1-832007952	
S1-522758799	
S1-353922251	
S1-974499008	
S1-373323499	
S1-533059907	
S1-72008985	
S1-234461313	
S1-335102107	
S1-796813410	S2-406442615
S1-937493228	
S1-800089714	
S1-235187883	
S1-842320384	
S1-814011380	
S1-571982341	
S1-426398787	
S1-58499942	
S1-441719273	
S1-518375245	
S1-571436636	
S1-629607081	
S1-545322720	
S1-256658280	
S1-691144792	
S1-927246070	
S1-109494018	
S1-319172201	
S1-913581882	
S1-972991098	
S1-547274104	
S1-583038274	S2-920278677
S1-194348039	
S1-483194626	
S1-247061287	
S1-534608834	
S1-21324486	
S1-929946871	
S1-571580264	
S1-271205529	
S1-925231058	
S1-111103603	
S1-411122064	
S1-650592103	
S1-480923211	
S1-176341219	
S1-200378300	
S1-72180251	
S1-648517423	
S1-759520353	
S1-826270426	
S1-562586926	
S1-829961958	
S1-689208891	
S1-608545916	S3-514062471,S3-618870695
S1-227878357	
S1-742346662	
S1-661356691	
S1-311971797	
S1-800127473	
S1-541740884	
S1-422221670	
S1-492442602	
S1-666190916	
S1-647732395	
S1-997934493	
S1-231423664	
S1-706740250	
S1-300677698	
S1-554815886	
S1-592435218	
S1-36749968	
S1-739682900	
S1-566966617	
S1-221212874	
S1-858235014	
S1-244515682	
S1-725781888	
S1-998722999	
S1-957382025	
S1-340053632	
S1-15863421	
S1-880228441	
S1-579313290	
S1-222271550	
S1-559614862	
S1-429376142	
S1-74584957	
S1-320423129	S2-899897062
S1-881466194	
S1-799163188	
S1-349403872	
S1-108052044	
S1-15665599	
S1-887844235	
S1-202967121	
S1-45541318	
S1-183867720	
S1-633651580	
S1-261409404	
S1-308821394	
S1-619176984	
S1-122610968	
S1-894898892	
S1-705979534	
S1-966661525	
S1-692286144	
S1-398121289	
S1-413625482	S2-210128326
S1-515746198	
S1-568820373	
S1-38383483	
S1-783286037	
S1-625538325	
S1-694635877	
S1-59745510	
S1-503779827	
S1-482495264	
S1-399928298	
S1-280594927	
S1-256863072	
S1-879491656	
S1-219638780	
S1-674560949	
S1-963046050	
S1-44021060	
S1-22783614	
S1-896178384	
S1-705160801	
S1-560099539	
S1-374598287	
S1-313178958	
S1-275020999	
S1-506201915	
S1-329838973	
S1-360590499	
S1-146615310	
S1-667463162	
S1-789174406	
S1-208268694	
S1-253593858	
S1-272716029	
S1-707227154	
S1-729465449	
S1-281224486	
S1-854082275	
S1-429773209	
S1-666533226	
S1-835101113	
S1-212060172	
S1-633049306	
S1-530601103	
S1-759934115	
S1-907245373	
S1-551927919	
S1-318501950	
S1-690111787	
S1-326378310	
S1-480960893	S2-499859802
S1-840277466	
S1-516212039	
S1-969656125	S2-956357455
S1-11617665	
S1-328778923	
S1-644410910	
S1-965515939	
S1-990495460	
S1-815618398	
S1-710374910	
S1-835562565	
S1-795288169	
S1-249880640	S3-907716503
S1-81487333	
S1-667083909	
S1-813625230	
S1-625294576	
S1-469251819	
S1-595326145	
S1-723388683	
S1-406567626	
S1-826911083	
S1-39260829	
S1-292866248	
S1-723772796	
S1-591785681	
S1-358142803	
S1-543473021	
S1-506720877	
S1-745862646	
S1-93165722	
S1-87440400	
S1-150074853	
S1-304946876	
S1-742387092	S3-363651203
S1-450715896	
S1-637555696	S3-392841333
S1-840382133	
S1-328392354	
S1-333084508	
S1-1331012	
S1-194033443	
S1-194478815	
S1-471689092	S2-877613262
S1-968141323	
S1-519391603	
S1-742063350	
S1-989709786	
S1-19821372	
S1-236786384	
S1-492318224	
S1-764778436	S2-934391263
S1-73466326	
S1-420798105	
S1-125158658	
S1-975695640	S3-499342098
S1-110253388	
S1-674119167	
S1-585246807	
S1-180053174	
S1-939782531	
S1-396680821	
S1-135488988	
S1-251894156	
S1-600328549	
S1-731323095	
S1-656809210	S2-780519268
S1-327780594	
S1-579931409	
S1-738130806	
S1-425736546	
S1-286702679	
S1-815504831	
S1-131502409	
S1-929908663	
S1-358101625	S2-55361169
S1-519375023	
S1-275335146	
S1-667174513	
S1-34080429	
S1-233307853	
S1-917811641	
S1-866226748	
S1-744738005	
S1-387658940	
S1-873248576	
S1-163184406	
S1-895514695	
S1-531915084	
S1-570353712	
S1-527938688	
S1-58649548	
S1-551766770	
S1-877953365	
S1-915303041	
S1-12182885	
S1-536823675	
S1-641410733	
S1-359062606	
S1-598571121	
S1-65980168	
S1-793193237	
S1-558633219	
S1-481492886	
S1-878866766	
S1-749634376	
S1-846899189	
S1-976849294	
S1-35926395	
S1-537746008	
S1-730263386	
S1-531399945	
S1-521961890	
S1-145348302	
S1-864603032	
S1-688849219	S2-861346656
S1-119084313	
S1-265207426	
S1-406335030	S2-521485245
S1-379616120	
S1-43975231	
S1-361657960	
S1-890429252	
S1-586978406	
S1-570710037	
S1-26175383	
S1-321558817	
S1-270094075	
S1-908517883	
S1-483943997	
S1-315835422	
S1-892276843	
S1-378682424	
S1-975450278	
S1-633517915	
S1-753324890	
S1-349122757	
S1-483447529	
S1-944157189	
S1-328699471	
S1-191576938	
S1-416676479	S2-73255518,S2-773388064
S1-524951062	
S1-475300202	
S1-198339945	
S1-961450625	
S1-276832073	
S1-837522476	
S1-394497259	
S1-79386872	
S1-614137678	
S1-264439269	
S1-113674510	
S1-253923617	
S1-301965038	
S1-497585260	
S1-21593268	
S1-674284399	
S1-566787383	
S1-634438544	
S1-765653626	
S1-550672055	
S1-214446151	
S1-795248257	
S1-707430643	
S1-872437956	
S1-96359051	
S1-224834003	
S1-215112765	
S1-401283965	
S1-982408333	
S1-22215563	
S1-307106499	
S1-359658229	
S1-854893910	
S1-587391443	
S1-365183900	
S1-161928486	
S1-964597208	
S1-864274590	
S1-202829400	
S1-2194390	
S1-673420111	
S1-877976637	
S1-488789385	
S1-377316001	
S1-756594135	
S1-860379645	
S1-999819804	
S1-526690594	
S1-138906668	
S1-879889290	S3-59547065
S1-609842411	
S1-117660511	
S1-474974644	
S1-982638752	
S1-167103077	S3-134282659
S1-206363207	
S1-100093455	
S1-998694165	
S1-774333700	
S1-436848075	
S1-371093993	
S1-969128176	
S1-106077262	
S1-239427453	
S1-789606000	
S1-919697865	
S1-130149322	
S1-967750789	
S1-100168947	
S1-660195770	
S1-280914125	
S1-339553818	
S1-757825995	
S1-291041121	
S1-821234723	
S1-804978971	
S1-911093805	
S1-492675354	
S1-123582214	
S1-854078776	
S1-772069691	
S1-925839928	
S1-776900976	
S1-399012571	
S1-553627998	
S1-52318276	
S1-308937710	
S1-304675111	
S1-323401832	
S1-245988798	
S1-474557695	
S1-189681642	
S1-108726587	
S1-585627667	
S1-454623209	
S1-848908188	
S1-359701022	
S1-983996258	
S1-54351237	
S1-874185249	
S1-39805207	
S1-93337539	
S1-273355942	
S1-966199446	
S1-122749287	
S1-119523754	
S1-270488340	
S1-72392910	
S1-880447779	
S1-851814122	
S1-49179837	S2-911310489
S1-48793301	
S1-400688644	
S1-472940707	
S1-741936353	
S1-742326607	
S1-327090657	
S1-285644187	
S1-272584828	S3-654790368
S1-299888946	
S1-482425062	
S1-692806043	
S1-515409291	
S1-394077124	
S1-266804898	
S1-164328513	
S1-370486027	
S1-324795934	
S1-478183410	
S1-787705003	
S1-650645563	
S1-152058615	
S1-501575144	
S1-767175560	
S1-424232830	
S1-548590208	
S1-418949453	
S1-205107818	
S1-191939901	
S1-850530532	
S1-398344516	
S1-967504754	
S1-851867525	
S1-424589827	
S1-697072902	
S1-841590763	
S1-418634867	S3-199827436,S3-767114627
S1-520280441	
S1-453183528	
S1-566805437	
S1-534034497	
S1-823299066	
S1-997367043	
S1-137753880	
S1-798400810	
S1-539670871	
S1-599080764	
S1-707231591	
S1-852127447	
S1-578895902	
S1-620227268	
S1-74977709	
S1-588905458	
S1-422562375	
S1-764730979	
S1-50570285	
S1-924753396	
S1-859598540	
S1-532868677	
S1-790395973	
S1-716530114	
S1-430011969	
S1-343044826	
S1-183751746	
S1-35451938	
S1-392226510	
S1-618262464	
S1-559286847	
S1-633038169	
S1-701170549	
S1-5419663	
S1-447257664	
S1-9684389	
S1-696920453	
S1-720646209	
S1-920261313	
S1-540609074	
S1-418316665	
S1-56167595	
S1-569816311	
S1-805109305	
S1-22605894	
S1-362803751	
S1-355908744	
S1-342954203	
S1-5102077	
S1-577756019	
S1-437542961	
S1-832364047	
S1-390862054	
S1-25639468	
S1-934626037	
S1-60644157	
S1-738418397	
S1-153860797	
S1-809112267	
S1-893075632	S2-316529759
S1-335002081	
S1-992140848	
S1-833283818	
S1-487892482	
S1-464945902	
S1-929176810	
S1-844508533	S3-561839301
S1-765791804	
S1-608392659	
S1-374467102	
S1-525387696	
S1-930796770	
S1-107477317	
S1-300528063	
S1-519667231	
S1-877238953	
S1-875831687	
S1-721086531	
S1-897561037	
S1-240720077	
S1-796104666	
S1-530796983	
S1-395489717	
S1-278386522	
S1-805023549	
S1-910788560	
S1-91314326	S3-319055279
S1-253761936	
S1-400814926	
S1-840739855	
S1-753828085	
S1-548825198	
S1-965172204	
S1-517448592	
S1-666104640	
S1-817291280	
S1-784817211	
S1-910837494	
S1-217168389	
S1-253780118	
S1-524605930	
S1-983292058	
S1-630062856	
S1-99710153	
S1-136196319	
S1-160866216	
S1-59511557	
S1-183234114	
S1-136386447	
S1-742281258	
S1-35226654	
S1-513309920	
S1-386792322	
S1-767708080	
S1-460760624	
S1-541085376	
S1-872018421	
S1-79522806	
S1-70203086	
S1-933338624	
S1-609464059	
S1-267152509	
S1-26097934	
S1-26604595	
S1-344068101	S2-451766122
S1-680350277	
S1-539461624	
S1-958262922	
S1-162616181	
S1-431520621	
S1-439928884	
S1-654002776	S2-346644481,S2-497972322,S2-519920719,S2-728767898,S2-919924109,S3-117250439,S3-371367532,S3-379835856,S3-571327237,S3-660080086,S3-840678497
S1-92378044	
S1-671405528	
S1-11494362	
S1-318782147	
S1-483665262	
S1-11027139	
S1-921876807	
S1-866667345	
S1-520580618	
S1-604622309	
S1-395843698	
S1-522221380	
S1-332418200	
S1-461208167	
S1-776197422	
S1-306603479	
S1-631534874	
S1-903588573	
S1-447110821	
S1-948472867	
S1-134705568	S3-730079493
S1-535656862	
S1-776457000	
S1-713635206	
S1-170941305	
S1-14664392	
S1-73368268	
S1-565751368	
S1-416253279	
S1-483170369	S2-483485442
S1-898706402	
S1-809270154	
S1-555201838	
S1-455353091	
S1-977846540	
S1-405692344	
S1-352589104	
S1-152405574	
S1-663423811	
S1-574046380	
S1-320502072	
S1-877368825	
S1-420564197	
S1-452694385	
S1-573848576	
S1-918363655	
S1-550145869	
S1-191609598	
S1-731099191	
S1-151886917	
S1-566743383	
S1-5931570	
S1-676732283	
S1-808645125	
S1-658512143	
S1-202680911	
S1-82180315	
S1-347664109	
S1-225726622	
S1-166435508	
S1-440145108	S3-220831214
S1-216192597	
S1-169782653	
S1-848583503	
S1-774339520	
S1-97938023	
S1-478769404	
S1-39232195	
S1-116886458	
S1-371560935	
S1-734951329	
S1-882034375	
S1-1636700	
S1-377955117	
S1-540782700	
S1-994273973	
S1-190644251	
S1-749313365	
S1-195148716	
S1-963778836	
S1-631204124	
S1-702231456	
S1-739414836	
S1-409192435	
S1-937509967	
S1-955562823	
S1-418086913	S2-756585844
S1-522381845	
S1-57172900	
S1-879653320	
S1-844406716	
S1-627952793	
S1-322242113	
S1-716887466	S2-464881130,S2-885184685
S1-972505864	
S1-592788655	
S1-968172948	
S1-369909856	
S1-527770903	
S1-219901595	
S1-201835238	
S1-851309149	
S1-495398066	
S1-768667510	
S1-681008959	
S1-70282594	
S1-119686363	
S1-96070822	
S1-954366559	
S1-247934618	
S1-895832316	S2-505570506
S1-366819023	
S1-326979942	
S1-96179016	
S1-164142248	
S1-993406391	
S1-697255445	
S1-252985621	
S1-449151049	
S1-677247968	
S1-109636645	
S1-798765700	
S1-289469590	
S1-902513415	
S1-205918244	
S1-310688134	
S1-202949941	S2-198479719
S1-365098208	
S1-31995289	
S1-980993559	S2-919675684
S1-680913899	
S1-766652991	
S1-628873640	
S1-170014891	
S1-678397648	
S1-74547988	
S1-759498	
S1-266330846	
S1-453344565	
S1-115847694	
S1-467982164	
S1-951036935	
S1-159386268	
S1-794287315	
S1-366900803	
S1-576245087	
S1-334359698	
S1-306232684	
S1-721886453	
S1-749330239	
S1-665444217	
S1-974423987	
S1-465688039	
S1-105917301	S3-377331585
S1-66078455	
S1-750186243	
S1-825150834	
S1-774249952	S2-441210915
S1-400477486	
S1-377648471	
S1-551429995	
S1-30213200	
S1-842282169	
S1-683053639	
S1-14617458	S3-539183365
S1-296954976	
S1-767499414	
S1-882875459	S2-20869901,S2-790145633,S2-816390814,S3-174497076,S3-20787426,S3-437742410
S1-951098861	
S1-449370192	
S1-662053388	S3-367748112
S1-988011316	
S1-32594566	
S1-272219909	
S1-212102725	
S1-650852407	
S1-380286587	
S1-133222862	
S1-842422117	
S1-616542706	
S1-840544794	
S1-263639884	
S1-383242851	
S1-946269931	
S1-111816028	
S1-499849493	
S1-17373291	
S1-164673556	
S1-734488090	S2-123007061,S2-326046453,S2-329405096,S2-574584543,S2-63082253,S2-703722492,S2-847933753,S2-914907346,S2-920233551,S2-984363671,S3-148156789,S3-234230645,S3-244669915,S3-814880158,S3-980803239
S1-933294390	
S1-449357975	
S1-796321012	
S1-175006991	
S1-778413904	
S1-653963505	
S1-477197813	
S1-145923871	S2-550178936
S1-267765009	
S1-296929452	
S1-888106791	S2-584539052,S2-77241306
S1-396825375	
S1-359467317	
S1-745830197	
S1-293823865	
S1-66078912	
S1-421320146	
S1-521508133	
S1-925031550	
S1-940566871	
S1-229324445	
S1-450504764	
S1-188515082	
S1-810021788	
S1-287822162	
S1-149330662	S3-597284190
S1-979594294	
S1-576216190	
S1-365804254	
S1-997240153	
S1-140080074	
S1-349264137	
S1-713730169	
S1-932251086	
S1-703857048	
S1-696846817	
S1-735097715	
S1-971787999	
S1-260161154	
S1-831305267	S3-404412841
S1-738987330	
S1-551762058	
S1-260820121	
S1-395855618	
S1-761208325	
S1-738827525	
S1-936777845	
S1-733045510	S2-552363507
S1-797472499	
S1-603658284	
S1-369468897	
S1-737886805	
S1-126366597	
S1-544533246	
S1-841590841	
S1-681058809	
S1-498840955	
S1-521808223	
S1-431464974	
S1-803768737	
S1-962615838	
S1-209104038	
S1-636068133	
S1-618014894	
S1-107781426	
S1-324677426	
S1-91041492	
S1-602264960	
S1-17852043	
S1-665157235	
S1-435197931	S2-730472251
S1-872933643	
S1-179369525	
S1-642333492	
S1-322569476	
S1-432742353	
S1-856993725	
S1-926580248	
S1-455857631	
S1-820539782	
S1-288239836	
S1-520650985	
S1-752214077	
S1-589270009	
S1-483317121	
S1-650828712	
S1-337417354	S2-272351032,S2-454483999,S2-591482651,S2-59604091,S2-758204346,S2-814744581,S3-638541983
S1-453857147	
S1-661514207	
S1-213462817	
S1-868682453	
S1-196775306	
S1-454535343	S2-240440098,S2-297579015,S2-309385659,S2-423000730,S2-465593416,S2-479068086,S3-798390923
S1-743385322	
S1-41067927	
S1-288515367	
S1-869467934	
S1-433848823	
S1-223042789	
S1-166723962	
S1-818218004	
S1-41803731	
S1-264991157	
S1-621833461	
S1-739094187	
S1-574485044	
S1-136550333	
S1-972170349	
S1-710344501	
S1-354338629	
S1-695609161	
S1-23495695	
S1-21899689	
S1-267523024	
S1-925543470	
S1-299199818	
S1-563793974	
S1-632738749	
S1-504470436	
S1-476079301	
S1-276462198	
S1-274286323	
S1-404837049	
S1-835826982	S2-13682032,S2-251860012,S2-461662527,S2-51435294,S2-715729108,S2-829602188,S2-913195122,S2-926387302,S3-404281660,S3-618110846,S3-957723993
S1-105382473	
S1-779669377	
S1-11250878	
S1-585242017	S3-631651721
S1-569594301	
S1-290477127	
S1-16474070	
S1-349142222	
S1-965370849	
S1-752736432	
S1-28196420	
S1-665587141	
S1-435527102	S2-864996509
S1-943884178	
S1-62876354	
S1-563361649	
S1-8497752	
S1-387933588	
S1-605258552	
S1-533104759	
S1-159446724	
S1-295334481	
S1-241478648	
S1-827082267	
S1-417528403	
S1-352518469	
S1-757120982	
S1-456807223	
S1-609485850	
S1-337004015	
S1-557115840	
S1-953195632	
S1-317006158	S2-816390814,S3-170859479,S3-174497076,S3-233941087,S3-280541618,S3-369941843
S1-251819037	
S1-628162697	S2-40882517
S1-71923030	
S1-31368037	
S1-37561559	
S1-752279970	
S1-160682123	
S1-633066780	
S1-381843309	
S1-736678075	
S1-208416654	
S1-102475279	
S1-172257255	
S1-835609063	
S1-401704426	
S1-13289708	
S1-477163752	S2-668646500
S1-851793580	
S1-678382800	
S1-477352711	S3-264207613
S1-973880975	
S1-108305630	
S1-243805821	
S1-477710814	
S1-63019789	
S1-605621994	
S1-728351020	
S1-793878197	
S1-927373805	
S1-227851990	
S1-914329209	
S1-177284959	
S1-389827	
S1-98991508	
S1-815151067	
S1-219469847	
S1-260621017	
S1-170644960	
S1-442532875	
S1-144639881	
S1-240695525	
S1-798141275	
S1-543316732	
S1-222880973	
S1-178942645	
S1-175729814	
S1-707663699	
S1-868679036	
S1-543414568	
S1-48773253	
S1-302091927	
S1-912237787	
S1-575496154	
S1-896695667	
S1-241980762	
S1-949566779	
S1-203953283	
S1-799855098	
S1-153596259	
S1-354666676	
S1-639918904	
S1-600534588	
S1-147052602	
S1-243942210	
S1-993518021	
S1-60464876	
S1-46310834	
S1-959105867	
S1-446986885	
S1-359083816	
S1-229773446	
S1-882941366	
S1-318557261	
S1-861161853	
S1-650038687	
S1-789443570	
S1-89682344	
S1-441677303	
S1-198259826	
S1-774737958	
S1-297260497	
S1-802716567	
S1-92840249	
S1-870529258	
S1-930042280	
S1-641454794	
S1-191305711	
S1-47101259	
S1-770311268	
S1-314332373	
S1-80146434	
S1-956010836	
S1-606118639	
S1-933924519	
S1-372420208	
S1-736772135	
S1-696688555	S2-187119816,S2-196613960,S2-197185269,S2-269098468,S2-41086033,S2-468427870,S2-490376970,S2-516243741,S2-605726696,S2-783703941,S2-802095609,S2-847014050,S3-503895482,S3-773498036,S3-867447121
S1-82052314	
S1-86601983	
S1-443748781	
S1-845800539	
S1-985914328	
S1-824656030	
S1-925582325	
S1-496192861	
S1-556128240	
S1-635183311	
S1-791501715	
S1-283000275	
S1-140158038	
S1-629666254	
S1-684782106	
S1-240355009	
S1-388339477	
S1-960075260	
S1-909517159	
S1-946429473	
S1-602986514	
S1-328054308	
S1-827160878	
S1-744024740	
S1-226482245	
S1-901704769	
S1-539816535	
S1-121003120	
S1-420420899	
S1-219430098	
S1-150339426	
S1-805709182	
S1-62991438	
S1-417527802	
S1-770661835	
S1-293290827	
S1-855864348	
S1-987177000	
S1-90498556	
S1-411530807	
S1-380365015	
S1-204087465	
S1-892144707	
S1-332193586	
S1-699837409	
S1-187604572	
S1-259050512	
S1-842490845	
S1-164382704	
S1-681517300	
S1-883678665	
S1-326561237	
S1-186331940	
S1-490111159	
S1-145947698	
S1-619065768	
S1-170971066	
S1-159144598	
S1-997118704	
S1-720495668	
S1-318455238	
S1-270346072	
S1-64910966	
S1-169686814	
S1-652781245	
S1-203642982	
S1-191038093	
S1-804350244	
S1-339282773	
S1-686304155	
S1-665160949	
S1-374282739	
S1-610189792	
S1-835307961	
S1-415088504	
S1-429706040	
S1-696488558	S3-274028520
S1-684530433	
S1-255491168	
S1-518885310	
S1-111438665	
S1-146075099	
S1-159307023	
S1-984076006	
S1-909690855	
S1-964413155	
S1-495251808	
S1-565220047	
S1-239274275	
S1-118823973	
S1-867666145	
S1-530370499	
S1-495897370	S3-168912133,S3-542824123
S1-764485579	
S1-191253821	
S1-351666671	
S1-471397710	
S1-563524141	
S1-533966163	
S1-941084245	
S1-800062263	
S1-277503061	
S1-44260215	
S1-283908626	S2-892097492
S1-110743850	
S1-92106190	S2-188368209,S3-409513890
S1-396316836	
S1-816456030	S2-601786928
S1-51073312	
S1-3899933	
S1-500355887	
S1-367452854	
S1-899620346	
S1-137941609	
S1-924389500	
S1-870244354	
S1-875291789	S2-916275993
S1-604422523	
S1-937713903	
S1-696967819	
S1-178698122	
S1-75434501	
S1-864818309	
S1-336594371	
S1-291765206	
S1-21663585	
S1-517512784	
S1-964199956	
S1-671492101	
S1-791683051	
S1-285122723	
S1-223392271	
S1-258881649	
S1-264399643	
S1-807416266	
S1-242351266	
S1-285379886	
S1-661686909	
S1-802699160	
S1-406086671	
S1-149415	
S1-468246271	
S1-335266359	
S1-107172777	
S1-307884066	
S1-466688559	S2-3559692
S1-303233025	
S1-335532772	S3-250819391
S1-570562861	
S1-41981161	
S1-400409484	
S1-641034195	
S1-577404798	
S1-724464236	
S1-447800388	
S1-233678249	
S1-947141490	S2-521485245
S1-654057712	
S1-515782546	
S1-481006949	
S1-669364846	
S1-3837336	
S1-851936852	
S1-336997017	
S1-98374529	
S1-170515127	
S1-804365107	
S1-986419317	
S1-553551831	
S1-637275926	
S1-45233200	
S1-664813659	
S1-775121019	
S1-773263657	
S1-285472908	
S1-820425672	
S1-566895740	
S1-301248047	
S1-848585443	
S1-111721426	
S1-360360261	
S1-832801127	
S1-147483555	
S1-21795252	
S1-363186224	
S1-93510997	S2-470144907
S1-48512030	
S1-639154373	
S1-15488125	
S1-949114671	
S1-114863280	
S1-581616173	
S1-226157044	
S1-343069246	
S1-49803460	
S1-636005677	
S1-200577697	
S1-246333298	
S1-111046953	
S1-366265347	S2-461662527
S1-892118636	
S1-432202682	
S1-732245588	
S1-328188633	
S1-173333338	
S1-962539531	
S1-98244234	
S1-360250378	
S1-184657807	
S1-871500729	S2-548973387
S1-158496882	
S1-639447440	
S1-95190982	
S1-700068781	
S1-141646549	
S1-960226816	
S1-390905663	
S1-981030823	
S1-466926612	
S1-540834105	
S1-952536981	
S1-119200352	S2-773388064
S1-696825184	
S1-23072316	
S1-558371246	
S1-409545526	
S1-843543737	
S1-159131189	
S1-816511606	
S1-712445521	S2-611759661,S3-130647528
S1-854766037	
S1-770620606	
S1-411863439	
S1-862802895	
S1-101798575	S2-109732431
S1-608433406	
S1-456976486	S3-432037879
S1-688768597	
S1-953484687	
S1-680126614	
S1-942922367	
S1-128326078	
S1-314570817	
S1-288880499	
S1-726480923	
S1-621027254	
S1-35772602	
S1-176408208	
S1-684465830	
S1-214846198	
S1-809201421	
S1-552319800	
S1-685938520	
S1-987824457	
S1-389349338	
S1-251480915	
S1-806728469	
S1-59157369	
S1-243673399	
S1-938630853	
S1-762731083	
S1-516541080	S2-242881491,S3-630458453
S1-621179361	
S1-347744602	
S1-114326138	
S1-371240396	
S1-112148559	
S1-285168520	
S1-254497257	
S1-954677526	
S1-105372862	
S1-564866482	
S1-490902696	
S1-652706057	
S1-570119706	
S1-567544424	
S1-443920030	
S1-386171831	
S1-96265911	
S1-440671700	
S1-514534031	
S1-173580611	
S1-299133393	
S1-804273649	
S1-312264685	
S1-11751307	
S1-479571451	
S1-218543653	
S1-487830445	
S1-263644551	
S1-990305616	S2-123007061,S2-207217799,S2-256621857,S2-329405096,S2-404142853,S2-574584543,S2-597397985,S2-63082253,S2-703722492,S2-847933753,S2-910325046,S2-920233551,S2-984363671,S3-148156789,S3-814880158
S1-584505748	
S1-412298116	
S1-333865325	
S1-438724017	
S1-51274638	
S1-412239690	
S1-922000746	
S1-360857504	
S1-686048906	
S1-525673653	
S1-104177373	
S1-131306278	
S1-258873163	
S1-769037367	S2-775529164
S1-408595625	
S1-808788964	
S1-109010284	
S1-685197835	
S1-928691855	
S1-454047468	
S1-614444153	
S1-499278132	
S1-280133949	
S1-210695213	
S1-304773363	
S1-831889889	
S1-71997356	
S1-565592396	
S1-476548061	
S1-330881190	
S1-330732904	
S1-457092811	S3-138738397
S1-599021966	S2-338475082
S1-90212545	
S1-975912820	
S1-328597151	S2-269098468,S2-39765864,S2-41086033,S2-468427870,S2-605726696,S3-503895482,S3-648942348
S1-592640306	
S1-731020320	
S1-868821125	
S1-99395549	
S1-390661575	
S1-657556258	
S1-884388517	
S1-817710367	
S1-889270885	
S1-876169333	
S1-117693814	
S1-344524466	
S1-37331259	
S1-863414643	
S1-320853581	
S1-94798791	
S1-936127353	
S1-144554169	
S1-979061654	
S1-711745993	
S1-340714678	
S1-399964638	
S1-654683280	
S1-285869868	
S1-595952055	
S1-429735255	
S1-174983028	S3-910057378
S1-682407944	
S1-969752643	S2-794194182
S1-166394238	
S1-295501945	
S1-782216401	
S1-105435155	
S1-573235534	
S1-811620866	
S1-910713711	
S1-420534851	
S1-604167755	
S1-471861789	
S1-338922679	
S1-317490422	
S1-208977976	
S1-61880708	
S1-864896190	
S1-118297641	
S1-190082796	
S1-386811696	
S1-492816109	
S1-558760531	
S1-767412767	
S1-277288096	S2-411715660
S1-76475730	
S1-685985882	
S1-603947722	
S1-48439574	
S1-241924189	
S1-899716144	
S1-133846307	
S1-546828924	
S1-459938135	
S1-67488361	S2-634410066
S1-389516759	
S1-254317928	
S1-333531364	
S1-413834304	
S1-577942789	
S1-348701983	
S1-557695070	
S1-819308733	
S1-968335650	
S1-911139874	
S1-590330954	
S1-733905710	
S1-626632458	
S1-852731496	
S1-185568429	
S1-182038853	
S1-948695904	
S1-895022659	
S1-215047937	S3-719164095
S1-897392225	
S1-616248316	
S1-682584562	
S1-996495007	
S1-954111562	
S1-963843548	
S1-300087041	
S1-20119050	
S1-624416677	
S1-259445800	
S1-475645762	
S1-614229522	
S1-246236519	
S1-735804430	
S1-964184737	
S1-237157765	
S1-50280144	
S1-825133051	
S1-853713106	
S1-960257089	
S1-641116251	
S1-657747735	
S1-192768469	
S1-764685070	
S1-445110944	
S1-372199692	
S1-164475327	
S1-908769607	
S1-739926652	
S1-145805458	
S1-302309579	
S1-177362307	
S1-92565758	
S1-521514720	
S1-375781977	
S1-564067231	
S1-122702635	
S1-326443686	
S1-537778248	
S1-974113990	
S1-961893920	
S1-1781977	
S1-846073830	
S1-985095269	
S1-178011126	
S1-800426756	
S1-549949512	
S1-779897272	
S1-817009482	
S1-654117207	
S1-806958555	
S1-71913224	S3-385977150
S1-778943814	
S1-74973468	
S1-203222207	
S1-222576396	
S1-511472281	
S1-391376308	
S1-598574734	
S1-373591730	
S1-374512156	
S1-876526166	
S1-360782097	
S1-824735051	
S1-279995054	
S1-493121031	
S1-588650675	
S1-770237852	
S1-615636098	
S1-551494498	
S1-703105567	
S1-530647939	
S1-360686992	
S1-933274872	
S1-104828480	
S1-249407891	
S1-483220815	
S1-513325365	
S1-969381078	
S1-210113077	
S1-213060910	
S1-883624674	
S1-816747936	
S1-105184515	
S1-59856166	
S1-543515480	
S1-644163276	
S1-370170983	
S1-66967966	
S1-104708779	
S1-161422700	S3-779782318
S1-633835608	
S1-429753020	
S1-811557628	
S1-410303200	
S1-967565058	
S1-295995914	
S1-826062135	S2-531447111
S1-594077168	
S1-314814047	
S1-690629459	
S1-610762789	
S1-980381848	
S1-996057718	
S1-323481834	
S1-19185012	
S1-21139589	
S1-641033438	
S1-43311905	
S1-169673749	
S1-695365809	
S1-32849583	
S1-339771346	
S1-892667950	
S1-168823282	
S1-453799660	
S1-860672888	
S1-549535900	
S1-80886496	
S1-808897043	
S1-918052932	
S1-841157255	
S1-53954274	
S1-581862125	
S1-474380680	
S1-857683443	
S1-381207404	
S1-652436387	
S1-528514295	
S1-363271459	
S1-754448403	
S1-679228094	S2-611759661,S3-130647528
S1-774701345	
S1-589677408	
S1-874256075	
S1-455516796	
S1-387316108	
S1-24819151	
S1-633730513	S2-165743854
S1-445399630	
S1-25472881	S2-510757616,S3-197008620
S1-95589665	
S1-173723384	
S1-263736191	
S1-470414227	
S1-607687008	
S1-452101447	
S1-636882123	
S1-887587081	
S1-808771479	
S1-207037956	
S1-234258540	
S1-886308872	
S1-927604303	
S1-646582409	
S1-425700498	
S1-269094020	
S1-938607067	
S1-591916393	
S1-758031698	
S1-807846419	
S1-443938296	
S1-64009013	
S1-446937095	
S1-202971515	
S1-214155778	
S1-669366119	
S1-893196159	
S1-423015582	
S1-105285090	
S1-852049562	
S1-826947884	
S1-158611225	S3-967715484
S1-770553797	
S1-395852693	
S1-565612231	
S1-764845773	
S1-182744713	
S1-472042760	
S1-116568972	
S1-125185966	S2-105890899
S1-725106374	
S1-992290152	
S1-850128513	
S1-906204495	
S1-941370944	
S1-639336230	
S1-878864051	S3-67348889
S1-538728294	
S1-953576742	
S1-305312467	
S1-835707063	
S1-987623746	
S1-337317777	
S1-753379137	
S1-282467932	
S1-590640641	
S1-952333431	
S1-479374555	
S1-207450543	
S1-745737405	
S1-379339884	
S1-896670126	
S1-679684506	
S1-108121729	S2-632116498
S1-834083163	
S1-374856991	
S1-598980632	
S1-388299959	
S1-274331809	S2-10443850
S1-745521838	
S1-492103941	S2-719799340
S1-420193526	
S1-747475355	
S1-574389052	
S1-312189604	
S1-229707947	
S1-446224893	
S1-644175400	
S1-301256607	
S1-91586331	
S1-514557217	
S1-747805621	
S1-283703417	
S1-568439465	
S1-835912655	
S1-229690479	
S1-649415084	
S1-596810108	
S1-948873091	
S1-613612626	
S1-853939944	
S1-612251596	
S1-56911205	
S1-565882769	
S1-5512308	
S1-314026229	
S1-204616621	S2-164531605
S1-215334954	
S1-874020774	
S1-779816876	
S1-692951594	
S1-170494760	
S1-409279367	
S1-174163637	
S1-614829711	
S1-852554569	
S1-848778861	
S1-86831449	
S1-443474688	
S1-567659248	
S1-242321849	
S1-331277483	
S1-324224897	
S1-144259759	
S1-347332139	
S1-190787296	
S1-390504396	S2-51749869
S1-880232869	
S1-724072231	
S1-25601313	
S1-338054227	
S1-688568128	
S1-792951736	
S1-97615888	
S1-526630783	
S1-156041148	
S1-656482163	S2-128548910,S2-169692904,S2-368870105
S1-810631414	
S1-75244187	
S1-412783847	
S1-283198629	
S1-744438464	
S1-582073950	
S1-989785979	
S1-826409559	
S1-6350903	
S1-613002206	
S1-497736637	
S1-187477805	
S1-438433401	
S1-678450749	
S1-373070261	
S1-924929366	
S1-829113039	
S1-829717959	
S1-242026593	S2-246748717,S2-352931738,S2-433954722,S2-543173344,S2-653042915,S2-6815110,S2-899035546
S1-267116509	
S1-163793683	
S1-239902073	
S1-110689141	
S1-312718181	
S1-48740213	
S1-862444932	
S1-64368101	
S1-946098115	
S1-571561400	
S1-24680770	
S1-293559090	
S1-161636404	
S1-240182210	
S1-837437654	
S1-390096927	
S1-473832513	
S1-291546026	
S1-160914490	
S1-934116180	
S1-947189886	
S1-166200947	
S1-987473132	
S1-951246609	
S1-870387488	S2-247738094,S2-251860012,S2-51435294,S2-829602188,S2-926387302,S2-991736902,S3-407822476,S3-462381740,S3-618110846
S1-42794157	
S1-558602560	
S1-5722684	
S1-555431049	
S1-327963806	
S1-270445530	
S1-510654323	
S1-155856709	
S1-771374967	
S1-404086942	
S1-381667623	
S1-593252264	
S1-601461180	S2-123007061,S2-329405096,S2-574584543,S2-63082253,S2-703722492,S2-847933753,S2-920233551,S2-984363671,S3-148156789,S3-244669915,S3-814880158,S3-949870446
S1-75875096	
S1-408671839	
S1-968304089	
S1-14375961	
S1-957904223	S2-497147908,S2-509943486
S1-336754973	
S1-650685595	
S1-436978432	
S1-737673774	
S1-579235858	
S1-555033002	
S1-786244578	
S1-904662477	S2-296000763
S1-86405033	
S1-798409668	
S1-182899470	S3-108536485
S1-606340262	
S1-89028667	
S1-574998987	
S1-285075797	
S1-928324441	
S1-925771825	
S1-506316765	
S1-755788622	
S1-289542659	
S1-809468806	
S1-580356497	
S1-698029778	
S1-437911726	
S1-872111138	
S1-191183710	
S1-192002586	
S1-974680432	
S1-167451269	
S1-124874499	
S1-891672231	
S1-469690240	
S1-854324821	S3-361857340
S1-697618287	
S1-849729566	
S1-941995008	
S1-647171198	
S1-415315486	
S1-162764246	
S1-345959016	
S1-540032657	
S1-295325638	
S1-315742419	
S1-573165144	
S1-781043702	
S1-808076752	
S1-954593339	
S1-545065714	
S1-360811480	
S1-851510803	
S1-930861298	S3-795352417
S1-353518674	S3-286336133
S1-149087298	
S1-373992838	
S1-999383846	
S1-646775735	
S1-49782769	
S1-850792506	S2-159813095
S1-43611399	
S1-635396841	
S1-917570390	
S1-772314896	
S1-437652102	
S1-443637694	
S1-397582577	
S1-336058318	
S1-553291967	
S1-498649058	
S1-875006412	
S1-234330675	
S1-841032872	
S1-179578645	
S1-752752638	
S1-971388588	
S1-714015474	S2-320154831
S1-246948947	
S1-200496923	
S1-722098193	
S1-267486097	
S1-602735412	
S1-968162665	
S1-379200071	S3-772648438
S1-877756517	
S1-670071036	
S1-532433818	S3-437505331
S1-562896323	
S1-512383981	
S1-862796389	
S1-714930279	
S1-369714126	
S1-843913527	
S1-558743960	
S1-661703314	
S1-734787470	
S1-404425130	
S1-429681919	
S1-741849806	
S1-117172585	
S1-932632998	
S1-508975412	
S1-862587631	
S1-719698489	
S1-996337862	
S1-900476465	
S1-818768419	
S1-117627649	
S1-866967116	
S1-395919534	
S1-289124316	
S1-409897780	S3-898541620
S1-138572933	
S1-144604261	
S1-825392900	
S1-190003535	
S1-127824239	
S1-448155653	
S1-272093691	
S1-320363601	
S1-673532767	
S1-345224325	
S1-64545906	
S1-915508113	
S1-924667824	
S1-148922824	S3-492184824
S1-748710692	
S1-408627332	
S1-171433744	
S1-401463751	
S1-957285033	
S1-551647028	
S1-982602953	
S1-922920037	
S1-5018907	
S1-740661712	
S1-327524581	
S1-501562672	
S1-761725568	
S1-794618501	
S1-840496172	
S1-694905613	
S1-699406327	
S1-731863067	
S1-751167906	
S1-210065804	
S1-552096466	
S1-710040832	
S1-447591124	
S1-893565548	
S1-684302805	
S1-363630082	
S1-804745091	
S1-388039956	
S1-497053333	S3-988816331
S1-813843518	
S1-238865816	
S1-119854313	
S1-795734491	
S1-399832439	
S1-843218046	S2-132341347
S1-641127202	
S1-404084262	
S1-417981530	
S1-712493301	
S1-824451248	
S1-204650820	
S1-117061784	
S1-131855374	
S1-33729180	
S1-535786556	
S1-193353049	
S1-699978850	
S1-253557403	
S1-553512613	
S1-75078783	
S1-897668280	
S1-636432157	
S1-913108188	
S1-310418280	
S1-935619325	
S1-42383886	
S1-761911627	
S1-792762482	
S1-625859219	
S1-772763578	
S1-340563176	
S1-212218973	
S1-499954395	
S1-933298461	S2-577204741,S3-479939272
S1-21698796	
S1-122682942	
S1-752355623	
S1-39261471	
S1-891218156	
S1-868872643	
S1-568491218	
S1-380923191	
S1-669874336	
S1-566372673	
S1-954567275	
S1-382142943	
S1-169881104	
S1-261179364	
S1-458313880	
S1-780621006	
S1-193835180	
S1-950508371	
S1-519799869	
S1-297729624	
S1-711584064	
S1-604954880	
S1-826570004	
S1-134539455	S2-270729822
S1-90580419	S2-441813094,S2-744736880
S1-242645593	
S1-518641848	
S1-731874512	
S1-727935237	
S1-547531064	
S1-391561162	
S1-640968207	
S1-818602382	
S1-889337216	
S1-609126420	
S1-620583839	S2-195567288,S2-397509680
S1-529309061	
S1-419051510	
S1-998266387	
S1-319567966	
S1-193015705	
S1-215665944	
S1-336468350	
S1-148700708	
S1-254808303	
S1-245327064	
S1-74878219	S3-729175054
S1-722901251	
S1-65167400	
S1-266776258	
S1-469907861	
S1-40901336	
S1-972215365	
S1-261624168	
S1-131585670	
S1-304455542	
S1-213731252	
S1-419824417	
S1-880170337	
S1-620299541	
S1-507546905	
S1-614353619	
S1-326901073	
S1-230128529	
S1-361526489	
S1-239074643	
S1-292532011	
S1-78718591	S3-621672729
S1-156817240	
S1-66443063	
S1-441995814	
S1-302424640	
S1-318161258	
S1-446204627	S2-284758834,S2-656156067
S1-961825483	
S1-696671826	
S1-832343410	
S1-316226605	
S1-376740136	
S1-445282828	
S1-700873649	
S1-650725852	S2-123007061,S2-329405096,S2-574584543,S2-63082253,S2-703722492,S2-847933753,S2-984363671,S3-148156789,S3-244669915,S3-788049212,S3-814880158,S3-949870446
S1-821866301	
S1-789525632	
S1-889444484	
S1-507064297	
S1-64566009	
S1-868736719	
S1-396083511	
S1-212062035	
S1-157160184	
S1-643644202	
S1-753365900	S2-58875733
S1-385349238	
S1-440355257	S3-117724627
S1-32743548	
S1-749733985	
S1-896884473	
S1-489117202	
S1-719710683	
S1-580562277	
S1-140469676	S3-118504283
S1-628079024	
S1-820976529	
S1-837211499	
S1-612648027	
S1-761764449	
S1-44686932	
S1-971312298	
S1-935785009	
S1-150018655	
S1-596963372	
S1-504458930	
S1-608023664	
S1-457860443	
S1-210334127	
S1-374996801	
S1-498271797	
S1-362915683	
S1-807878195	
S1-20099789	
S1-934197776	
S1-880523732	
S1-367566898	
S1-470337504	
S1-76453062	
S1-66518149	
S1-965862598	
S1-26763815	
S1-574906482	
S1-135206370	
S1-255749485	
S1-950900481	
S1-577097996	
S1-390314617	
S1-311386680	
S1-211412079	
S1-820443509	
S1-438507401	
S1-413540244	
S1-143035130	
S1-762869507	
S1-566458178	
S1-883469300	
S1-862786714	
S1-162767897	
S1-51593187	
S1-372003648	
S1-688403613	
S1-312220327	
S1-828163617	
S1-97428399	
S1-823914292	
S1-955703472	S2-132805742,S2-185013334,S2-530247686,S3-64079929
S1-342214435	
S1-577029191	
S1-643733422	
S1-579629650	
S1-998731582	
S1-862442658	
S1-417034649	
S1-684218008	
S1-665450045	
S1-381565765	
S1-586866647	
S1-263786086	
S1-566535377	
S1-822483790	S2-261149262,S2-60331805
S1-404738087	
S1-959249161	
S1-383703230	
S1-469971784	
S1-365209104	
S1-633637451	
S1-838868088	
S1-911975563	
S1-763240852	
S1-951132905	
S1-714482626	
S1-205680130	
S1-604788156	
S1-330882607	
S1-51568868	
S1-161678923	
S1-800082451	
S1-550217015	
S1-654673724	
S1-230841454	
S1-431339912	
S1-559173618	
S1-182484130	
S1-5180690	
S1-339888872	
S1-834910776	S3-371940136
S1-151889190	
S1-602625008	
S1-987916943	
S1-857680896	
S1-327688887	
S1-910709857	
S1-866572232	S2-288918846
S1-380839523	
S1-524991591	
S1-91653228	
S1-261313952	
S1-904919998	
S1-780298058	
S1-209633893	
S1-958020966	S2-121118512,S3-719435912
S1-9841455	
S1-533617582	
S1-891555782	
S1-538073619	
S1-227660640	
S1-800041072	
S1-304441373	
S1-524512245	
S1-483968127	
S1-464767563	S2-667429416,S3-385977150,S3-995734768
S1-328867021	
S1-830448052	
S1-783671262	
S1-37416340	
S1-600213891	
S1-467163927	
S1-755511424	
S1-823195992	
S1-798659987	
S1-138703446	
S1-616811446	
S1-904907773	
S1-104593982	
S1-837984241	
S1-109768642	
S1-958850972	
S1-194062892	S2-175196958
S1-73214651	
S1-219979181	
S1-300697335	
S1-571486090	S2-130309662
S1-21393741	
S1-253071298	
S1-217277011	S3-693324583
S1-770714432	
S1-199940104	
S1-760337506	
S1-554193392	
S1-531529604	
S1-800299448	
S1-197586769	
S1-675482176	
S1-91976209	
S1-954629265	S3-51711173
S1-517228899	
S1-957451085	
S1-410941041	
S1-939217742	
S1-874511247	
S1-512759954	
S1-332767653	
S1-41135480	
S1-905572281	
S1-596305842	
S1-625562498	
S1-303071699	
S1-345351395	
S1-870463734	
S1-81167250	
S1-555582063	
S1-898559299	
S1-606496943	
S1-608435882	
S1-117300223	
S1-452773639	
S1-778983347	
S1-313335868	
S1-713732369	
S1-625273075	
S1-43912116	
S1-912389776	
S1-828607611	
S1-853852522	
S1-137627981	
S1-117382876	
S1-159790563	
S1-41481562	
S1-8778443	
S1-205408985	
S1-819915781	
S1-591104284	
S1-184377948	
S1-838762246	
S1-959543095	
S1-30056484	
S1-210150258	
S1-244507808	
S1-415212436	
S1-640024234	
S1-254182340	
S1-750065262	
S1-535364384	
S1-308589063	
S1-596480466	
S1-1199464	
S1-94812743	
S1-538107285	
S1-375786106	
S1-495196758	
S1-87603529	
S1-544585956	
S1-868465903	
S1-736036395	
S1-157051108	
S1-231497972	
S1-432077378	
S1-838362346	
S1-785813421	
S1-434743355	
S1-417151733	
S1-694807041	
S1-346745949	
S1-908673323	S2-147440186
S1-755928690	
S1-139631999	
S1-510632575	
S1-944372295	S2-342827074
S1-183613211	
S1-365491926	
S1-831496781	
S1-51918828	
S1-107247046	
S1-737982284	
S1-631576589	
S1-477105924	
S1-23815335	
S1-204790116	
S1-95377958	S3-674162274
S1-50782388	
S1-781442044	
S1-112637146	
S1-626946904	S2-785545159
S1-975983979	
S1-816453010	S2-135512918
S1-900310549	
S1-976016746	
S1-636642267	
S1-142436410	
S1-631961722	
S1-719013191	
S1-525465390	
S1-19486194	
S1-677785476	
S1-118895076	
S1-459277768	
S1-882272229	
S1-467875762	
S1-987536198	
S1-898288944	
S1-329114112	
S1-120227377	
S1-964827259	
S1-18422006	
S1-251050125	
S1-871394946	
S1-481405661	
S1-369729545	
S1-378684093	
S1-479596151	
S1-761458957	
S1-960749662	
S1-631144096	
S1-374600895	S3-159157932,S3-288528673
S1-976490248	
S1-884510167	
S1-616428150	
S1-614984454	
S1-422984577	
S1-527128548	
S1-943111923	
S1-939432345	
S1-922972669	
S1-47965891	
S1-369289202	
S1-487731022	
S1-155945988	
S1-13317665	
S1-411052323	
S1-172156102	
S1-488662111	
S1-142851843	
S1-296070153	
S1-690590745	
S1-639108177	
S1-528617855	
S1-515723444	
S1-761389741	
S1-270464839	
S1-281460983	
S1-905780878	
S1-542946959	
S1-687074686	
S1-273987944	
S1-791835166	
S1-765300783	
S1-532701529	
S1-352000379	S2-975836913
S1-108778787	S3-135268008
S1-312366412	
S1-277373852	
S1-819390186	
S1-187225891	
S1-79834881	
S1-423428576	
S1-953089121	
S1-836157115	
S1-798268405	
S1-908290891	
S1-635874697	
S1-686159726	
S1-576589417	
S1-107315539	
S1-28354615	
S1-881076771	
S1-751351258	
S1-510661811	
S1-913989395	
S1-670987453	
S1-151553198	
S1-283473510	
S1-496992117	
S1-678976829	
S1-680394494	
S1-385023317	
S1-457815580	
S1-2815497	
S1-767166845	
S1-984206821	
S1-517522603	
S1-429152875	
S1-308663812	
S1-533733665	
S1-741674050	
S1-223883583	
S1-717230586	
S1-482081431	
S1-138699690	
S1-671607970	S2-955876497
S1-182995022	S2-185013334,S2-465593416,S2-630984437,S2-784709177,S2-791580552,S2-856031019,S3-710323041,S3-772212289
S1-698542634	
S1-384776380	
S1-325480021	
S1-95544031	
S1-95943118	
S1-511470359	
S1-728028848	
S1-992017330	
S1-451809796	
S1-784361662	
S1-769504931	
S1-859010370	
S1-946363905	
S1-703545746	
S1-812082697	
S1-152067408	
S1-91442501	S3-151689876
S1-365551789	
S1-270017894	
S1-744365167	
S1-163590604	
S1-151847619	
S1-609471126	
S1-346107909	
S1-52148376	
S1-218726754	
S1-903095121	
S1-389288724	
S1-980251106	
S1-786644079	
S1-545000707	
S1-110694443	
S1-911567833	
S1-46864813	
S1-586992255	
S1-581448296	S2-872103984
S1-229736523	
S1-789317950	
S1-603114324	
S1-340709059	
S1-919163394	
S1-928258808	
S1-200511744	
S1-659326370	
S1-568173965	
S1-627399509	
S1-705913335	
S1-140889218	
S1-213534876	
S1-876782127	
S1-929291269	
S1-243646566	
S1-252640556	
S1-548548549	
S1-500106390	
S1-137830183	
S1-303016836	
S1-328783057	
S1-428841715	
S1-929204513	
S1-865849867	
S1-306846362	
S1-809261544	
S1-48589621	
S1-743803196	
S1-989766050	
S1-348184911	
S1-44462917	
S1-404245241	
S1-44738756	
S1-707461135	
S1-199874380	
S1-997413585	
S1-444829729	
S1-433580464	
S1-386735373	
S1-399563701	
S1-102846662	
S1-536369616	
S1-866858840	
S1-295001213	
S1-613446683	S3-842012997
S1-904548637	
S1-189200688	
S1-273030698	
S1-827079140	
S1-357460298	
S1-687220359	
S1-292757293	
S1-965213144	
S1-557985889	
S1-341317096	
S1-298147723	
S1-839215053	
S1-212215245	
S1-967183788	
S1-366423665	
S1-820481044	
S1-77431634	
S1-666217739	
S1-731263139	S2-148614998,S2-410711059
S1-510994252	
S1-456674569	
S1-665467712	
S1-233411285	
S1-731463708	
S1-582968011	
S1-903722657	
S1-202746174	
S1-329201533	
S1-424809664	
S1-910603503	
S1-182746823	S2-893700456,S3-652929528
S1-812400793	
S1-41141277	
S1-72696759	
S1-746413694	
S1-431565769	
S1-924919915	
S1-637770248	
S1-667621953	
S1-312605918	
S1-901126421	
S1-800890026	
S1-181280026	
S1-740486539	
S1-304901168	
S1-422490137	
S1-227371897	
S1-64395886	
S1-223234201	
S1-22480740	
S1-623051214	
S1-877092256	S3-45826598
S1-79846356	
S1-209607849	
S1-80305640	
S1-641598012	
S1-87140180	
S1-862956217	
S1-1003329	
S1-315773989	
S1-840689099	
S1-478822991	
S1-685378485	
S1-904269008	
S1-935642004	
S1-924191545	
S1-515880095	
S1-267132745	
S1-74557868	
S1-25387904	
S1-677058762	
S1-167501248	
S1-316779291	
S1-253678533	S3-23424262
S1-462768964	
S1-522357998	
S1-892471161	
S1-833896513	
S1-554612060	
S1-138314460	
S1-363325060	
S1-514428119	
S1-178515974	
S1-969277423	
S1-673057211	
S1-717941444	
S1-656948358	
S1-718885448	
S1-628835338	
S1-234385471	
S1-501384273	
S1-77915409	
S1-819105341	
S1-135664467	
S1-871695490	
S1-75793956	
S1-677229931	
S1-157869045	
S1-592553929	
S1-519114211	
S1-942173164	
S1-278810983	
S1-896783776	
S1-677827217	
S1-323224846	
S1-388546380	
S1-612574119	
S1-652631289	
S1-737099216	
S1-674190877	
S1-754366418	
S1-322265773	
S1-669391431	
S1-561073052	
S1-369737915	S2-543173344
S1-921932204	S2-272351032
S1-711588226	
S1-809928380	
S1-66656049	
S1-620616578	
S1-294230725	
S1-628836846	
S1-184467298	
S1-435180650	
S1-408166526	
S1-892622265	
S1-143381704	
S1-403075539	
S1-406507310	S2-132805742,S2-530247686,S3-64079929
S1-7811507	
S1-38421015	
S1-254521870	
S1-382700302	
S1-721953788	
S1-461168973	
S1-803745746	S3-130647528
S1-583564284	S3-427306071
S1-564886816	
S1-491071999	
S1-734189925	
S1-578966668	
S1-47376438	
S1-850654106	
S1-848429828	
S1-892534187	
S1-484345941	
S1-162315103	
S1-685270640	
S1-773831515	
S1-949124111	
S1-769453199	
S1-771112961	
S1-831529626	S2-346644481,S2-728767898,S2-919924109,S3-117250439,S3-379835856,S3-462452716,S3-571327237,S3-660080086
S1-357774419	
S1-967124549	
S1-107901471	
S1-767983859	
S1-66457557	
S1-941486354	
S1-790641476	
S1-667445020	
S1-318268023	
S1-443231713	
S1-248175497	
S1-432014468	S2-244461000,S2-26716893,S2-327370520,S3-169993225,S3-793852803
S1-86159852	
S1-448447011	
S1-212914429	
S1-7672947	
S1-664071254	
S1-982818158	
S1-136679575	
S1-116950247	
S1-355872878	S2-654977452
S1-449335355	
S1-290909804	
S1-645136286	
S1-206784079	
S1-945206506	
S1-391797396	
S1-40707533	S3-197008620
S1-116386405	
S1-36450428	
S1-886350800	
S1-303335276	
S1-131527990	
S1-71730086	
S1-858209918	
S1-607065421	
S1-664083153	
S1-793078908	
S1-399353937	
S1-715869052	
S1-583654736	
S1-159669526	
S1-5887196	
S1-246518906	
S1-574100925	
S1-516052524	
S1-976327774	
S1-854465190	
S1-741990495	
S1-821355559	
S1-726997922	
S1-783862128	
S1-144571180	
S1-561807790	
S1-146157870	
S1-787849949	
S1-259530492	
S1-523678202	
S1-110776472	
S1-604874348	
S1-791511547	
S1-697873047	
S1-166240832	
S1-48029264	
S1-270922496	S2-863142342
S1-149336212	S3-238163431,S3-799761152
S1-453423715	
S1-796891049	
S1-714460701	
S1-170867198	
S1-394235000	
S1-278522659	
S1-640464004	
S1-443261404	
S1-345469974	
S1-320817689	
S1-80474926	
S1-967966111	
S1-94119562	
S1-355077632	S3-975756567
S1-392019207	S2-132741297,S2-441813094
S1-295996413	
S1-703871695	
S1-115837916	
S1-918821684	
S1-766854033	
S1-801144024	
S1-633081995	
S1-614651142	
S1-585960942	
S1-485645391	
S1-498051088	
S1-439892269	
S1-686124311	
S1-589929373	
S1-395562791	S3-152571144,S3-419014750
S1-798258677	
S1-98205902	
S1-871375346	
S1-978308689	
S1-293117388	
S1-328400552	
S1-461380226	
S1-890615633	
S1-31877723	
S1-917111811	
S1-315290239	
S1-736720252	
S1-265932124	
S1-182808880	
S1-166985378	
S1-406278462	
S1-135221832	
S1-875132357	
S1-786678460	
S1-927383319	
S1-895903755	
S1-472697631	
S1-450927018	
S1-5787859	
S1-955982027	
S1-409303766	
S1-269837153	
S1-102975961	
S1-416103870	
S1-386462718	
S1-686460738	
S1-472662633	
S1-38763018	
S1-944502987	
S1-939264782	
S1-505297600	
S1-59845511	
S1-307999159	
S1-586153353	S3-197008620
S1-276445955	
S1-951251123	
S1-419036013	
S1-930084659	
S1-188367178	
S1-454209166	S2-185013334,S2-343881521,S2-628890875,S3-600184329,S3-675325940
S1-751392670	
S1-955908948	
S1-99320393	
S1-856099576	
S1-872273051	S2-246748717,S2-433954722,S2-463924906,S2-543173344,S2-6815110,S2-899035546,S3-690996593
S1-648202717	
S1-672282655	
S1-15684134	
S1-636141785	
S1-56646297	
S1-584024232	
S1-605373624	
S1-863397552	
S1-486520126	S2-576380101
S1-143628659	
S1-435615773	
S1-905743382	
S1-816842032	
S1-660734330	
S1-149814754	
S1-193854764	
S1-968724193	
S1-294465598	
S1-846579493	
S1-205518882	
S1-88323763	
S1-223107582	
S1-922711219	
S1-494856427	
S1-3183219	
S1-529945944	
S1-578447597	
S1-549583266	
S1-996360454	S3-363651203
S1-889613647	
S1-383237695	
S1-882748431	
S1-296611816	
S1-899089985	
S1-812754711	
S1-897349081	
S1-244631624	
S1-716508036	
S1-513887762	
S1-781301704	
S1-159693170	
S1-576615653	
S1-132370750	
S1-888967813	
S1-256822553	
S1-431212038	
S1-278002680	
S1-728733964	
S1-803010003	
S1-884206391	
S1-887875281	
S1-170466497	
S1-980122507	
S1-897829896	
S1-624095851	
S1-440272591	
S1-530018119	
S1-865049544	S3-965737194
S1-775609376	
S1-551674793	
S1-872191607	
S1-620302664	
S1-480349112	
S1-153819599	
S1-374228844	
S1-97466615	S2-686410143,S2-765829266
S1-357508542	
S1-697190593	
S1-371891007	
S1-312206744	
S1-73165899	S3-897021307
S1-929814771	
S1-256440838	
S1-345442008	
S1-646298601	
S1-773091340	
S1-435233410	
S1-137332487	
S1-733044765	
S1-384896527	
S1-542871658	
S1-579981722	
S1-705312511	
S1-654445486	
S1-43742288	
S1-503364353	
S1-134908602	
S1-495359568	
S1-336207141	
S1-445662372	
S1-930070155	
S1-824691431	
S1-969833052	
S1-384415007	
S1-779697636	
S1-974881925	
S1-725030345	
S1-160078170	
S1-284047658	
S1-169397839	
S1-204356124	
S1-734772823	
S1-361065255	
S1-845745643	
S1-752192922	
S1-601293961	
S1-744180336	
S1-878756099	
S1-832500086	
S1-427185249	
S1-655739779	
S1-591075281	
S1-862039543	
S1-231078276	
S1-815937423	
S1-443059136	
S1-622445010	
S1-532642824	
S1-415721319	
S1-632835420	
S1-889990281	
S1-62274616	
S1-223576531	
S1-795335206	
S1-634823962	
S1-884951154	
S1-71700380	
S1-884226258	
S1-334989937	
S1-462927607	S2-730900727
S1-703742676	
S1-735512171	S3-510275599
S1-834607603	
S1-612693185	
S1-386568384	
S1-282149951	
S1-22760115	
S1-323661397	
S1-251551218	
S1-970371579	
S1-98015178	
S1-32619963	
S1-817643206	
S1-300640713	
S1-633717377	
S1-634052568	
S1-55101706	
S1-870465771	
S1-764107262	
S1-480682584	
S1-493569451	
S1-473397389	
S1-574736153	
S1-802646228	
S1-396049536	
S1-43290879	
S1-115079873	
S1-106404523	
S1-125253518	
S1-649435994	
S1-579847543	
S1-184582347	
S1-906108155	
S1-783893578	
S1-873454748	
S1-250754047	
S1-22316504	
S1-731179362	
S1-80836366	
S1-160653560	
S1-619871101	
S1-303585840	
S1-459191800	
S1-146108507	
S1-813808294	
S1-427648306	
S1-237525589	
S1-195017964	
S1-92237162	
S1-563290363	
S1-269249394	S2-172751739
S1-633921317	
S1-245975112	
S1-757256027	
S1-514114234	
S1-352442067	
S1-82581897	S3-175446583
S1-856624674	
S1-608307971	
S1-361905892	
S1-665848537	
S1-536414378	
S1-273583037	
S1-796918592	
S1-688333344	
S1-197820883	
S1-963443174	
S1-124055340	
S1-254893565	
S1-961456658	
S1-172614503	
S1-792068077	
S1-815988951	
S1-469266773	
S1-779128904	
S1-304571774	
S1-38874035	
S1-809811826	
S1-795002535	
S1-939504232	
S1-873806872	
S1-917649081	
S1-582991419	
S1-183434168	
S1-47964101	
S1-700750960	
S1-951891385	
S1-138933526	
S1-195258332	S2-510757616,S2-720833267,S3-120443833,S3-224800158,S3-582977744,S3-621306900
S1-695567556	
S1-623407955	S2-132741297
S1-882160996	
S1-387422208	
S1-238969843	S2-785893047,S2-917622023,S3-980568965
S1-646978443	
S1-303132699	
S1-34400020	S2-246748717,S2-352931738,S2-543173344
S1-415090171	S2-885169537
S1-403254705	
S1-867388492	
S1-891850329	
S1-242472808	
S1-688712530	
S1-959111027	
S1-182786597	
S1-181555868	
S1-93333622	
S1-101595575	
S1-240021789	
S1-173481003	
S1-894840825	
S1-96281368	
S1-807710468	
S1-864351452	
S1-267069688	
S1-196599224	
S1-188770720	
S1-150887893	
S1-43004924	
S1-319153537	
S1-811701340	
S1-300724088	
S1-549136215	
S1-993622808	
S1-769796518	
S1-345645361	
S1-869093321	
S1-360275054	
S1-554458511	
S1-304594538	
S1-68825373	
S1-743596504	S2-555667631
S1-570632844	S2-187119816,S2-269098468,S2-468427870,S2-802095609,S2-847014050,S3-648942348,S3-734747152
S1-1933271	
S1-504231810	
S1-42934447	
S1-855323981	
S1-967812976	
S1-31705631	
S1-92844858	S2-459969671
S1-150709464	
S1-101365640	
S1-456238888	
S1-484870103	
S1-106108358	
S1-415404890	
S1-314408270	
S1-475094043	
S1-922523820	
S1-69121186	
S1-799965570	
S1-145168737	
S1-790572502	
S1-170732972	
S1-209572413	
S1-76089910	
S1-603680408	
S1-784733916	
S1-534634933	
S1-370693839	
S1-451131987	
S1-978734310	
S1-371734056	
S1-824577967	
S1-52118313	
S1-359255961	
S1-727629484	
S1-221870901	S2-450314576
S1-265678571	
S1-555136964	
S1-710578114	S2-394313492,S2-983456926,S3-245866542
S1-161637412	S3-26418189
S1-987551773	
S1-208270903	
S1-643953392	
S1-473913492	
S1-721047692	
S1-224978422	
S1-654099754	
S1-706280609	
S1-941651741	
S1-370148514	S3-350954190
S1-208092987	
S1-75577374	
S1-660032915	
S1-922088904	
S1-865715842	
S1-14103237	
S1-954975014	
S1-773736424	
S1-148795568	
S1-7428088	
S1-840206954	
S1-997107429	
S1-125868896	
S1-601195805	
S1-125501808	
S1-756649862	
S1-737689990	
S1-167495925	
S1-935284450	
S1-226445792	
S1-41927447	
S1-961062532	
S1-120010589	
S1-875164235	
S1-496269232	
S1-786137222	
S1-788285526	
S1-398571607	
S1-32279507	
S1-915813404	
S1-424199044	
S1-834477663	
S1-972110439	
S1-358580056	
S1-791926689	
S1-928321168	
S1-610188548	
S1-97106506	
S1-679195401	
S1-869056123	
S1-632364280	
S1-778262321	
S1-249147665	
S1-484005189	
S1-693330380	
S1-706063352	
S1-230144379	
S1-74813049	
S1-930866083	
S1-712525901	
S1-860348847	
S1-74563452	
S1-644880765	
S1-447830239	
S1-226031316	
S1-911286372	
S1-205635920	
S1-933782867	
S1-40384432	
S1-759266867	
S1-874387560	
S1-818220796	
S1-718419896	
S1-486161094	
S1-740368972	
S1-969156084	S2-521485245,S2-865296385
S1-136625571	
S1-421852490	
S1-515728249	
S1-705998901	S2-132805742,S2-530247686,S3-64079929
S1-492536174	
S1-343927196	
S1-992984806	
S1-62811735	
S1-74120450	
S1-97301525	
S1-446218036	
S1-81913898	
S1-862192219	
S1-703400647	
S1-524486372	
S1-907446002	
S1-907920153	
S1-988201081	
S1-173828823	
S1-844184328	S3-236260341
S1-567978745	
S1-573553176	S2-613435235,S3-174497076,S3-437742410
S1-127742112	
S1-532113609	
S1-14386269	
S1-879040875	
S1-940363388	
S1-747185260	
S1-662713021	
S1-236728108	
S1-834851333	
S1-4637385	
S1-642479171	
S1-670009326	
S1-846858494	
S1-792302860	
S1-750322551	
S1-555178415	
S1-408438069	
S1-440087657	
S1-43421221	
S1-24020100	
S1-736043555	
S1-649516850	
S1-467326039	
S1-93935803	
S1-24450259	
S1-695857013	
S1-885045338	
S1-93395290	
S1-206345677	
S1-103113087	
S1-975258689	
S1-742830000	
S1-43128558	
S1-9495135	
S1-775903656	
S1-913570825	
S1-5915799	
S1-777701841	
S1-683101895	
S1-289123111	
S1-117149191	
S1-781822521	S3-605361955
S1-27147005	
S1-769013452	
S1-555815931	
S1-394207800	
S1-943954445	
S1-606095202	
S1-293016230	
S1-91786588	
S1-432855841	
S1-221815912	
S1-770729169	
S1-687365538	
S1-97371136	
S1-175323748	
S1-605228061	
S1-523667156	
S1-77740261	
S1-509355800	
S1-363821583	
S1-396165248	
S1-282797751	
S1-190946235	
S1-252159944	S2-865296385
S1-839566599	
S1-708104783	
S1-789919984	
S1-854615302	
S1-547828733	
S1-51645815	
S1-950921104	
S1-685591257	
S1-297345691	
S1-591856068	S2-343043341
S1-544876293	
S1-158782881	
S1-3442364	
S1-874341505	
S1-379428667	
S1-209928581	
S1-339896630	
S1-243829157	
S1-137842923	
S1-960373891	S3-651923787
S1-345474508	
S1-71684853	
S1-435270271	
S1-79854503	
S1-471433068	
S1-175002832	
S1-757364103	S2-837556268
S1-626772851	
S1-564520075	
S1-232226018	
S1-199451535	
S1-244669228	
S1-979869644	
S1-517847420	
S1-439194425	S2-504730936
S1-245727220	
S1-671873905	
S1-303659315	
S1-936230725	
S1-417678301	
S1-106983830	
S1-446647358	
S1-735704944	
S1-502623814	
S1-972499879	
S1-102079001	
S1-483614120	
S1-8031215	
S1-810081091	
S1-141162508	
S1-832434067	
S1-331217535	
S1-883104953	
S1-491807474	
S1-321622326	
S1-443692196	
S1-249915674	
S1-413494621	
S1-20960762	S2-123007061,S2-329405096,S2-574584543,S2-63082253,S2-703722492,S2-847933753,S2-920233551,S2-984363671,S3-148156789
S1-253253461	
S1-791621876	
S1-226411752	
S1-199959704	
S1-234325821	
S1-920266673	
S1-231868419	
S1-770781767	
S1-815008741	
S1-31355588	
S1-660730316	
S1-421254953	
S1-486797699	
S1-464460167	
S1-705471876	S2-244461000,S2-260368051
S1-412653622	
S1-607255171	S2-984762458
S1-986317255	
S1-422040664	
S1-839489848	
S1-745923660	
S1-733844070	
S1-880440702	
S1-150253340	
S1-976948680	
S1-305149667	
S1-126115264	
S1-922638731	
S1-56376756	
S1-649083120	
S1-783530067	
S1-361696231	
S1-500300515	S2-153306127,S2-795608900
S1-703843910	S2-681505388
S1-964005393	
S1-435894551	
S1-938331135	
S1-5807235	
S1-991684701	
S1-633819049	
S1-221396167	
S1-888762845	
S1-449928189	
S1-545318836	
S1-189712238	
S1-662353969	
S1-501688582	
S1-628785009	
S1-803047943	
S1-597846132	S3-421152062
S1-670133618	
S1-875518517	
S1-42184974	
S1-240974452	
S1-768639605	
S1-894893568	
S1-845816361	
S1-608473576	
S1-947722782	
S1-767436816	
S1-983768996	
S1-116879372	
S1-849951077	
S1-560617872	
S1-134190047	
S1-708346245	
S1-118023553	S2-13072938,S3-174497076,S3-197081371,S3-233941087,S3-280541618,S3-43056314
S1-236116439	
S1-569351229	
S1-448170533	
S1-905153032	
S1-606541294	
S1-69212001	
S1-173530657	
S1-596086129	
S1-801972688	
S1-139202638	
S1-384816004	
S1-462068935	
S1-116634307	
S1-608900806	
S1-38407018	
S1-888654962	
S1-314127486	
S1-654566814	S2-824268520
S1-521058970	
S1-30029028	
S1-209018514	
S1-525066936	
S1-898457587	
S1-77082844	
S1-990524889	S2-342016797
S1-850850514	
S1-489472209	
S1-588758945	
S1-504893160	
S1-762245645	
S1-59105924	
S1-32105344	
S1-861815683	
S1-64882111	
S1-220284060	
S1-977856505	
S1-268774832	
S1-458748737	
S1-81849952	
S1-450987605	
S1-57939294	
S1-374183088	
S1-493019698	
S1-919542557	
S1-889908166	
S1-268974686	
S1-345413641	
S1-626430096	
S1-41012984	
S1-223682819	
S1-93698957	S3-536987421
S1-147573110	
S1-302129315	
S1-107087457	
S1-326797266	
S1-157392407	
S1-214881685	
S1-659907016	
S1-288735829	
S1-373090501	
S1-56430926	
S1-991080241	
S1-833865750	
S1-715838591	S2-679498830
S1-909733757	
S1-5968238	S2-96973285
S1-781324376	
S1-808994488	
S1-13397989	
S1-846667939	
S1-434488299	
S1-729036003	
S1-602499019	
S1-105483670	
S1-328489009	S3-152571144,S3-419014750
S1-965216594	
S1-530651833	
S1-551243313	
S1-505374084	
S1-122859669	
S1-396903173	
S1-566504299	
S1-990118667	
S1-750543778	
S1-794467657	
S1-508083405	
S1-829635423	
S1-919796365	
S1-313997790	
S1-873636423	
S1-931235159	
S1-204845088	
S1-599442211	
S1-91431863	
S1-915357918	
S1-813194464	
S1-204788889	
S1-68261626	
S1-773756737	
S1-617268529	S3-768163794
S1-615016386	
S1-323431509	
S1-367194017	
S1-768787186	
S1-131723580	S2-269834071
S1-526959090	
S1-164417968	
S1-940092963	
S1-784758177	
S1-617199957	
S1-859936710	
S1-41309510	
S1-943791004	
S1-817514332	
S1-906293026	
S1-606990022	
S1-775516686	
S1-455352861	
S1-328092503	
S1-549936639	
S1-953172167	
S1-824186363	
S1-455730345	
S1-311837394	
S1-333299249	
S1-318063804	S2-849969528,S3-120110590
S1-644869098	S3-771413437
S1-981534656	
S1-62609147	
S1-805165080	
S1-147327030	
S1-28749103	
S1-729312470	
S1-677608761	
S1-29416774	
S1-197138244	
S1-811345719	
S1-446518119	
S1-977392913	
S1-233247951	
S1-742406243	
S1-944492378	
S1-669808782	
S1-472970454	
S1-513785589	
S1-880695808	
S1-344760396	S2-685825527
S1-919494889	
S1-851430090	
S1-738528515	S2-239728422
S1-700593483	S2-12319116
S1-87915331	
S1-761633467	
S1-499595165	
S1-533428292	
S1-46081984	
S1-910901672	
S1-433828099	
S1-602728056	
S1-282586383	
S1-159031607	
S1-934213406	
S1-568110508	
S1-315692962	
S1-622531881	
S1-71715577	
S1-67500151	
S1-568861376	
S1-430468	
S1-162042221	
S1-173253323	
S1-755929982	
S1-291394404	
S1-295785674	
S1-310744525	
S1-146194885	
S1-971799793	
S1-302609358	
S1-532902348	
S1-618589767	
S1-145244508	
S1-788958742	
S1-28857135	
S1-133835714	
S1-517573728	
S1-754769540	
S1-884976770	
S1-111832178	
S1-582914205	
S1-105615634	
S1-882239553	
S1-743479774	
S1-138450498	
S1-947145226	
S1-649472298	
S1-673111269	
S1-54698506	
S1-743129378	
S1-137041355	
S1-766963084	
S1-869429119	
S1-419643152	
S1-664084177	
S1-337209463	
S1-805012419	
S1-830852705	
S1-288143488	
S1-531397519	
S1-343969867	
S1-522899037	
S1-226137954	
S1-392255507	
S1-362630108	
S1-992224535	
S1-158058813	
S1-828671105	
S1-924404213	
S1-307539195	
S1-348835936	
S1-791107718	
S1-755177677	
S1-984832675	
S1-300413451	
S1-758266715	
S1-810358164	
S1-914196093	
S1-931071060	
S1-244217813	
S1-744684634	
S1-118032722	S3-170859479
S1-22006965	S2-198519159,S3-886775547
S1-704786083	
S1-341739603	
S1-98277599	
S1-535288069	
S1-157293251	
S1-247878451	
S1-147072538	
S1-833443479	
S1-169895872	
S1-823391420	
S1-531624720	
S1-1562489	
S1-489946991	
S1-894671098	
S1-968318438	
S1-861452036	
S1-366281221	
S1-231367086	
S1-491885942	
S1-380823624	
S1-418921104	
S1-320034874	
S1-503782308	
S1-559472422	
S1-305576526	
S1-330390181	
S1-235454626	
S1-705033076	
S1-915222026	
S1-633615851	
S1-907303822	
S1-679378731	
S1-392396827	
S1-925553091	
S1-608920277	
S1-168067450	
S1-125223290	
S1-187548728	
S1-758896104	
S1-118963217	
S1-402718954	
S1-149998886	
S1-939205238	
S1-272551984	S2-45690361
S1-489970368	
S1-349204291	
S1-929526061	
S1-301696751	
S1-111657124	
S1-139660891	
S1-648819744	
S1-796542178	S2-780499094,S2-840906265
S1-484742642	
S1-870906591	
S1-19599747	
S1-792655752	
S1-108564111	
S1-326840149	
S1-977170518	
S1-840277106	
S1-374179989	
S1-931799006	
S1-903543283	
S1-550807015	
S1-856254754	
S1-705105566	
S1-306704055	
S1-883389753	
S1-555145690	
S1-600130731	
S1-861428110	
S1-205807669	
S1-496785892	
S1-875368670	
S1-790497422	
S1-599260372	
S1-632916306	
S1-1465150	
S1-946249455	
S1-301779390	S3-778566545
S1-696012592	
S1-495461451	
S1-531429447	
S1-257304960	
S1-718916971	
S1-985089500	
S1-699937871	
S1-164529973	
S1-65661586	
S1-285051224	
S1-564315032	S2-470144907,S2-544544353,S3-580687677
S1-669052408	
S1-405024916	
S1-903299646	
S1-869023774	
S1-124180457	
S1-19376554	
S1-98141491	
S1-325220800	
S1-609289790	
S1-895169541	
S1-200317444	
S1-473891818	
S1-563062054	
S1-902053698	
S1-537442380	
S1-981430238	
S1-642986847	
S1-264793233	
S1-896033447	
S1-373044798	
S1-446327791	
S1-64316515	
S1-578710658	
S1-895830679	
S1-289044809	
S1-966663533	
S1-121591759	
S1-979150395	
S1-481992252	
S1-834631152	
S1-29625146	
S1-237639161	
S1-287817790	
S1-676611499	
S1-766372840	
S1-924239520	
S1-163915399	
S1-328702748	S2-289561899
S1-630880835	
S1-609934914	
S1-393078464	
S1-127253226	
S1-761785108	
S1-920363841	S2-649835438
S1-711277680	S3-808671915
S1-922322255	
S1-281779814	S3-282452546
S1-884771216	
S1-778291309	S2-158763449
S1-738186152	
S1-9100061	
S1-207172866	
S1-704054129	
S1-893531633	
S1-467578464	S2-991126155
S1-725307510	
S1-110970990	
S1-951076933	
S1-767300127	
S1-48311445	
S1-47672559	
S1-41694649	
S1-882557615	
S1-700173985	
S1-985506538	
S1-539390466	
S1-735057866	S3-538366786
S1-43427451	
S1-392227007	
S1-69608058	
S1-154843851	
S1-626841930	
S1-280501083	
S1-745318304	
S1-2369368	
S1-166056553	
S1-120584278	
S1-98538797	
S1-58326913	
S1-376343573	
S1-163404360	
S1-387536016	
S1-93803470	
S1-154699286	
S1-539891932	
S1-208919353	
S1-767962903	
S1-509613074	
S1-980914895	
S1-17402170	
S1-951289326	
S1-295062419	
S1-909347851	
S1-96395358	
S1-549886508	
S1-201607747	
S1-7396999	
S1-446209965	
S1-545922302	
S1-981475205	
S1-607934845	
S1-30069153	
S1-890332556	
S1-13298404	
S1-891611186	
S1-97545440	
S1-661321650	
S1-854213789	
S1-913588536	
S1-769592458	
S1-151009638	
S1-578734855	
S1-467583485	
S1-111601670	
S1-620948329	
S1-963387186	
S1-941013992	
S1-383038622	
S1-855187685	
S1-969388696	
S1-583424041	
S1-999526129	
S1-891965077	
S1-812901833	
S1-229721249	
S1-165140537	
S1-489751242	
S1-336986633	
S1-915210069	
S1-24331355	
S1-698415483	
S1-715230847	
S1-502725889	
S1-693295820	
S1-8298280	
S1-851260441	
S1-631341906	
S1-653476433	
S1-804583153	
S1-336939092	
S1-25762315	
S1-109264271	
S1-965543026	
S1-761336713	
S1-282377091	
S1-16597889	
S1-830079600	
S1-264915241	
S1-699219302	
S1-705982500	
S1-451896424	
S1-980786601	
S1-825383246	
S1-261030063	
S1-654196584	
S1-431181887	
S1-609210005	
S1-741875479	S2-325493098
S1-73668528	
S1-723359339	
S1-45220198	
S1-403967411	
S1-230345343	
S1-277951823	
S1-991802694	
S1-874901408	
S1-730752397	
S1-504557084	
S1-542371248	
S1-650165283	
S1-255945601	
S1-987934312	
S1-11900068	S3-622126618
S1-148525900	
S1-665668227	
S1-754070210	S2-521416591
S1-625821342	
S1-447859076	
S1-899889229	
S1-157576993	
S1-945813404	S3-329856839
S1-281092534	
S1-517967840	
S1-13974687	
S1-160550249	
S1-771377385	
S1-653358745	
S1-765854900	
S1-34991871	
S1-795438414	
S1-484859018	
S1-90353053	
S1-235458889	
S1-759122482	
S1-215087690	
S1-190664381	
S1-985186154	
S1-653138187	
S1-59093808	
S1-754944134	S3-537370920
S1-134900814	
S1-217712952	S2-934504216
S1-407850764	
S1-868710049	
S1-733063466	
S1-606406317	
S1-330066647	
S1-215901625	
S1-643758988	
S1-123786518	
S1-194235532	
S1-54084239	
S1-202417533	
S1-416194432	
S1-457306918	
S1-826561309	
S1-55583085	
S1-275184849	
S1-854115931	
S1-982536480	S2-124769544
S1-473483801	
S1-66764569	
S1-824176803	
S1-121455448	
S1-545748288	
S1-255491027	
S1-353203321	
S1-919868584	
S1-566388343	
S1-141488629	
S1-799736418	
S1-845773439	
S1-205874774	
S1-184187934	
S1-11669785	
S1-497115148	
S1-248483022	
S1-72081117	
S1-421978411	
S1-439655327	
S1-299761897	
S1-77728829	
S1-715595948	
S1-635797573	
S1-284739269	
S1-351461156	
S1-635230182	
S1-155778398	
S1-272610670	
S1-779750323	
S1-149252065	
S1-368040925	S3-215290652
S1-949245386	
S1-698023404	
S1-334138033	
S1-652617400	
S1-422830193	
S1-682612877	
S1-164829989	
S1-812849354	
S1-238853142	
S1-756468436	
S1-872830377	
S1-491471567	
S1-794355382	
S1-12832098	
S1-458934109	
S1-712246487	
S1-9922596	
S1-357634844	
S1-644418352	
S1-374804939	
S1-409490549	
S1-982216219	
S1-360188132	
S1-609337975	
S1-850788979	
S1-586860555	
S1-597813259	
S1-403379581	
S1-254124328	
S1-261877612	
S1-655144461	
S1-614741551	
S1-148692081	
S1-949584345	
S1-222095721	
S1-287881127	S2-692712904,S3-191221379
S1-629338585	
S1-201665137	S2-185013334,S2-465593416,S2-630984437,S2-784709177,S2-791580552,S2-856031019,S3-710323041,S3-772212289,S3-808387780,S3-896343700
S1-341924577	
S1-305193451	
S1-906950910	
S1-218578456	
S1-925564007	
S1-263891488	
S1-983492431	
S1-550999692	
S1-663254255	
S1-583054828	
S1-231943936	
S1-2452833	
S1-562750354	S2-314111676
S1-816784684	
S1-491325400	
S1-549537765	
S1-558982187	
S1-536736138	
S1-701274211	
S1-320899253	
S1-263146533	
S1-25988452	
S1-941649405	
S1-403429660	
S1-706257067	
S1-450763299	
S1-434458431	S3-609589532
S1-605960592	
S1-274555650	
S1-236116394	
S1-71921054	
S1-339229914	
S1-363771784	
S1-756596710	
S1-16014180	
S1-585531107	
S1-350838771	
S1-207381716	
S1-542908654	
S1-410226685	
S1-152599071	
S1-963801866	
S1-435510447	
S1-908340005	
S1-187003117	
S1-483644287	
S1-498174944	
S1-282682825	
S1-481760523	
S1-347661872	
S1-927215184	S2-20869901,S2-790145633,S2-816390814,S3-369941843,S3-43056314,S3-489941683
S1-469695337	
S1-559326062	
S1-49194405	
S1-418354358	
S1-435751785	
S1-432220278	
S1-847304959	
S1-792122829	
S1-980179390	
S1-162046422	
S1-114820030	
S1-575923848	
S1-995739620	
S1-815266523	
S1-583719391	
S1-680422969	
S1-982430210	
S1-829538650	
S1-49487055	
S1-711286579	
S1-643371072	
S1-109482082	S3-204177143
S1-606787292	
S1-111418721	
S1-954363862	
S1-701609018	
S1-133998410	
S1-291842143	
S1-540727473	
S1-975117410	
S1-465247317	
S1-972994585	
S1-484134084	
S1-564081216	
S1-971208329	
S1-95380830	
S1-591982014	
S1-822369683	
S1-368588868	
S1-594385672	
S1-324069601	
S1-407463711	S2-272351032
S1-306455362	
S1-765887626	
S1-368116225	
S1-570538852	
S1-855891774	
S1-122397142	
S1-867206555	
S1-311224811	
S1-566037277	S3-437255659
S1-364704228	
S1-126318784	
S1-260398216	
S1-136570371	
S1-287279636	
S1-936244943	
S1-654320128	
S1-50928501	
S1-581044838	
S1-913289064	
S1-696862120	
S1-522568571	
S1-299179675	
S1-212443917	
S1-956983746	
S1-39702069	
S1-341531671	
S1-514638648	
S1-298768477	
S1-988895657	
S1-22128360	
S1-120184361	
S1-685153838	
S1-19304746	
S1-606416638	S3-921097990
S1-293464820	
S1-94868485	
S1-170067705	
S1-453259206	S3-64932814
S1-559523885	
S1-674607986	
S1-191285929	
S1-390467085	
S1-600538094	
S1-18033969	
S1-656273440	
S1-544381815	
S1-308358110	
S1-521775639	
S1-972472678	
S1-741831949	
S1-175031137	
S1-633221955	
S1-422618699	
S1-154120870	
S1-831609256	
S1-306550673	
S1-73588497	
S1-460071375	
S1-47882725	
S1-346613700	S3-155618583
S1-553451432	
S1-407543826	
S1-432803146	
S1-401587014	
S1-129015412	
S1-187137702	
S1-248022937	
S1-944586970	
S1-254252782	
S1-674336489	
S1-886779406	S3-999546977
S1-170574115	
S1-267124481	S2-464881130
S1-106771743	
S1-794023585	
S1-88030209	
S1-381622718	
S1-303673166	
S1-688554020	
S1-64618758	
S1-896733342	
S1-516405623	
S1-489417267	
S1-507920936	
S1-818431360	
S1-937289762	
S1-54913317	
S1-622508649	
S1-214703023	
S1-954783502	
S1-547731370	S3-198613787
S1-346754751	
S1-390376274	
S1-133243516	
S1-2772722	
S1-516779847	
S1-688857741	
S1-92504384	
S1-497413703	
S1-545909157	
S1-666805906	
S1-846382503	
S1-668193709	
S1-685274579	
S1-893789747	
S1-886130560	
S1-423720637	
S1-572379587	
S1-929215448	
S1-719565497	
S1-9576076	
S1-56272902	
S1-998646300	
S1-664365804	
S1-842313384	
S1-267703721	
S1-41458364	
S1-824500068	
S1-80449593	
S1-564185829	
S1-9685667	
S1-912548189	
S1-578200371	
S1-459672811	
S1-743397720	
S1-925057944	
S1-830109242	
S1-54167779	
S1-242245185	
S1-232610273	
S1-680397347	
S1-581176700	
S1-635509756	
S1-321834879	
S1-10406586	
S1-211802923	S2-476748219
S1-840308114	
S1-522296021	
S1-78993826	S2-324959905,S2-766232113,S3-917362468
S1-360028652	
S1-265998792	
S1-30319501	
S1-956120263	
S1-898458464	
S1-615279481	
S1-300782069	
S1-52463472	
S1-939147588	
S1-158376916	
S1-795761099	
S1-142819166	
S1-866350399	S2-177058161
S1-769618142	
S1-867378886	
S1-797596957	
S1-114192597	
S1-606640421	S2-800962503
S1-547534000	
S1-308910770	
S1-417239427	
S1-269399964	
S1-361884531	
S1-822188843	
S1-188084553	
S1-19379906	
S1-395299089	
S1-212966852	
S1-252659820	
S1-430168035	
S1-306180940	
S1-49410760	
S1-966661333	
S1-200716087	
S1-180930097	
S1-831132369	
S1-630084953	
S1-883480710	
S1-683088546	
S1-448777893	
S1-592342580	
S1-149515349	
S1-634043722	
S1-65748937	
S1-7519025	
S1-89763145	
S1-970797183	
S1-837018651	
S1-918939423	
S1-379959558	
S1-536269703	
S1-483608269	S2-521485245,S2-865296385,S3-293044075
S1-277682555	
S1-238527411	
S1-940460530	
S1-38324166	
S1-696138556	
S1-877623575	
S1-630870542	
S1-99976541	
S1-733716593	
S1-565018337	
S1-388703071	
S1-721210160	
S1-504865623	
S1-73448856	
S1-212503204	
S1-944975515	
S1-883280612	
S1-648042872	
S1-475016169	
S1-746833984	
S1-652199990	
S1-696552373	
S1-844472169	
S1-756239059	
S1-882820633	S2-874006051
S1-737443621	
S1-435923387	
S1-470085211	
S1-708796064	
S1-951804833	
S1-734810392	
S1-996270159	
S1-268232551	
S1-983077491	
S1-407758347	
S1-904989059	
S1-517583922	
S1-880562649	
S1-718605994	S2-203304974
S1-162005118	
S1-245338491	
S1-347304955	S2-576380101
S1-433257591	
S1-77039866	
S1-271009555	
S1-115940886	
S1-924197141	
S1-191204462	
S1-804937435	
S1-976380370	
S1-963492750	
S1-61679348	
S1-694851138	
S1-353717442	
S1-81834437	
S1-322713780	
S1-683566967	
S1-422100144	
S1-916082635	
S1-584344718	
S1-6176315	
S1-700772577	
S1-808476580	
S1-113621665	
S1-650762701	
S1-957509936	
S1-553636382	S2-693866929
S1-425112981	
S1-810413364	S3-413723202
S1-150429015	
S1-375778817	
S1-906535373	
S1-624058684	
S1-343132445	
S1-128153702	S3-334142186
S1-955826696	
S1-206288450	
S1-459997480	
S1-382495197	
S1-556167296	
S1-63069932	
S1-504605447	
S1-262710345	
S1-830916351	
S1-929043241	
S1-923907585	
S1-622805444	S2-269098468,S2-468427870,S3-235133900,S3-648942348,S3-69037052,S3-734747152
S1-113216871	
S1-264630488	
S1-785010105	
S1-687282292	
S1-502975087	
S1-26122776	
S1-410791685	S3-304960308
S1-391161654	
S1-725465768	
S1-957369278	
S1-881696640	
S1-99153364	
S1-928456033	
S1-144888915	
S1-76910546	
S1-456093748	
S1-53653088	
S1-696423394	
S1-622730569	
S1-101749571	
S1-748971924	S2-212536068,S2-346644481,S2-728767898,S2-919924109,S3-117250439,S3-371367532,S3-379835856,S3-571327237,S3-660080086
S1-774934152	
S1-440786543	
S1-880769068	
S1-716918676	
S1-805939798	
S1-528027583	
S1-288181749	
S1-591885839	
S1-641193623	
S1-634601587	
S1-476585066	
S1-351695447	
S1-26723415	
S1-127825110	
S1-21554392	
S1-283866952	
S1-809099758	
S1-730373045	
S1-363557939	S2-236077780
S1-293369394	
S1-267573754	
S1-920684376	
S1-584713181	
S1-124562584	
S1-188043091	
S1-734477636	
S1-625627233	
S1-191743763	
S1-80702440	
S1-805138706	
S1-791015722	
S1-3034086	S2-653042915,S2-803146186
S1-409693364	
S1-940462836	
S1-531256044	
S1-675506839	
S1-947780244	
S1-163288716	
S1-548035359	
S1-254171787	
S1-680999933	
S1-69879677	
S1-242906059	
S1-942590308	
S1-184877011	
S1-703364909	
S1-132534794	
S1-427807124	
S1-394792266	
S1-822464197	
S1-633947519	
S1-169243519	
S1-72117023	
S1-139035005	
S1-681006347	S3-711167582
S1-762270322	
S1-891580033	
S1-486155967	
S1-385733128	
S1-211151553	
S1-793591539	
S1-826276849	
S1-513841530	
S1-109602929	
S1-740262241	
S1-393207332	
S1-488298405	
S1-535619843	
S1-82068509	
S1-353573754	
S1-215798505	
S1-294846150	
S1-313678474	
S1-531771863	
S1-500209572	
S1-121003627	
S1-526509108	
S1-754659458	
S1-985174090	
S1-989790452	
S1-174207897	
S1-461123571	
S1-984072185	
S1-447454791	
S1-572042481	
S1-877736802	
S1-615901453	
S1-824437190	
S1-458004038	
S1-376634024	
S1-177284132	
S1-959378594	
S1-685615373	
S1-521345969	S3-140373693
S1-236809525	
S1-235988937	
S1-835421257	
S1-756618835	
S1-554255205	
S1-292962514	
S1-558026426	
S1-175577028	
S1-156155988	
S1-176821105	
S1-464437316	
S1-404130052	
S1-467443498	
S1-59698615	
S1-97780645	
S1-106392593	
S1-652223539	
S1-471191851	
S1-3688759	
S1-798488527	
S1-489019678	
S1-137272420	S2-132741297,S2-556868318,S2-743206403,S3-505897920
S1-516633516	
S1-595718745	
S1-653945564	S2-735230018
S1-586743502	
S1-845789833	
S1-122791854	
S1-328362252	
S1-137395177	S2-51749869
S1-758818726	
S1-683077560	
S1-3155703	
S1-11649991	
S1-455909284	
S1-241319251	
S1-156341855	
S1-642499653	
S1-304376511	
S1-146640796	
S1-103732050	
S1-441275216	
S1-402313188	
S1-823140269	S2-132805742,S2-530247686,S3-64079929
S1-749506088	
S1-646129962	
S1-220880742	
S1-357080297	
S1-792990600	
S1-514975801	
S1-543680502	
S1-6619419	
S1-510199538	
S1-759643002	
S1-222531432	
S1-652450631	
S1-453027716	
S1-967948446	
S1-606660356	
S1-408666505	
S1-551928614	
S1-366182800	
S1-67274094	
S1-39668750	
S1-427906778	
S1-707335939	
S1-935731103	
S1-950445542	
S1-217350578	
S1-49970887	S3-803282140
S1-408783898	
S1-91640702	
S1-812695434	
S1-755087335	
S1-960351922	
S1-692316748	
S1-894103882	
S1-468501585	
S1-345340829	S2-681250703
S1-61567313	
S1-575491232	
S1-470158504	
S1-250434564	
S1-392424478	
S1-405947950	
S1-574312992	
S1-506117460	
S1-91451901	
S1-248363989	
S1-274390429	
S1-125735165	
S1-287694004	
S1-949710835	S3-626293954
S1-183346418	
S1-113716518	
S1-104562394	
S1-396759134	
S1-722618618	
S1-996494963	
S1-477338940	
S1-47718897	
S1-201862814	
S1-957314026	
S1-236954055	
S1-890051192	
S1-151852383	
S1-511605871	
S1-606328756	
S1-365000178	
S1-308097003	
S1-9660746	
S1-442067009	
S1-61776200	
S1-731929499	
S1-445805650	
S1-657263338	
S1-468058820	
S1-715961934	S2-651613970
S1-32427824	
S1-972764627	
S1-173714122	
S1-688689151	S2-772900383
S1-349966095	
S1-283714160	
S1-642343162	
S1-628216685	
S1-740094130	
S1-951209050	
S1-453605987	
S1-151749834	
S1-678238686	
S1-911736940	
S1-860943690	
S1-115577622	
S1-604915689	
S1-185319760	
S1-797764082	
S1-985661300	
S1-551420467	S2-246748717,S2-383030202,S2-653042915,S2-739546465,S3-496513676
S1-284931543	
S1-296609415	
S1-155735686	
S1-76848780	
S1-53831036	
S1-709398662	
S1-855421935	S2-147483891
S1-682761027	
S1-398764118	
S1-687990028	
S1-861370322	S3-388660263
S1-765425314	
S1-269411720	
S1-783736876	
S1-615737510	
S1-88339941	
S1-380956709	S3-374847248
S1-759276756	
S1-679399593	
S1-846320127	
S1-212376531	
S1-963775407	
S1-387896542	
S1-668068218	
S1-197900505	
S1-729984581	
S1-12349771	S3-564464453
S1-304583077	S2-185013334
S1-713213695	
S1-382207209	
S1-737998124	
S1-758868863	
S1-365404230	
S1-491952954	
S1-545374855	
S1-909796144	
S1-327695091	
S1-286908309	
S1-396981771	
S1-387224680	
S1-53061496	
S1-565881790	
S1-871374222	
S1-901262187	
S1-513226317	
S1-567853481	
S1-114867643	
S1-450139682	
S1-481876379	
S1-573763992	
S1-138376929	
S1-290944033	
S1-904065045	
S1-507494026	
S1-519806880	
S1-253400681	
S1-916785356	
S1-730990098	
S1-990717210	
S1-837385031	
S1-882106081	
S1-216820181	
S1-144069884	
S1-110926522	
S1-416128269	
S1-625343355	
S1-74668492	
S1-484216673	
S1-459150090	S3-890405662
S1-274620655	
S1-659921257	
S1-99350508	S2-618896197
S1-111156808	
S1-748312266	
S1-652415414	
S1-403068292	
S1-258574961	
S1-407330125	
S1-807373855	
S1-796375494	
S1-342420783	
S1-549849814	S3-76317028
S1-680353787	
S1-450726678	
S1-745800315	
S1-880159289	
S1-120790947	
S1-521695973	
S1-165853308	
S1-757005380	
S1-325856791	
S1-331448469	
S1-988052695	
S1-705100003	
S1-239714939	
S1-105343352	
S1-592190752	
S1-780726234	
S1-805700691	
S1-37580428	
S1-828856755	
S1-982529022	
S1-534969703	
S1-593271220	
S1-73389722	S2-369639613
S1-703964471	
S1-695673372	
S1-922905527	
S1-649773272	
S1-16623293	
S1-494415672	
S1-24386736	
S1-694088042	
S1-422415909	
S1-758102645	S2-938740036,S3-502759398
S1-265942432	
S1-62077738	
S1-728711573	
S1-57563044	
S1-435372582	
S1-45258479	
S1-55747734	
S1-3666559	
S1-734979185	
S1-167233514	
S1-648603426	S3-151689876,S3-429454900
S1-801305533	
S1-179163792	
S1-202427552	
S1-963939432	
S1-394811146	
S1-715876273	
S1-630682762	S3-116557348
S1-139615808	
S1-369332541	
S1-854171767	
S1-139267194	
S1-901156777	
S1-189904986	
S1-318025025	
S1-852669792	
S1-449938214	
S1-3141368	
S1-651027558	
S1-195721028	
S1-747357181	
S1-935279206	
S1-363793728	
S1-986047038	
S1-956705394	
S1-573806318	
S1-273447151	
S1-560785275	
S1-286923766	
S1-191942208	
S1-366078931	S2-510757616,S3-120443833,S3-224800158,S3-582977744,S3-621306900
S1-701814625	
S1-249409813	
S1-733372293	
S1-794485034	
S1-632200657	
S1-579323628	
S1-730751591	
S1-23144914	
S1-774312698	
S1-866987603	
S1-910396622	
S1-474316625	
S1-903821304	
S1-426585673	
S1-456701379	
S1-422059951	
S1-599238175	
S1-94713967	S2-521485245
S1-490686790	
S1-376773609	
S1-457642008	
S1-678961833	
S1-634290288	
S1-329768243	
S1-839277219	
S1-366500608	
S1-114535319	
S1-919238530	
S1-223680301	
S1-323350453	
S1-167012589	
S1-354649731	
S1-886800574	
S1-620093030	
S1-62414872	
S1-907177773	
S1-990267101	
S1-636872466	
S1-864431514	
S1-1272631	
S1-774394632	
S1-820974067	
S1-903421365	
S1-28207360	
S1-278710199	
S1-962767420	
S1-343323536	
S1-928849495	
S1-167130913	
S1-974588520	
S1-140145335	
S1-766567542	
S1-516913286	
S1-340649839	
S1-837107990	
S1-55357766	
S1-619750320	
S1-667092345	
S1-401033847	S2-185013334,S2-465593416,S2-630984437,S2-784709177,S2-791580552,S2-856031019,S3-710323041,S3-772212289,S3-808387780,S3-896343700
S1-503605488	
S1-82538819	
S1-262591680	
S1-207108309	
S1-843107042	
S1-784494127	
S1-105052823	
S1-866461893	S2-725035991
S1-863195777	
S1-214069048	
S1-56240285	
S1-672150556	
S1-522040100	
S1-246709661	
S1-739806991	
S1-477142906	
S1-813249087	
S1-428085700	
S1-361472410	
S1-491917795	
S1-487227476	
S1-772107535	
S1-164888052	
S1-218884663	
S1-828024207	
S1-989261830	
S1-964896517	
S1-818820361	
S1-685307768	
S1-193141159	
S1-635896557	
S1-228345231	
S1-782880730	
S1-337805190	
S1-262299509	
S1-904128110	
S1-300639967	
S1-763454733	
S1-246770928	
S1-238171764	
S1-616418305	
S1-583673711	
S1-406756359	
S1-141791239	
S1-557170132	
S1-458047657	
S1-369459890	
S1-372486921	
S1-413090332	
S1-455827211	
S1-334296039	
S1-816116294	
S1-571893658	
S1-539669586	
S1-483660874	
S1-391934602	
S1-376256560	S3-264458010
S1-185500546	
S1-439961653	
S1-89800081	
S1-321530867	
S1-785036705	
S1-945231334	
S1-427003895	
S1-686159683	
S1-23672622	
S1-204431660	S3-885047250
S1-622770756	
S1-322095993	
S1-800697766	
S1-613801988	
S1-571157541	
S1-797959986	
S1-533825740	
S1-997124809	
S1-67822931	
S1-584868670	
S1-58245749	
S1-768940333	
S1-209915686	
S1-863268624	
S1-238903048	
S1-991793846	
S1-449754207	S2-550178936
S1-822705530	
S1-676316098	
S1-864671440	
S1-114754573	
S1-962614264	
S1-220976903	
S1-945522238	
S1-193175691	
S1-843042414	
S1-724931072	
S1-940524068	
S1-316294243	
S1-301204565	
S1-413664772	
S1-142566489	
S1-742509877	
S1-593379661	
S1-682133060	
S1-656345149	
S1-411987485	
S1-171531542	
S1-1093603	
S1-657424940	
S1-147868977	
S1-871835609	
S1-98814023	
S1-500842334	
S1-953917928	
S1-623500170	
S1-246037303	
S1-58490289	
S1-727484869	
S1-132737753	S3-479862471
S1-125088516	
S1-910697828	
S1-394187263	
S1-504125017	
S1-845130246	
S1-971112868	
S1-619939918	
S1-545706105	
S1-831176152	
S1-664189193	
S1-785446646	
S1-705035840	
S1-903135064	S2-680700700
S1-476464707	
S1-820215840	
S1-249799169	
S1-827501893	
S1-849514956	
S1-405772506	
S1-894810417	
S1-48641890	
S1-117699132	
S1-464918504	
S1-927047142	
S1-391769283	
S1-616059288	
S1-323853554	
S1-92404756	
S1-17791692	S2-225131409
S1-407575231	
S1-203791863	
S1-385526182	
S1-418535207	
S1-607222582	
S1-267220224	
S1-563103152	
S1-973930036	
S1-372332418	
S1-303928152	
S1-19935842	
S1-591540198	
S1-688211026	
S1-152325105	
S1-713679085	
S1-654584441	
S1-848080723	
S1-138140999	
S1-578017610	
S1-585665625	
S1-325890632	
S1-788601760	
S1-799279821	
S1-326275748	
S1-688031179	
S1-914095423	
S1-642094560	
S1-623663678	
S1-945491041	
S1-703120318	
S1-553847502	
S1-453956198	
S1-785552502	
S1-848588392	
S1-610310024	
S1-905380683	
S1-177697437	
S1-85780380	
S1-434795668	
S1-808250548	
S1-448845093	
S1-220755533	
S1-448416693	
S1-388322396	
S1-857005218	
S1-2581286	
S1-807245097	
S1-1000860	
S1-257770283	
S1-81090667	
S1-361090805	
S1-327556937	
S1-579404697	
S1-449228365	S2-667904515
S1-862170180	
S1-93348853	
S1-720452820	
S1-129082274	
S1-602207269	
S1-607409859	
S1-492692066	
S1-805593763	
S1-878624380	
S1-532099758	
S1-17664313	
S1-511679776	
S1-103322556	
S1-725540983	
S1-973988930	
S1-801787182	
S1-304718740	
S1-316003042	
S1-831116567	
S1-931779157	
S1-978914298	S2-506757288
S1-912234672	
S1-656701840	
S1-74299106	
S1-979678000	
S1-868341425	
S1-498030187	
S1-483192559	
S1-524396659	
S1-732722301	
S1-45056419	
S1-347290250	
S1-260107601	
S1-835017110	
S1-307715325	
S1-606890614	S2-467810451
S1-774101318	
S1-939309560	
S1-116828763	
S1-843821819	
S1-205930325	
S1-768080954	
S1-194299318	
S1-2127119	
S1-52265357	
S1-386807512	
S1-431967675	
S1-539407919	
S1-320965959	
S1-271305244	
S1-61838248	
S1-635569380	
S1-649589345	
S1-34731655	
S1-403200222	
S1-400128797	
S1-172934743	
S1-214144962	
S1-562425889	
S1-963311754	
S1-311375681	
S1-467363039	
S1-40425193	
S1-330638133	
S1-624117149	
S1-683988576	
S1-959790261	
S1-579236946	
S1-575735962	
S1-733493207	
S1-61530888	
S1-208095882	
S1-606225546	
S1-751075690	
S1-982859955	
S1-244094989	
S1-181216557	
S1-853697583	
S1-679775599	
S1-823670095	
S1-650568723	
S1-489596619	
S1-980741884	
S1-436018820	S2-653042915,S2-803146186
S1-945400167	
S1-628533522	
S1-595397204	
S1-726961155	
S1-815942388	
S1-669784758	
S1-972882904	
S1-360380148	
S1-449440315	
S1-568994707	
S1-368640459	
S1-321697539	
S1-819673884	
S1-619949581	
S1-42147375	
S1-405043754	
S1-651093068	
S1-441803193	
S1-987885729	
S1-431710417	
S1-204311554	
S1-873429415	
S1-572592723	
S1-171963637	
S1-150011007	
S1-120562350	
S1-873974987	
S1-399161211	
S1-860191500	
S1-99018223	
S1-196533518	
S1-230431969	
S1-24702440	
S1-565496330	
S1-887830675	
S1-336146589	
S1-178120881	
S1-295440391	
S1-859369298	
S1-253864695	
S1-841862046	
S1-882370188	
S1-246742106	
S1-919926688	
S1-237128903	
S1-752256076	
S1-264662339	
S1-476296698	
S1-484899106	
S1-928111000	
S1-622739170	
S1-313092560	
S1-836528942	
S1-343276481	
S1-103009954	
S1-546296203	
S1-386800537	
S1-224528780	
S1-723663783	
S1-404947572	
S1-198696510	
S1-217199028	S2-162389613
S1-322672885	
S1-678004786	
S1-288020249	
S1-480788049	
S1-797338433	
S1-267042515	
S1-581230288	
S1-963404564	
S1-868732056	
S1-340873196	
S1-128533634	
S1-973266189	
S1-767525226	
S1-991909525	
S1-851181509	
S1-947377549	
S1-552314663	
S1-58484446	
S1-587026812	
S1-788991580	
S1-384561140	
S1-625767641	
S1-713562310	
S1-667823327	
S1-155587646	
S1-399033736	
S1-57000516	
S1-349992044	
S1-148220117	
S1-107494264	
S1-737830529	
S1-812607170	
S1-580297835	S2-267134773
S1-756121562	
S1-327601978	
S1-484395319	
S1-14166331	
S1-910469508	
S1-196696019	
S1-763394791	
S1-824756495	
S1-973523978	
S1-745861464	
S1-714558667	
S1-53529705	S3-218396865
S1-362617421	
S1-761622607	
S1-533181743	
S1-880819443	
S1-966243092	
S1-223686400	
S1-741568435	
S1-618578715	
S1-755676935	
S1-188789710	
S1-665805124	
S1-389824101	
S1-84498241	
S1-155338891	
S1-137600678	
S1-247764687	
S1-475886485	
S1-339134981	
S1-305363432	
S1-580113198	
S1-772310645	S2-71850350
S1-423839028	
S1-365645706	
S1-436248974	
S1-401072592	
S1-143934377	
S1-368466145	
S1-66053546	
S1-106427766	
S1-17061052	
S1-982445711	
S1-624304580	
S1-466642925	
S1-90748999	
S1-974818267	
S1-841773858	
S1-839548657	
S1-340551945	
S1-807044777	
S1-860816114	
S1-51655684	
S1-890115156	
S1-749256481	
S1-732674623	
S1-7743030	
S1-166711257	
S1-952967711	
S1-720314998	
S1-880676028	
S1-542263412	S2-151497011
S1-478218098	
S1-257402559	
S1-270969003	
S1-136371599	
S1-173771739	
S1-577267883	
S1-221762982	
S1-320961464	
S1-876079779	
S1-232740978	
S1-972200476	
S1-206005939	
S1-806086073	
S1-736925802	
S1-205661924	
S1-287020642	
S1-388360705	
S1-582343617	
S1-124150567	
S1-600511545	
S1-212024815	
S1-253802179	
S1-73606301	
S1-60437173	
S1-621665845	
S1-818136676	
S1-102881203	
S1-451115727	
S1-703894750	
S1-628967285	
S1-636758154	
S1-759341522	
S1-797677877	
S1-373945378	
S1-854616088	
S1-255641743	
S1-676642797	
S1-389545286	
S1-613770046	
S1-249226401	
S1-447071609	
S1-584239608	
S1-60948685	
S1-330122527	
S1-364359978	
S1-423012175	
S1-641979365	
S1-580035459	
S1-660149383	
S1-85359025	
S1-704021981	
S1-797533790	
S1-521845226	
S1-409478038	
S1-583026361	
S1-275983678	
S1-54499897	
S1-606161256	
S1-972196025	
S1-141225508	
S1-369126630	
S1-776809253	
S1-532039530	
S1-917926803	
S1-625054764	
S1-830051763	
S1-372657368	S3-459247065
S1-955762844	
S1-881465409	
S1-561026546	
S1-222627657	
S1-410987583	S2-813097957
S1-151543497	
S1-686189091	
S1-727718087	
S1-824538972	
S1-8151533	
S1-790620394	
S1-764602631	
S1-775516808	
S1-767392380	
S1-238158964	
S1-336666103	
S1-297342190	
S1-539736269	
S1-893326203	
S1-532771931	
S1-816716281	
S1-23030116	
S1-795283282	
S1-427755487	
S1-950343715	
S1-538355966	
S1-812515296	
S1-15252798	
S1-406995552	
S1-75655553	
S1-29884643	
S1-936947372	
S1-589446385	
S1-689225504	
S1-428727732	
S1-783244922	
S1-342300495	
S1-974736192	
S1-249631462	
S1-625661106	
S1-685820642	
S1-948724263	
S1-565848377	
S1-341344363	
S1-339584293	
S1-930422650	
S1-981594958	
S1-453856665	
S1-697378439	
S1-362430945	
S1-531929177	
S1-544524822	
S1-433630542	
S1-151959602	
S1-927830037	
S1-737838832	
S1-998857751	
S1-645971688	
S1-314673401	
S1-297038684	
S1-4452842	
S1-354227483	
S1-782624634	
S1-899561154	
S1-581592163	S3-50425266
S1-691246520	
S1-816130143	
S1-965644819	
S1-341508902	
S1-67421888	
S1-677449366	
S1-232633385	
S1-995299745	
S1-952534025	
S1-552976390	
S1-940544897	
S1-4291220	
S1-18937231	
S1-2498325	
S1-108051199	
S1-276166194	
S1-576810008	
S1-740535776	
S1-576924053	S2-244461000
S1-521356433	
S1-309434951	
S1-222039266	
S1-891227969	
S1-404660365	
S1-105702757	
S1-837663251	S3-530861368
S1-488251536	
S1-834404530	
S1-654376309	
S1-397411687	
S1-277299348	
S1-750398527	
S1-737020329	
S1-854584546	
S1-410375554	
S1-286183086	
S1-951287833	
S1-211903618	
S1-742239630	
S1-670423712	
S1-246898737	
S1-474172468	
S1-212666793	
S1-519402359	
S1-229878421	
S1-120257856	
S1-328123445	
S1-53104117	
S1-606903911	
S1-635549866	
S1-508911481	
S1-998546534	
S1-205898677	
S1-331263490	
S1-433519735	
S1-56336458	
S1-794734893	
S1-363137256	
S1-456324806	
S1-206321284	
S1-535335009	S3-803066840
S1-849011481	
S1-998044341	
S1-258467293	
S1-640525899	
S1-22946181	
S1-354405865	
S1-812482067	
S1-776263015	
S1-155060735	
S1-927851906	
S1-974335873	
S1-576085953	
S1-403379179	S2-211902825
S1-314313970	
S1-673689735	
S1-609956550	
S1-992840998	
S1-716839492	
S1-13872609	
S1-892994195	
S1-309497646	
S1-282655341	
S1-259154838	
S1-890317821	
S1-217159340	
S1-622237830	
S1-871817739	
S1-940029616	
S1-750422883	
S1-362510664	
S1-79972364	S3-852035874
S1-495393571	
S1-970520842	
S1-973704678	
S1-152165762	
S1-739064717	
S1-612918688	
S1-960710177	
S1-875033917	
S1-590786995	
S1-292619752	
S1-841864121	
S1-931205397	
S1-873706521	
S1-227750903	
S1-231503600	
S1-77247198	
S1-204714510	
S1-247591084	
S1-770030853	
S1-807838768	
S1-219108159	
S1-365830882	
S1-350954010	
S1-154824265	
S1-643463284	
S1-916492973	
S1-963154283	
S1-254577479	
S1-968582868	
S1-476287885	
S1-9125542	
S1-171341696	
S1-556494866	S2-532542267
S1-637018984	
S1-623905324	
S1-90420029	
S1-589040166	
S1-945339250	
S1-638700984	
S1-555203963	
S1-376514218	
S1-860109807	
S1-806953532	
S1-893223647	
S1-128649503	
S1-148800563	
S1-993993919	
S1-639488106	
S1-995531689	
S1-39062731	
S1-340180621	
S1-905359429	
S1-346023938	S2-521485245,S2-865296385,S3-293044075
S1-630164874	
S1-755676543	
S1-94434336	
S1-398684559	
S1-844983693	
S1-213756070	
S1-322356058	
S1-342369506	
S1-101592947	
S1-671943517	
S1-122625388	
S1-773894755	
S1-429642306	
S1-203620524	
S1-239941039	
S1-888137547	
S1-242425753	
S1-767108685	
S1-323012769	
S1-49351152	
S1-554153653	
S1-564532721	
S1-274989890	
S1-414756298	
S1-915856500	
S1-981913063	
S1-851078563	
S1-913467757	S2-132805742
S1-716740656	
S1-872184218	
S1-397910673	
S1-812455234	
S1-435424361	S3-12553974
S1-44092796	
S1-75080006	
S1-502843275	
S1-896287273	
S1-904829237	
S1-239308059	
S1-602220469	
S1-615669384	
S1-49594513	
S1-931047043	
S1-164825517	
S1-201599452	
S1-506327612	
S1-337689059	
S1-73713774	
S1-935693703	
S1-734024072	
S1-428955588	
S1-575015928	
S1-55127961	
S1-480043670	
S1-759238212	
S1-658686803	
S1-600839044	
S1-972538785	
S1-597294797	
S1-17071382	
S1-839395721	
S1-694940338	
S1-509655691	
S1-311317640	
S1-268565426	
S1-631759366	
S1-565651623	
S1-751971106	
S1-813667913	
S1-993724567	
S1-913059484	
S1-44892030	
S1-789533696	
S1-395676828	
S1-945575032	
S1-893551894	
S1-861890924	S2-302802762
S1-421122881	
S1-283572697	
S1-539739107	
S1-470614728	
S1-395992197	
S1-319441780	
S1-609399171	
S1-702308918	
S1-327735126	
S1-184164651	
S1-959406491	
S1-901450954	
S1-398968878	
S1-888888200	
S1-286004620	
S1-233050410	
S1-875663306	
S1-407764560	
S1-296421084	
S1-527407460	
S1-749974234	
S1-326321637	
S1-23862519	
S1-398629384	
S1-868859397	
S1-400608538	
S1-255253257	
S1-188793322	
S1-439077876	
S1-192442553	
S1-301074564	
S1-792471366	
S1-705237069	
S1-747659363	
S1-909397315	
S1-840913337	
S1-883229142	
S1-673956397	
S1-260292716	
S1-284292810	
S1-100458667	
S1-529439612	
S1-418075240	
S1-683412084	
S1-330404136	
S1-359947879	
S1-778213073	
S1-392699408	
S1-254235058	
S1-429378262	S3-221559300
S1-289285142	
S1-886263734	
S1-398748722	
S1-225370519	
S1-297696743	
S1-784789349	
S1-580515006	
S1-109509053	
S1-885913121	
S1-674811963	
S1-947012550	
S1-678798264	
S1-681900471	
S1-41997215	
S1-267121178	
S1-769794016	S2-185013334,S3-591095582
S1-493095300	
S1-643529252	
S1-981737103	
S1-803209375	
S1-794799874	
S1-994933410	
S1-964948520	
S1-55321274	
S1-632662330	
S1-937813121	
S1-352970841	
S1-912709377	
S1-245147106	
S1-757932100	
S1-530066958	
S1-168732700	
S1-505554962	
S1-460131124	
S1-567120852	
S1-118765181	
S1-912796316	
S1-411572701	
S1-678448286	
S1-489500477	
S1-888276887	
S1-875848799	
S1-285662507	
S1-500072784	
S1-895014301	
S1-149839448	
S1-829753929	
S1-91095107	
S1-454197169	
S1-840240946	
S1-564575564	
S1-314710097	
S1-584575044	
S1-757541743	
S1-322563228	
S1-652191673	
S1-308886987	S2-183288904
S1-606708931	
S1-164144872	
S1-885105063	
S1-435461210	
S1-924560520	
S1-572687140	
S1-683764091	
S1-635100500	
S1-179353971	
S1-523181541	
S1-515225814	
S1-490201340	
S1-77254335	
S1-558593902	
S1-118499032	
S1-802514198	
S1-825461844	
S1-831875781	
S1-887330767	
S1-377532494	
S1-297620669	
S1-244200828	
S1-875243089	
S1-574494174	
S1-537732166	
S1-471555560	
S1-656978423	
S1-17465224	
S1-879975856	
S1-57223172	
S1-907409454	
S1-451763963	
S1-167967849	
S1-620924031	
S1-259192335	
S1-634834460	
S1-681480220	
S1-2812638	
S1-920704182	
S1-977840103	
S1-842488889	
S1-665649575	
S1-462216967	
S1-816908171	
S1-678169181	
S1-722792680	
S1-53998780	
S1-445722876	
S1-650791945	
S1-295189564	
S1-284820926	
S1-824644202	
S1-442107537	
S1-763647838	S2-379787940
S1-292837297	
S1-985585009	
S1-600820880	
S1-743062882	
S1-295574269	
S1-262015586	
S1-835287146	
S1-578666614	
S1-50478618	
S1-544806919	
S1-163575030	
S1-196113391	
S1-435378572	
S1-724648578	
S1-104563781	
S1-780141640	
S1-313449442	
S1-2861679	
S1-495335801	
S1-42398949	
S1-428225092	
S1-860348012	
S1-457875032	
S1-878589921	S2-767912318,S3-328940207,S3-561839301
S1-47628604	S3-971193868
S1-186618937	
S1-709608652	
S1-923750844	
S1-121408795	
S1-172337129	S2-649023509
S1-229551433	
S1-409314916	
S1-531629242	
S1-283924260	
S1-754512913	
S1-618317800	S3-961959093
S1-541291668	
S1-938629785	
S1-838741619	
S1-38364608	
S1-343709996	
S1-659971651	
S1-677864998	
S1-268187345	
S1-217779808	
S1-879997882	
S1-172155793	
S1-180544540	
S1-182004138	
S1-987465813	
S1-688411224	
S1-397085596	
S1-89615931	
S1-181713463	
S1-914425271	
S1-615808442	
S1-674655288	
S1-283211542	
S1-19615793	
S1-881751642	
S1-763863869	
S1-681812807	
S1-660346247	
S1-97290035	
S1-190495208	
S1-966940004	
S1-250671669	
S1-659991995	
S1-14649542	
S1-930469299	
S1-666890430	
S1-169357041	S2-620563082
S1-277523695	
S1-772401751	
S1-840337581	
S1-328930634	
S1-600909592	
S1-104559742	
S1-833298947	
S1-591619196	
S1-714739420	
S1-8776724	
S1-303640999	
S1-262712270	
S1-55854657	
S1-139313020	
S1-583353720	
S1-340023853	
S1-562653979	
S1-795392989	
S1-67058303	
S1-835788649	
S1-683058912	
S1-63370345	
S1-272185355	
S1-746310321	
S1-705512612	
S1-167113390	
S1-997168569	
S1-600151018	
S1-922683532	
S1-427007226	
S1-827885548	
S1-998120448	
S1-79117403	
S1-28815151	
S1-33411011	
S1-880000044	
S1-400328314	
S1-874289560	
S1-154412769	
S1-972000573	
S1-72848895	S2-765834139
S1-59651874	
S1-104742242	
S1-974799427	
S1-347778122	
S1-974749319	
S1-674010052	
S1-430317941	
S1-517438341	
S1-114325004	
S1-638683502	
S1-638202451	
S1-979716315	
S1-927121190	
S1-382962447	
S1-274734712	
S1-350716760	
S1-197166237	
S1-663650253	
S1-397150337	
S1-543454328	
S1-241690126	
S1-632423646	
S1-656944931	
S1-564226259	
S1-346283474	
S1-247789935	S3-283993670
S1-128976250	
S1-732923773	
S1-996541722	
S1-191392769	
S1-34962416	
S1-344592095	
S1-925051267	
S1-652793002	
S1-66644784	
S1-210804537	
S1-33390015	S2-906190563,S3-757454518
S1-70073025	
S1-589940231	
S1-788464600	
S1-117283241	
S1-435647429	
S1-628069451	S2-528698002,S3-540446630
S1-863212369	
S1-66586329	
S1-535550395	
S1-282747902	
S1-9928786	
S1-671455420	
S1-274711504	
S1-731473521	S2-938799208
S1-589393876	
S1-22542909	
S1-412601085	
S1-105467955	
S1-831676564	
S1-314696193	
S1-319014881	
S1-197145610	
S1-552516571	
S1-967455790	
S1-338547351	S2-247292535
S1-109281277	
S1-812875139	
S1-717359762	
S1-181209168	
S1-527948063	
S1-898208732	
S1-743191471	
S1-143327717	
S1-527799488	
S1-6532692	
S1-351638023	
S1-834383146	
S1-568369486	
S1-11427949	
S1-171242907	
S1-516282300	
S1-380411505	
S1-810213821	
S1-587585381	
S1-824739415	
S1-844762778	
S1-85739483	
S1-211444382	
S1-907864636	
S1-941852875	
S1-433237094	
S1-795675146	
S1-955455057	
S1-425686812	
S1-680727271	
S1-233765034	
S1-318653607	
S1-834011538	
S1-439540751	
S1-474367225	
S1-982546574	
S1-557731525	
S1-707146345	
S1-735111785	
S1-556009808	
S1-417900567	
S1-541852589	
S1-308634629	
S1-237934391	
S1-914535780	
S1-292061736	
S1-380723472	
S1-932338818	
S1-59055688	
S1-342347788	
S1-447404905	
S1-51870955	
S1-428921378	
S1-628957275	
S1-976275634	
S1-235275941	
S1-723397452	
S1-769149311	
S1-50043003	
S1-851885891	
S1-168518815	
S1-234892352	
S1-333560202	
S1-395332528	
S1-421232429	S2-513893410
S1-170712640	
S1-131593499	
S1-180418005	
S1-443613066	
S1-805457529	
S1-282375156	
S1-324967521	
S1-260874498	
S1-792392625	
S1-722474298	
S1-968673479	
S1-960040925	
S1-476584456	
S1-822742312	
S1-651008192	
S1-834985675	
S1-627140866	
S1-648738636	
S1-554230047	
S1-880411765	
S1-801234361	
S1-201725704	
S1-985133576	
S1-402661612	
S1-801688739	
S1-653854649	S2-246748717,S2-543173344,S2-776060227
S1-652452798	
S1-830291295	
S1-787256966	
S1-641102112	
S1-402593716	
S1-239185150	
S1-779509223	
S1-293878094	
S1-83078959	
S1-357346439	
S1-827600201	
S1-759059268	
S1-262017177	
S1-778793992	
S1-285677907	
S1-82752897	
S1-795811840	S3-766290333
S1-672839719	
S1-834309274	
S1-702542484	
S1-649242596	
S1-265061523	
S1-172028815	
S1-891961173	
S1-319722122	
S1-653752196	
S1-499676704	
S1-619462886	
S1-20261695	
S1-669411913	
S1-955634680	
S1-197900244	
S1-464185111	S3-57269206
S1-651750472	
S1-185454977	
S1-118294897	
S1-254253662	
S1-964268775	
S1-480769625	
S1-423576606	
S1-443996797	
S1-482702035	
S1-200982215	
S1-507733714	
S1-689562331	
S1-370047420	
S1-846238463	
S1-280536030	
S1-158808586	
S1-344475314	
S1-299790008	
S1-315724058	
S1-302524779	
S1-624514722	
S1-542246668	
S1-274757373	S2-573770363
S1-740991137	
S1-333256002	
S1-945088344	
S1-611585129	S2-754527799
S1-894155339	
S1-977916352	
S1-241586190	
S1-868981466	
S1-118404252	
S1-901168586	
S1-126518623	
S1-778693094	
S1-205910111	
S1-854368997	
S1-232470018	
S1-344803779	
S1-277230274	
S1-602369594	
S1-390289161	
S1-127845221	
S1-937397314	
S1-147569667	
S1-596493679	
S1-116295339	
S1-7383987	
S1-80192759	
S1-748899109	
S1-351032024	
S1-822407210	S2-367880909
S1-994044279	
S1-973163512	
S1-386839874	S2-283934451
S1-721088201	
S1-323132742	
S1-702114351	
S1-245516523	
S1-277713987	
S1-27675705	
S1-465641086	
S1-25268343	
S1-792342935	
S1-613389899	
S1-135071262	
S1-547217539	
S1-95280113	
S1-929016350	
S1-472015527	
S1-337475308	
S1-414862257	
S1-522866711	
S1-905035824	
S1-27673979	
S1-555750741	
S1-650685106	
S1-842255131	
S1-843363508	
S1-586758477	
S1-308957933	S2-731696919
S1-184861659	
S1-16381991	
S1-264585201	S2-774664132
S1-947073212	S2-201350696
S1-838295282	
S1-62665262	
S1-456599725	
S1-751041951	
S1-188962937	
S1-629584702	
S1-657587565	
S1-708092981	
S1-944597375	
S1-714209199	
S1-726126991	
S1-168957401	
S1-840649924	
S1-736680663	
S1-365561032	
S1-736818086	
S1-187700601	
S1-730293190	
S1-336234045	
S1-528268880	
S1-830027574	
S1-150094144	
S1-910770267	
S1-144444743	S3-136792093
S1-850232605	S2-802172832
S1-549314424	
S1-629228150	
S1-648673239	
S1-414772792	
S1-560832701	S2-942764671
S1-829293808	
S1-83653944	
S1-189279957	
S1-802361645	
S1-539258105	
S1-40105322	
S1-937990427	
S1-162794406	
S1-543530467	
S1-688656419	
S1-352027963	
S1-417804526	
S1-287521921	
S1-504814098	
S1-856759974	
S1-687361956	
S1-32119732	
S1-317033206	
S1-220607684	
S1-459529841	
S1-436509149	
S1-63404950	
S1-270798558	
S1-517423851	
S1-654285384	
S1-393376275	
S1-7427626	
S1-14693905	
S1-872061139	
S1-81033086	
S1-294063053	
S1-858263287	
S1-943255407	
S1-453277783	
S1-989034083	
S1-11891050	
S1-128389477	
S1-616228579	
S1-737997553	
S1-271077871	
S1-178006201	
S1-676694211	
S1-548223	
S1-392804134	
S1-361692772	
S1-323675770	
S1-49510063	
S1-198465923	
S1-691955621	
S1-128253492	
S1-916736409	
S1-935148776	
S1-223653766	
S1-840526108	
S1-473744714	
S1-163942146	
S1-254662022	
S1-179851780	
S1-646254725	
S1-991515553	
S1-780582707	
S1-792657756	
S1-985403144	
S1-363644385	
S1-693327965	
S1-434569728	
S1-302090439	
S1-373138011	
S1-599422521	
S1-391004178	
S1-951153161	
S1-594474465	
S1-471236081	
S1-14730898	
S1-724558413	
S1-584572998	
S1-659855560	
S1-391264432	
S1-332469301	
S1-676383631	
S1-997127524	
S1-311202164	
S1-600027789	
S1-949291645	S2-238785585
S1-981000518	
S1-638785323	
S1-13465803	S2-72717341,S3-488800702
S1-217982266	
S1-306144299	
S1-630587798	
S1-380363070	
S1-841138062	
S1-796516243	S3-10971390,S3-216986249
S1-638232769	
S1-302114729	
S1-565130907	
S1-169067647	
S1-575880405	
S1-793976147	
S1-538160345	
S1-239090524	
S1-103743991	
S1-320627463	
S1-395649846	
S1-658008758	
S1-914434896	
S1-206927660	
S1-816556845	
S1-338540951	
S1-486568041	
S1-835883625	
S1-732923277	
S1-168481811	
S1-592832449	S3-345261156
S1-702728246	
S1-116473116	
S1-921171887	
S1-47458730	
S1-553889777	
S1-868006585	S3-278398827
S1-521685317	
S1-914362258	
S1-24928916	
S1-541967478	
S1-315607139	
S1-346784834	
S1-75011559	
S1-780608062	
S1-140558762	
S1-201547012	
S1-950467832	
S1-443191662	
S1-659887071	
S1-192550719	
S1-383211475	
S1-586166567	
S1-912479535	
S1-801164377	
S1-119090867	
S1-46083105	
S1-576504404	
S1-667178180	
S1-872294518	
S1-671666859	
S1-306798450	
S1-43465254	
S1-123979532	
S1-162079436	
S1-944480841	
S1-674229573	
S1-822392758	
S1-373748200	
S1-773483847	
S1-186702544	
S1-373249991	S3-757558796
S1-149701402	
S1-572498684	
S1-314127548	
S1-79933125	S2-244461000,S2-432235712
S1-653756664	
S1-785454810	
S1-437276994	
S1-863442575	
S1-727866491	
S1-229765632	
S1-233155482	
S1-248965925	
S1-834262159	
S1-802799418	
S1-484622281	
S1-194454062	
S1-683568626	
S1-624004301	
S1-400962464	
S1-754544337	
S1-630754816	
S1-983331337	
S1-343161545	
S1-138244525	
S1-691159019	
S1-391431339	
S1-705043511	
S1-810873862	
S1-31945264	
S1-148075048	
S1-452020060	
S1-316377377	S3-637425957
S1-227951322	
S1-860247518	S2-414204656
S1-185957707	
S1-163574631	
S1-110881806	
S1-488619239	
S1-123698769	
S1-920245418	
S1-194091322	
S1-311078764	
S1-61295816	
S1-988487142	
S1-971681540	
S1-459173937	
S1-765657505	
S1-819187965	
S1-255085414	
S1-145853067	
S1-1581554	
S1-452807299	
S1-154207292	
S1-55130690	
S1-691044803	
S1-440477487	
S1-892811088	
S1-304370706	
S1-477405385	
S1-624300434	S3-433821912
S1-147775572	
S1-392460609	
S1-826474617	
S1-988982953	
S1-160476277	
S1-792178657	
S1-491743275	
S1-34109805	
S1-477598663	
S1-91473513	
S1-145561186	
S1-944451710	
S1-560182900	
S1-576022611	
S1-495120995	
S1-391257929	
S1-878235683	
S1-650178209	
S1-260453118	
S1-871824650	
S1-914491259	
S1-588573780	
S1-344805672	
S1-631757269	
S1-286523016	
S1-719253844	
S1-413305849	
S1-733447652	
S1-672638412	
S1-78442813	
S1-35008431	
S1-308065108	
S1-668962610	
S1-746504224	
S1-43409803	
S1-877012034	
S1-874615701	
S1-733812424	
S1-623617965	
S1-509766592	
S1-704248244	
S1-367633069	
S1-402704479	
S1-254520585	S2-339187225
S1-208739358	
S1-514437103	
S1-314257498	
S1-797718115	
S1-388189887	
S1-318695113	
S1-957885942	
S1-294226097	
S1-775537646	
S1-347562753	
S1-243469836	
S1-423770696	
S1-545435855	
S1-467374008	
S1-732419805	
S1-929809632	
S1-827598937	
S1-715937429	
S1-294217389	
S1-622770837	
S1-345096814	
S1-819223471	S3-724350675
S1-740589341	
S1-978083529	
S1-846892354	
S1-230497671	
S1-607873743	
S1-420231776	
S1-934463758	
S1-381437064	
S1-116877079	
S1-132722397	
S1-14454662	
S1-663424169	
S1-823834143	
S1-120916598	
S1-462364060	
S1-987801182	
S1-355270442	
S1-366223996	
S1-551714084	
S1-171463601	
S1-101603676	
S1-991475310	
S1-85155281	
S1-96506720	
S1-295723661	
S1-132755948	
S1-340920923	
S1-195783121	
S1-268084540	
S1-922058754	
S1-463202942	
S1-195530639	
S1-923768261	
S1-516954151	
S1-132302155	
S1-608587067	
S1-776576159	
S1-160490315	
S1-163192180	
S1-557590804	
S1-509760234	
S1-464825618	
S1-732036665	
S1-988565353	
S1-662047733	
S1-795705981	
S1-706206772	
S1-750551284	
S1-811260320	
S1-908793717	
S1-710694485	
S1-797993057	
S1-1643789	
S1-414588542	
S1-277074865	
S1-646850359	
S1-770269350	
S1-641442368	
S1-641278892	
S1-634379439	
S1-394687999	
S1-825525194	
S1-557258040	
S1-378830587	
S1-148673198	
S1-298460115	
S1-809603747	
S1-932385797	
S1-107460010	
S1-605175272	
S1-371344660	
S1-869767657	
S1-603204782	
S1-72408969	
S1-366437024	
S1-96916326	
S1-531947244	
S1-50304798	S2-212948497
S1-395336883	
S1-353571625	
S1-780545480	
S1-80889018	
S1-819736888	
S1-32788503	
S1-597219447	S2-12319116,S3-542824123
S1-429791136	
S1-580854761	
S1-888205244	
S1-649319683	
S1-941492414	
S1-620337199	
S1-581786851	
S1-892588661	
S1-104027277	
S1-431707132	
S1-214495413	
S1-783171629	
S1-695971479	
S1-47899006	
S1-560581348	
S1-942691190	
S1-487235099	
S1-876796069	
S1-613799044	
S1-542558422	
S1-890509173	
S1-271241609	
S1-124321697	
S1-943811767	
S1-110094101	
S1-327300049	
S1-832548899	
S1-78972994	
S1-781121005	
S1-261638447	
S1-421040270	
S1-651715620	
S1-811966699	
S1-290405919	
S1-872089476	
S1-341867587	
S1-394664957	
S1-191733797	
S1-487062458	
S1-857137765	
S1-675573574	
S1-409205945	
S1-432220888	
S1-937903045	
S1-817270094	
S1-751473996	
S1-412313764	
S1-904932725	
S1-811301887	
S1-359331314	
S1-882855583	
S1-219236842	
S1-43337785	
S1-454023537	
S1-805267893	
S1-998032739	
S1-167462978	
S1-161255050	
S1-94298681	
S1-902900727	
S1-393531939	
S1-979024089	
S1-646401275	
S1-158814606	
S1-45558610	
S1-946443337	
S1-857182794	
S1-38384768	
S1-21771605	
S1-789391762	
S1-349845237	
S1-343133469	
S1-76852549	
S1-178055147	
S1-163656873	
S1-275289069	
S1-146977405	
S1-701167356	
S1-439627189	
S1-344512074	
S1-182863778	
S1-908681344	
S1-477041463	
S1-553363032	S3-196083522
S1-600405573	
S1-571659704	
S1-67157587	
S1-814145237	
S1-259698597	
S1-295482576	
S1-430229726	
S1-984472230	
S1-367908754	
S1-906900570	
S1-279710184	S2-473500766
S1-438533926	
S1-471727502	
S1-307022585	S3-344125151
S1-65546104	
S1-501942849	
S1-878978172	S2-626691513
S1-625942257	
S1-174090052	
S1-764638860	
S1-355845250	
S1-112137166	
S1-504505632	
S1-342980727	
S1-240217609	
S1-181768218	
S1-245443862	
S1-435675004	
S1-610111203	
S1-923848694	
S1-54717292	S2-293890675
S1-563824583	
S1-231710990	
S1-980743756	
S1-146249054	
S1-910234686	S2-303061871
S1-90950287	
S1-750771094	
S1-895257481	
S1-850217098	
S1-247786915	
S1-197750386	
S1-55015542	
S1-968719016	
S1-70250701	
S1-919094137	
S1-647802720	
S1-709236222	
S1-571103847	
S1-977436126	
S1-298028353	
S1-405752719	
S1-852730367	
S1-424523771	S3-476902987
S1-560246501	
S1-635957978	
S1-954401831	
S1-615882366	
S1-954996997	S2-185013334
S1-877728587	
S1-721343319	
S1-794988565	S2-272351032,S3-134282659
S1-906218483	S2-123007061,S2-236096250,S2-256621857,S2-329405096,S2-404142853,S2-564278261,S2-574584543,S2-597397985,S2-63082253,S2-685480560,S2-703722492,S2-847933753,S2-920233551,S2-984363671,S3-148156789,S3-814880158,S3-949870446
S1-55093644	
S1-267189539	
S1-6869709	
S1-388174281	
S1-579922271	
S1-546975532	
S1-663534405	
S1-173424695	
S1-767236140	
S1-318020426	
S1-37945768	
S1-497136999	S3-421212682
S1-584294481	
S1-467408085	
S1-889139471	
S1-188501910	
S1-41676823	
S1-778599690	
S1-563098893	
S1-333650892	
S1-338012046	
S1-805443954	
S1-611676009	
S1-80243080	S2-153306127,S2-795608900
S1-232469318	
S1-335282836	
S1-183802961	
S1-891444672	
S1-312775300	
S1-28371287	
S1-307645325	
S1-304503034	
S1-561696520	
S1-635069489	
S1-238204098	
S1-25558834	
S1-488370843	
S1-190428502	
S1-896902233	
S1-440073128	
S1-836019873	
S1-297093013	
S1-613161233	
S1-544841475	
S1-172299106	
S1-345946120	
S1-114471634	
S1-673659268	
S1-617224563	S2-813097957
S1-722520467	
S1-962113335	
S1-323579088	
S1-892946835	
S1-669877864	
S1-457350722	
S1-588157594	S2-285104510
S1-679331620	
S1-851621693	
S1-686511690	
S1-964382090	
S1-403932782	
S1-770803766	
S1-310698769	
S1-166291763	
S1-878407189	
S1-131175643	
S1-844835500	
S1-443078959	
S1-776101909	
S1-108096298	
S1-273743740	
S1-861647686	
S1-103761545	
S1-388391927	
S1-612303490	
S1-416662807	
S1-106018608	
S1-513385525	
S1-274714868	
S1-279724795	
S1-170188459	
S1-427388400	
S1-803746603	
S1-601991712	
S1-548172868	
S1-53263718	
S1-805403001	
S1-217517325	
S1-682519067	
S1-553436043	
S1-143463436	
S1-965942345	S2-534182089
S1-222449305	
S1-238182498	
S1-712408049	
S1-324787427	
S1-1194281	
S1-991004789	
S1-655856781	
S1-727361030	
S1-638557625	
S1-722538917	
S1-179286079	
S1-187907234	
S1-124319311	
S1-612316864	
S1-485691431	
S1-292458521	
S1-931113474	
S1-670823238	
S1-953083987	
S1-889156548	
S1-18048234	S2-659711649
S1-185599690	
S1-330500143	
S1-877364234	
S1-464251048	
S1-946876263	
S1-303311104	
S1-800399185	
S1-443270022	
S1-20385845	
S1-450028841	
S1-874878874	
S1-420920813	
S1-893031604	
S1-680201540	
S1-857511348	
S1-812238591	
S1-633811229	
S1-49228104	
S1-903750666	
S1-288954017	S2-367970872
S1-657556260	
S1-835878879	
S1-977482332	
S1-55852822	
S1-972327349	
S1-623855326	
S1-312207031	
S1-169687307	
S1-791453781	
S1-111574733	
S1-152158198	
S1-229376968	
S1-921140461	
S1-36180736	
S1-70703241	
S1-358375575	
S1-951723271	
S1-533269887	
S1-503548139	
S1-220078371	
S1-893780346	
S1-905174378	S2-327195925
S1-466534619	
S1-616263946	
S1-523233040	
S1-214838010	
S1-900622065	
S1-323226672	
S1-27098410	
S1-795300644	
S1-869464747	
S1-842329335	
S1-508388975	
S1-460741281	
S1-646261945	
S1-528112189	
S1-314594955	
S1-420704423	
S1-421096001	
S1-759831797	
S1-703059594	
S1-224546845	
S1-577779053	
S1-208288741	
S1-669230299	
S1-603864129	
S1-786489361	
S1-620256343	
S1-287696509	
S1-157123109	
S1-671807829	
S1-665828629	
S1-858658945	
S1-717489898	
S1-654593007	
S1-807203872	
S1-414675802	
S1-705190025	S2-2920056
S1-898780921	
S1-903420133	
S1-451479389	S3-442981376
S1-899158555	
S1-338218770	
S1-879435388	
S1-975976037	
S1-197057009	
S1-478767189	S2-247738094,S2-251860012,S2-51435294,S2-926387302
S1-969050049	
S1-2527096	S3-533210790
S1-976159984	
S1-104238463	
S1-976222883	
S1-852363979	
S1-330598064	
S1-270852333	
S1-565360911	
S1-595346582	
S1-305092065	
S1-173762672	
S1-181795352	S3-283231056
S1-582198892	S3-23938261
S1-371786983	
S1-552600354	
S1-94151767	
S1-69309695	
S1-659212703	
S1-41077043	
S1-416141661	
S1-583260364	
S1-308173799	
S1-954757867	
S1-613825724	
S1-107878812	
S1-234756661	
S1-744933646	
S1-947523436	
S1-885416617	
S1-746577612	
S1-110400802	
S1-649296157	
S1-7486310	
S1-856345200	
S1-401219348	
S1-843213516	
S1-180356175	
S1-67471839	
S1-258311432	
S1-262101473	
S1-269287719	
S1-700620677	
S1-746381040	
S1-194198125	
S1-790088867	
S1-106729758	
S1-941174129	S3-474826198
S1-802333016	
S1-558026404	
S1-492515902	
S1-347427743	
S1-426919307	
S1-168286697	
S1-389008314	
S1-84548430	
S1-438038626	
S1-369433151	
S1-971972333	
S1-711360918	
S1-105020426	
S1-414738731	
S1-149877452	
S1-88266771	
S1-952629477	
S1-587412674	
S1-805569206	
S1-575004504	
S1-847596509	
S1-84388808	
S1-52319250	
S1-284694230	
S1-412251100	
S1-948462185	
S1-723502179	
S1-696758696	
S1-467298775	
S1-801199035	
S1-451714795	
S1-71244938	
S1-524314521	
S1-757447756	
S1-786258225	
S1-717870854	
S1-161385409	
S1-53241794	
S1-665881586	
S1-697944499	
S1-352908317	
S1-180264849	
S1-751535133	
S1-396972894	
S1-984815779	
S1-433594515	
S1-506782497	
S1-352643279	
S1-432385860	
S1-301421301	
S1-224663106	
S1-64129794	
S1-919256099	
S1-641447374	
S1-714826552	
S1-325695682	
S1-826323962	
S1-149174313	S2-969266887
S1-704371017	
S1-425752133	
S1-83450396	
S1-157352080	
S1-213007771	
S1-991457674	
S1-154044002	
S1-356125375	
S1-235106062	
S1-179567829	
S1-96802589	
S1-286149026	
S1-616061065	
S1-710097418	
S1-819007232	
S1-148419936	
S1-727936269	
S1-568436448	
S1-488031542	S2-550178936
S1-185007277	
S1-192144131	
S1-222134493	
S1-48729301	
S1-641907452	
S1-351041245	
S1-592667954	
S1-467847652	
S1-277852966	
S1-998764239	
S1-928759230	
S1-4251457	
S1-468173730	
S1-168586143	
S1-232413672	
S1-222775198	
S1-820754732	
S1-715916659	
S1-254022612	
S1-208064613	
S1-580364653	
S1-258408610	
S1-67166601	
S1-374782347	
S1-698642256	
S1-656726845	
S1-714137	
S1-878624282	
S1-565208138	
S1-823457367	
S1-480129610	
S1-819816186	
S1-922428086	
S1-770576522	
S1-461589297	
S1-733385156	
S1-232809822	
S1-718170431	
S1-693864961	S2-164531605
S1-51022653	
S1-197383067	
S1-119660265	
S1-370821389	
S1-162695631	
S1-880857778	
S1-970226536	
S1-852374551	
S1-808844886	
S1-389883039	
S1-661044874	
S1-541959089	
S1-850406318	
S1-111796630	
S1-271005014	
S1-743298246	
S1-569979997	
S1-492096001	
S1-665081143	
S1-235748922	
S1-553764002	
S1-838780833	
S1-743336215	
S1-340163841	
S1-176849056	
S1-914820348	
S1-308733644	
S1-587251201	
S1-627010987	
S1-934937349	
S1-859134370	
S1-785287353	
S1-142802331	
S1-727494266	
S1-292410748	
S1-390865607	
S1-583502306	
S1-556975713	
S1-41165164	
S1-334458130	
S1-115757608	
S1-956883936	
S1-643583323	
S1-19810384	
S1-745579032	
S1-686463575	
S1-987436007	
S1-371226348	S2-799342669
S1-828401862	
S1-919696185	
S1-191964940	
S1-572481651	
S1-681493179	
S1-532082704	
S1-220899694	
S1-846176837	
S1-617698370	
S1-760828088	
S1-310694887	
S1-488937500	
S1-432455002	
S1-954978999	
S1-985379025	
S1-861779105	
S1-593092133	
S1-207817116	
S1-796529945	
S1-424156123	
S1-643276640	
S1-195047917	
S1-154212017	
S1-110808750	
S1-584427890	
S1-862856667	
S1-258985261	
S1-459744344	
S1-824140526	
S1-597326717	
S1-804398187	
S1-544681667	
S1-555692053	
S1-626489484	
S1-558886473	
S1-655964789	
S1-574071302	
S1-436050873	
S1-518857009	
S1-361742933	
S1-117463064	
S1-764387652	
S1-822419995	
S1-192584462	
S1-642456320	
S1-270651577	
S1-284784019	
S1-826714094	
S1-719571761	
S1-399009557	
S1-232105876	
S1-431835607	
S1-108701470	
S1-771517820	
S1-229214702	
S1-214451693	
S1-336054692	S2-123007061,S2-574584543,S2-63082253,S2-703722492,S2-920233551,S3-148156789,S3-244669915,S3-814880158,S3-949870446
S1-912243893	
S1-689693759	
S1-585476290	
S1-3155417	
S1-862044657	
S1-72454769	
S1-721544124	S3-661973940
S1-513848235	
S1-977243264	
S1-295514426	
S1-811156470	
S1-963782898	
S1-76486732	
S1-759153261	
S1-882232541	
S1-253095698	
S1-994034238	
S1-757020062	
S1-221198253	
S1-248876570	
S1-592446955	
S1-361672123	S2-151497011
S1-772213285	
S1-314023431	
S1-256936227	
S1-914804883	
S1-927729800	
S1-2667152	
S1-16277180	
S1-876157305	
S1-188638213	
S1-826394216	
S1-19399548	
S1-532692411	
S1-244512144	
S1-242794168	
S1-27759575	
S1-6600577	
S1-419661506	
S1-619115796	
S1-261040374	
S1-128572727	
S1-840262202	S2-97935949,S3-618870695
S1-154584246	
S1-400149069	
S1-221000179	S2-44713064
S1-426452109	
S1-250199361	
S1-126966486	
S1-155097728	
S1-434141188	
S1-423759	
S1-320017775	
S1-161262149	S2-121929538
S1-212988018	
S1-531465410	
S1-699821043	
S1-19448528	
S1-54015881	
S1-912108869	
S1-339251644	
S1-958216594	
S1-809989005	
S1-219970268	
S1-773786477	
S1-278668505	
S1-562589314	
S1-534129351	
S1-302415964	
S1-954214010	
S1-644002673	
S1-784954202	
S1-632444594	
S1-805655931	
S1-112315306	
S1-496422484	
S1-312448874	
S1-772972854	
S1-442529073	
S1-715361492	
S1-243216203	
S1-304820674	
S1-343761058	S3-363651203
S1-37320918	
S1-90241986	
S1-208593726	
S1-779446950	
S1-147222248	
S1-866096263	
S1-831711367	S3-711637375
S1-285725544	
S1-568579936	
S1-50771927	
S1-315341301	
S1-815495194	S2-816390814,S3-170859479,S3-174497076,S3-489941683
S1-527047085	
S1-918003635	
S1-669703964	
S1-847532076	
S1-195223007	
S1-858371487	
S1-50241169	
S1-739449873	
S1-983478722	
S1-851801317	
S1-21429679	
S1-469991270	
S1-60666844	
S1-594980721	
S1-79051229	
S1-445616453	
S1-70261041	
S1-753424533	
S1-877858806	
S1-441225249	
S1-146011846	
S1-284574483	
S1-873174402	
S1-709995006	
S1-607410995	
S1-794869474	
S1-978466441	
S1-817678116	
S1-716796565	
S1-401754740	
S1-346151811	
S1-103490960	
S1-630114098	
S1-588431750	
S1-924336867	
S1-603596919	
S1-690048147	
S1-934326587	
S1-128151038	S2-875764605
S1-789280161	
S1-631366763	
S1-193632476	
S1-794699099	
S1-76957903	
S1-106115356	
S1-271788924	
S1-725942697	
S1-228917937	S3-481799066
S1-580978537	
S1-169263330	
S1-788805953	
S1-958639308	
S1-292982955	S3-383600656
S1-952196678	S3-748811531
S1-307219342	
S1-602277039	
S1-294637633	
S1-820783619	
S1-709170718	
S1-524738600	
S1-755797569	
S1-678380843	
S1-504003347	
S1-692221005	
S1-957243497	
S1-621816567	
S1-760438507	
S1-120296027	
S1-713916170	
S1-344205777	
S1-614566727	
S1-937014445	
S1-179179747	S2-744477704
S1-343230253	
S1-17576277	
S1-347646950	
S1-80864471	
S1-513910890	
S1-202819239	
S1-554757143	
S1-97821546	
S1-303099830	
S1-926404683	
S1-62107902	S3-239920147
S1-403289133	
S1-170491570	
S1-814904790	
S1-757614377	
S1-468176361	
S1-74485885	
S1-102142333	
S1-759479323	
S1-259353227	
S1-940614329	
S1-574603311	
S1-828428509	
S1-788540695	
S1-308038144	
S1-909528790	
S1-197176457	
S1-33592747	
S1-492968987	
S1-436185796	
S1-502411846	
S1-555704434	
S1-705032775	
S1-626679951	
S1-291523495	
S1-54167763	
S1-664140346	
S1-465461099	S2-704945364
S1-590486720	
S1-191437188	
S1-613253248	S2-240657119
S1-682605701	
S1-581458614	
S1-13512475	
S1-236605446	
S1-912589145	
S1-39801340	
S1-748232359	
S1-336943716	
S1-421128893	
S1-126590822	
S1-124798761	
S1-798170644	
S1-100526269	
S1-254774900	
S1-220109419	
S1-636623402	
S1-124964325	
S1-806141952	
S1-904564300	
S1-971306240	
S1-569331534	
S1-621360925	S3-776619197
S1-356172624	
S1-325340564	
S1-456604963	
S1-865325736	
S1-749270188	
S1-647203477	
S1-677825619	
S1-207351123	
S1-532353259	
S1-675496435	
S1-409792081	
S1-79674277	S2-192812529
S1-255358708	
S1-861504523	
S1-697378518	
S1-196420453	
S1-526044216	
S1-531284281	
S1-461628382	
S1-417654483	
S1-452519466	
S1-444813755	
S1-278470639	
S1-273600996	
S1-930993674	
S1-546641073	
S1-692771264	S2-292688004
S1-240732738	
S1-666908586	
S1-55736649	
S1-14257346	
S1-726158739	
S1-226776163	
S1-609078321	
S1-631406289	
S1-726335158	
S1-884279658	
S1-841216634	
S1-393331250	S3-869841551
S1-279396443	
S1-892090151	
S1-143614700	
S1-873216176	
S1-856533492	
S1-383601396	
S1-94682763	
S1-484366583	
S1-627789696	
S1-432245900	
S1-803420627	
S1-909045877	
S1-184905367	
S1-567433512	
S1-711402303	
S1-674180400	
S1-497521442	
S1-523949116	
S1-342959613	
S1-665311193	
S1-111922593	
S1-235463078	
S1-643964395	
S1-484734948	
S1-616021681	
S1-205063104	
S1-210717554	
S1-479775212	
S1-430998491	
S1-462358136	
S1-11606530	
S1-290883039	
S1-326670572	S2-497972322,S2-728767898,S3-117250439,S3-341847420,S3-379835856,S3-571327237,S3-660080086
S1-579975924	
S1-244482260	
S1-444463773	
S1-889428873	
S1-823857823	
S1-699424670	
S1-770626641	
S1-551976695	
S1-794322490	
S1-881015548	
S1-175286514	
S1-22538679	
S1-562915073	
S1-201517488	S2-713264333,S2-878460826,S3-60303669
S1-182084711	
S1-593412946	
S1-338558568	
S1-979762457	
S1-54083154	S2-507776525
S1-715527085	
S1-398625795	
S1-998805282	
S1-554374533	
S1-934272545	
S1-610123293	
S1-533450426	
S1-852263423	
S1-631945924	
S1-348482697	
S1-164208431	
S1-128582804	
S1-308408997	
S1-23163150	
S1-11591396	
S1-862535809	
S1-343794966	
S1-618466330	
S1-350676228	
S1-563511420	
S1-719469987	
S1-5734850	
S1-599258606	
S1-828477384	
S1-479116430	
S1-730939180	
S1-981618241	
S1-8621945	
S1-847925426	
S1-222499991	
S1-637457206	
S1-627138261	
S1-663872097	
S1-997262076	
S1-802367715	
S1-128821874	
S1-70734106	
S1-238592870	S3-943776157
S1-2740649	
S1-321054385	
S1-865029024	
S1-385114728	
S1-977839945	S3-453711158
S1-396485361	
S1-493302050	S2-185013334,S2-258515598
S1-837466086	
S1-194606432	
S1-610917607	
S1-509057815	
S1-850253670	
S1-182974297	
S1-994165469	
S1-107023261	
S1-296413062	
S1-578205729	
S1-543693218	
S1-587923583	
S1-99422081	
S1-436672813	
S1-874665038	
S1-297612375	S2-353780733
S1-376460006	
S1-60681288	
S1-320272327	
S1-357165824	
S1-451056883	
S1-134907848	
S1-608012551	
S1-910029242	
S1-73213205	S3-880657713
S1-107822017	
S1-110306743	
S1-402223973	
S1-174389622	
S1-131405610	
S1-109997342	
S1-119569109	
S1-524137194	
S1-108320617	
S1-759056212	
S1-318686247	
S1-772436867	
S1-114561119	
S1-703266302	
S1-567054224	
S1-102705933	
S1-307579038	S2-980304068
S1-958747241	
S1-756669394	
S1-420157261	
S1-853098516	
S1-774859880	
S1-454923100	
S1-75428552	
S1-318316658	
S1-12681333	
S1-33822836	
S1-405381720	
S1-909359562	
S1-268163393	
S1-675425451	
S1-951057314	
S1-751676058	
S1-825871627	
S1-300714851	
S1-485592183	
S1-801879701	
S1-169363046	
S1-893735664	
S1-430961612	
S1-199204061	
S1-841920871	S2-132741297,S2-441813094,S3-58919181
S1-156760598	
S1-117904039	
S1-785823812	
S1-372564157	
S1-419362106	
S1-295870847	
S1-813276046	
S1-724760122	
S1-547823846	
S1-419324306	
S1-374853932	
S1-725686147	
S1-351033501	
S1-669138532	
S1-442468975	
S1-54790239	
S1-520129177	S3-898453800
S1-729471894	
S1-249237760	
S1-63365419	
S1-1262403	
S1-957687170	
S1-933450476	
S1-978158375	
S1-381917718	
S1-227766173	
S1-18973000	
S1-98933661	
S1-265911142	
S1-823152210	S3-560823819
S1-637389001	
S1-998635419	
S1-276425606	S2-520084907
S1-77590467	
S1-258081601	
S1-405718231	
S1-543583376	
S1-347355891	
S1-475554703	S2-910633498
S1-174500609	
S1-362804083	
S1-745802644	
S1-357899510	
S1-992449191	
S1-985106688	
S1-646670128	
S1-287421355	
S1-437518198	
S1-350363068	
S1-687684515	
S1-407679170	
S1-315837107	
S1-991879410	
S1-608907354	
S1-57722902	
S1-959589702	
S1-397710171	
S1-976240440	
S1-969936336	
S1-224948590	
S1-924073438	
S1-311896113	
S1-26936927	
S1-193880203	
S1-912928673	
S1-872445792	
S1-176517998	
S1-166374981	S2-818434951,S3-267983709
S1-855342575	
S1-393979549	
S1-201737944	
S1-531568502	
S1-746871662	
S1-738152999	
S1-995486590	
S1-294600590	
S1-613922010	
S1-605219889	
S1-291923500	
S1-168302966	
S1-888029771	
S1-290488877	
S1-812785635	
S1-692244907	
S1-876483315	
S1-891804930	
S1-96566351	
S1-181871559	S2-433954722,S2-653042915,S2-681038146
S1-34174619	
S1-862089700	S2-82693962
S1-618578824	
S1-366880588	S2-666504574
S1-867892217	
S1-724803808	
S1-2663518	
S1-802806235	
S1-903437098	
S1-999556788	
S1-76967361	
S1-197976087	
S1-873546399	
S1-263520265	
S1-822652531	
S1-228085334	
S1-422425146	
S1-217428483	
S1-945287882	
S1-670276382	
S1-696764890	
S1-847301588	
S1-534615269	
S1-252070852	
S1-455980491	
S1-198997319	
S1-26690399	
S1-830156662	
S1-465859469	
S1-185801955	
S1-125799304	
S1-190700509	
S1-286537416	S3-931835709
S1-67267193	
S1-570419250	
S1-782273658	
S1-59223316	
S1-142425859	
S1-79591910	
S1-18493379	
S1-459274961	
S1-170931969	
S1-966437724	
S1-245915966	
S1-541723257	
S1-352045157	S2-762814140
S1-113080782	
S1-544993382	
S1-288268307	
S1-403311833	
S1-810918687	
S1-798780204	
S1-254493948	
S1-206563297	S2-608471433
S1-916378446	
S1-63561422	
S1-640470605	
S1-160737497	S2-474491374
S1-866740911	
S1-951504092	
S1-717853540	S2-977110544
S1-109075434	
S1-374029613	
S1-484044247	
S1-649308830	
S1-302570825	
S1-629065571	
S1-231307979	
S1-103119043	
S1-115148522	
S1-403201885	
S1-579883388	
S1-276191168	
S1-19882142	
S1-263728490	
S1-340728479	
S1-74751794	S2-112550664
S1-449080131	
S1-63912251	
S1-156039185	
S1-57603338	
S1-377344252	
S1-519578876	
S1-480077002	
S1-520895146	
S1-214200763	
S1-715639461	
S1-100462988	
S1-30981051	
S1-540857707	
S1-126215871	
S1-15083549	
S1-621479879	
S1-89961008	
S1-863050279	
S1-493156774	
S1-432054092	
S1-976459865	
S1-866217485	
S1-443794246	
S1-418410845	
S1-398806289	
S1-803813437	S2-169701692,S2-521485245,S2-646218526,S2-692712904
S1-264126580	
S1-374806021	
S1-516495886	
S1-909454167	
S1-896115391	
S1-228626601	
S1-31611607	
S1-229493447	
S1-665405851	
S1-503224891	
S1-961094841	S3-986163673
S1-434872430	
S1-239820312	
S1-649224645	
S1-4409804	
S1-322030097	
S1-831747081	
S1-402419156	
S1-284683892	
S1-252326215	
S1-80836379	
S1-240368228	
S1-127027243	
S1-300023861	
S1-124138835	
S1-105446597	
S1-537106973	
S1-62025414	
S1-51428600	
S1-759099956	
S1-702537241	
S1-330611717	
S1-911148813	
S1-276485343	
S1-237545032	S3-135322683,S3-542824123
S1-263580430	
S1-37698140	
S1-109018465	
S1-51760304	S3-961276600
S1-374218549	S3-365190521
S1-63626121	
S1-480840547	
S1-37214788	
S1-640284365	
S1-321113512	
S1-208693450	
S1-371624602	
S1-335504350	
S1-779980805	
S1-49677484	
S1-993571339	
S1-665911047	
S1-77749646	
S1-17226473	S2-365487618
S1-439877889	
S1-47252947	
S1-851637663	
S1-532673108	
S1-372061148	
S1-389861747	
S1-90668769	
S1-968031846	
S1-920547595	
S1-666846058	
S1-565136515	
S1-718046107	
S1-388847948	
S1-962982467	
S1-57582985	
S1-916876039	
S1-176974232	
S1-903873772	
S1-770456951	
S1-722306079	
S1-32941602	
S1-615134985	
S1-505701493	
S1-293766768	
S1-741891938	
S1-813174401	
S1-290644057	
S1-256068691	
S1-555905397	
S1-416980761	
S1-670725817	
S1-387948896	
S1-678174669	
S1-517995991	
S1-745213524	
S1-166311021	
S1-416031957	
S1-844860308	
S1-939631373	S2-517651936
S1-181908720	
S1-837367521	
S1-283209217	
S1-911215972	
S1-28404770	
S1-449689905	
S1-56235457	
S1-275733887	
S1-46312548	
S1-752911177	
S1-861723203	
S1-786913830	
S1-682309284	S2-697851172
S1-999030912	
S1-140665469	
S1-393723412	
S1-403390750	
S1-600411976	
S1-520866447	
S1-672193676	
S1-8783467	
S1-726963423	
S1-687425035	
S1-794438025	
S1-486054429	
S1-386569882	
S1-148924731	
S1-564392653	
S1-221304413	
S1-427961793	
S1-554979994	
S1-857909813	
S1-411670564	
S1-214724452	
S1-208138704	
S1-814131418	
S1-376968241	
S1-697799403	
S1-819166466	
S1-398222662	
S1-723730146	
S1-95683611	
S1-315787857	
S1-315643260	
S1-552629741	
S1-512752458	
S1-555540834	
S1-976200499	
S1-681097794	S3-409747403
S1-94806852	
S1-339558532	
S1-427350624	
S1-442258871	
S1-499200488	
S1-630634670	
S1-268763027	S2-147770388
S1-138774251	
S1-701342361	
S1-508645557	
S1-620798380	
S1-810187606	
S1-227431128	
S1-151337018	
S1-996141439	
S1-813915373	
S1-159725624	
S1-396315640	
S1-749854965	
S1-902863506	
S1-581504854	
S1-446898486	
S1-648597410	
S1-44270613	
S1-845803360	
S1-900021551	
S1-383745039	
S1-983229531	
S1-166044159	
S1-985242866	
S1-826523291	
S1-282106554	
S1-994451884	
S1-877344950	
S1-202154398	
S1-181177671	
S1-20828350	S2-294578635,S3-959108532
S1-406461733	
S1-594293156	
S1-754871199	
S1-674232506	
S1-208015713	
S1-6190408	
S1-972560075	
S1-745490425	
S1-875107244	
S1-856434298	
S1-291463180	
S1-196914433	
S1-11142690	
S1-786731902	
S1-499337882	
S1-424525744	
S1-454507360	S2-544544353
S1-493370501	
S1-281114876	
S1-827769312	
S1-64563189	
S1-972811540	
S1-77278849	
S1-795549318	
S1-629021851	
S1-405522429	
S1-263906958	
S1-76829035	
S1-609266889	
S1-906604251	
S1-142945710	
S1-944753666	
S1-532739873	
S1-575935496	
S1-801277745	
S1-348770838	
S1-590856308	
S1-14265091	
S1-998282657	
S1-689060400	
S1-627465698	
S1-143819656	
S1-312415021	
S1-969820600	
S1-749166138	
S1-547873083	
S1-416548843	
S1-138899359	
S1-866056613	
S1-195179990	
S1-853895149	
S1-683666222	
S1-694742536	
S1-709307139	
S1-760089440	
S1-17077643	
S1-54487138	
S1-59054645	
S1-241214014	
S1-479915584	
S1-351129461	
S1-773735549	
S1-406711326	
S1-537606275	
S1-68096098	
S1-57216661	S3-59547065
S1-866122430	
S1-70778781	
S1-965408316	
S1-141526799	
S1-340549405	
S1-267459087	
S1-226482085	
S1-282722119	
S1-934950895	
S1-372537710	
S1-488817652	
S1-885387626	S2-800950194
S1-883681266	
S1-712819594	
S1-661933179	
S1-430041627	
S1-965921833	
S1-275905506	
S1-61518244	
S1-57878297	
S1-638705754	
S1-82455193	
S1-782697754	
S1-859245958	
S1-404588997	
S1-264430832	
S1-823848573	
S1-160236388	
S1-711716891	
S1-492840524	
S1-47962509	
S1-37425166	
S1-215681922	
S1-621250430	
S1-636651354	
S1-180729535	
S1-118003491	
S1-99669634	
S1-641112550	S2-6254086
S1-264587096	
S1-720254819	
S1-463222379	
S1-274064913	
S1-264179449	
S1-306002365	
S1-81361291	
S1-661107973	S2-580853997
S1-350836939	
S1-825546034	
S1-461438350	
S1-787812797	
S1-178820721	
S1-104565114	
S1-140079144	
S1-912139244	
S1-726507923	
S1-292804456	
S1-285923480	
S1-291987414	
S1-417888545	
S1-834016176	
S1-675838143	
S1-463315823	
S1-918136485	
S1-634440969	
S1-972542517	
S1-806848603	
S1-864863013	
S1-940663024	
S1-577214431	
S1-329311816	
S1-579683101	
S1-24127827	
S1-823938122	
S1-355120401	
S1-756203277	
S1-396326898	
S1-536310641	
S1-428205020	
S1-445714266	
S1-335291064	
S1-802517328	
S1-462540145	
S1-794389472	
S1-420738203	
S1-603640789	
S1-481734330	
S1-952352751	
S1-999655048	
S1-961892247	S2-742248963
S1-600892780	
S1-517818202	
S1-686331367	
S1-676261622	
S1-806937508	
S1-359051804	
S1-525048205	
S1-51161290	
S1-452531325	
S1-758677220	
S1-668609906	
S1-485482371	
S1-921352120	
S1-587529085	
S1-872727241	
S1-791163784	
S1-872797761	
S1-735827619	
S1-619788429	
S1-931012713	
S1-316208664	
S1-485891334	
S1-803043909	
S1-825080838	
S1-99445445	
S1-686185096	
S1-122228285	
S1-532221659	
S1-99251797	
S1-940331390	
S1-528017712	
S1-638800617	
S1-986787679	
S1-588471677	
S1-445186436	
S1-877888953	
S1-583833821	
S1-130645053	
S1-228117971	
S1-558347816	
S1-373288905	
S1-414211118	
S1-232593422	
S1-294273995	
S1-332251349	
S1-721002242	
S1-234295991	
S1-268148254	
S1-37716179	S2-347970292
S1-658420020	
S1-57792438	
S1-579312783	
S1-737040244	
S1-964810398	
S1-962938423	
S1-776970369	
S1-98248613	
S1-157218671	
S1-268247385	
S1-148145828	S3-180287345,S3-437422944,S3-491264868,S3-802085290
S1-703130164	
S1-50660708	
S1-482329464	
S1-923748007	
S1-242606590	
S1-807972515	
S1-799187213	
S1-664696338	
S1-134916365	
S1-544555326	
S1-60109918	
S1-421784040	
S1-427843069	
S1-260743766	
S1-527977069	
S1-450349713	
S1-892386731	
S1-779726882	
S1-188105308	
S1-868704627	
S1-46046817	
S1-557930577	S3-775780896
S1-299611180	
S1-51008391	
S1-124580151	
S1-891828564	
S1-826191452	
S1-628968322	
S1-619305726	
S1-187170599	
S1-768178207	
S1-533001081	
S1-315515388	
S1-789823496	
S1-881539050	
S1-265028718	
S1-177217982	
S1-284518126	
S1-117460095	
S1-875543930	
S1-54179221	
S1-474874808	
S1-233759571	
S1-983759167	
S1-892435453	
S1-382931679	
S1-714008599	
S1-917342970	
S1-976072834	
S1-57448171	
S1-52821123	
S1-364234870	S3-264207613
S1-937852724	
S1-372265920	
S1-187841638	
S1-241462250	
S1-680949045	
S1-254499597	
S1-407738556	
S1-128437573	
S1-634041216	
S1-481089424	
S1-814382377	
S1-797334034	S3-602432909
S1-185052903	
S1-192394720	
S1-361825812	
S1-614577352	
S1-49849540	
S1-844670371	
S1-835902344	S3-906044571
S1-669968510	
S1-726850419	
S1-185224846	
S1-201120138	
S1-973216492	
S1-147433200	S2-244461000,S2-795608900
S1-978080705	
S1-297786008	
S1-632935717	
S1-295003026	
S1-938429157	
S1-822346343	
S1-832615636	
S1-450383533	
S1-86353534	
S1-449545913	
S1-515506283	
S1-321080373	
S1-681864289	S2-550178936
S1-552791747	
S1-900059540	
S1-741247688	
S1-23535079	
S1-526964069	
S1-745269008	
S1-921048541	
S1-978269730	
S1-850272153	
S1-317890486	
S1-407561557	
S1-980969121	S3-23777620
S1-561654251	
S1-336807533	
S1-232494260	
S1-493492656	
S1-24346616	
S1-978415910	
S1-353528195	
S1-259278351	
S1-772322415	
S1-831439610	
S1-648674035	
S1-86028218	
S1-986727806	
S1-421938231	
S1-243004983	
S1-546471263	
S1-982342725	
S1-599438997	
S1-910265525	
S1-499237531	
S1-959342119	
S1-200038502	
S1-112648254	
S1-632993551	
S1-318773153	
S1-260664305	
S1-996010450	
S1-570001006	
S1-159894685	
S1-481654588	
S1-869442676	
S1-687313399	
S1-553308010	
S1-818016161	
S1-237401717	
S1-61042205	
S1-456770381	
S1-262690647	
S1-482597285	
S1-573696972	
S1-682333870	
S1-989531046	
S1-743925501	
S1-566986815	S3-429468127
S1-963762733	
S1-544605885	
S1-114822596	
S1-109710365	
S1-17912946	
S1-19623124	
S1-882524642	
S1-964088118	
S1-506379143	
S1-391320809	
S1-675091440	
S1-540329046	
S1-634451369	
S1-963978900	
S1-643478174	
S1-679226019	S2-643036049
S1-605761708	
S1-750225970	
S1-586996460	
S1-804317339	
S1-314813445	
S1-239363864	
S1-366053112	S2-358729683
S1-915130171	
S1-562214204	
S1-963439309	
S1-709390738	
S1-647306751	S2-330897416,S2-821529557,S3-187016644
S1-111192427	
S1-255366837	
S1-246807116	
S1-4617688	
S1-61120768	
S1-745585513	S2-233564659
S1-8865269	
S1-934065341	
S1-665147640	
S1-825514788	
S1-370241351	
S1-647109042	
S1-819418397	
S1-127007336	
S1-234942794	
S1-227079737	
S1-706515884	
S1-586428121	
S1-961764647	
S1-411387771	
S1-699678844	
S1-397291322	
S1-833356192	S2-304400302
S1-749209493	
S1-697785881	
S1-395257860	
S1-156532643	
S1-762137658	
S1-750191409	
S1-904289138	
S1-571397049	
S1-925293586	
S1-445470636	
S1-986801161	
S1-472847715	
S1-719786398	
S1-323172923	
S1-233717041	
S1-917897564	S2-247738094,S2-251860012,S2-51435294,S2-829602188,S2-926387302,S2-991736902,S3-404281660,S3-407822476,S3-618110846
S1-690391709	
S1-219184508	
S1-642409582	
S1-473337706	
S1-46344911	
S1-21019997	
S1-863399486	
S1-23732665	
S1-399500172	S2-592877157
S1-465267221	
S1-593340437	
S1-433307949	
S1-875446994	
S1-362085240	
S1-930897854	
S1-225941294	S3-538831779
S1-771899215	
S1-345982787	
S1-711328042	
S1-980982486	
S1-978512277	
S1-902627765	
S1-102675486	
S1-365931131	
S1-75488312	
S1-222143929	
S1-120594434	
S1-556011969	
S1-20836518	
S1-348146418	
S1-719266127	
S1-770924890	
S1-572219232	
S1-274620487	
S1-934127858	
S1-187803010	
S1-578201912	
S1-89534783	
S1-530660410	
S1-622106450	
S1-519271631	
S1-443579679	
S1-200126505	
S1-262772539	
S1-7847877	
S1-360111386	
S1-832782011	
S1-900487240	
S1-929378144	
S1-564215624	
S1-100887170	
S1-852860909	
S1-38649775	
S1-78056746	
S1-565698687	
S1-885630254	
S1-383287438	
S1-898368047	
S1-279657410	
S1-412312520	
S1-306268608	
S1-261267824	
S1-870817098	
S1-893325586	
S1-518107064	S2-698489713
S1-738730074	
S1-805815411	
S1-87582532	
S1-664214097	
S1-419171226	
S1-548260684	
S1-316035382	
S1-73202136	
S1-668924364	
S1-425462989	
S1-622618907	S2-395473104
S1-789675732	
S1-231841005	
S1-598297850	
S1-939979788	
S1-837162680	
S1-145223574	
S1-834411312	
S1-67923086	S3-728759240
S1-900307546	
S1-341912263	
S1-930223818	
S1-676992096	
S1-675789775	
S1-418192438	
S1-642800602	
S1-215420525	
S1-236342941	
S1-14288754	
S1-667559467	
S1-789052807	
S1-882343125	
S1-705735647	
S1-577141995	
S1-876754874	
S1-612493212	
S1-715040274	
S1-141643603	
S1-26278837	
S1-983555546	
S1-578008996	
S1-511480353	
S1-552642005	
S1-540393050	
S1-27795541	
S1-474424745	
S1-711300763	
S1-970003550	
S1-181002564	
S1-702170990	
S1-298622465	
S1-781038167	
S1-225501177	
S1-520149552	
S1-213719167	
S1-366717089	
S1-601775475	
S1-781541087	
S1-654028289	
S1-532256307	
S1-97500955	S2-216373674
S1-893125172	
S1-240514487	
S1-971847142	
S1-168676397	
S1-625228229	
S1-330388502	
S1-155534094	
S1-849323547	
S1-213308503	
S1-760645923	
S1-435081047	
S1-794659096	S2-482371631
S1-302124033	
S1-657831667	
S1-423652068	
S1-709615029	
S1-709038734	
S1-93748364	
S1-561904521	
S1-680301327	
S1-220948870	
S1-262906588	
S1-781862073	
S1-651366438	
S1-91100111	
S1-151417476	
S1-825852075	S2-742986381
S1-265523177	
S1-276203133	
S1-386203025	
S1-830844487	
S1-930375764	
S1-448998702	
S1-676237630	
S1-68069166	
S1-82032504	
S1-188729587	
S1-899210490	
S1-191986785	
S1-996506670	
S1-841109284	
S1-591405193	
S1-502471866	
S1-493960329	
S1-583076646	
S1-106214793	
S1-218053465	
S1-462672048	
S1-724266509	
S1-54809072	
S1-207376959	
S1-812252880	
S1-116401672	
S1-881737366	
S1-264084935	
S1-265427322	
S1-486786182	
S1-702220028	
S1-878842683	
S1-360362803	S3-296546349
S1-362364162	
S1-356759734	
S1-824474661	
S1-147325474	
S1-985623564	
S1-898112222	
S1-311563587	
S1-985824302	
S1-432629112	
S1-763011746	
S1-245555604	
S1-976209128	
S1-951215749	
S1-339620634	
S1-608826217	S2-120654843
S1-351975832	
S1-345398386	
S1-711981087	
S1-694004604	
S1-316918311	
S1-137264758	
S1-163219405	
S1-357075859	S3-67579604
S1-273854902	
S1-268103346	
S1-947072711	
S1-418524906	
S1-39981250	
S1-838670749	
S1-372873352	
S1-53418342	
S1-59540484	
S1-612610243	
S1-207767682	
S1-321727064	
S1-130275096	
S1-288264652	
S1-2710811	
S1-761790850	
S1-376434457	
S1-629133646	S3-454313229
S1-722045716	S2-846878876,S3-504162265
S1-670976281	
S1-389751384	
S1-925345957	
S1-642436237	
S1-493348407	
S1-200948708	
S1-531883858	
S1-548079267	
S1-918555946	
S1-330396142	
S1-252131452	
S1-137900923	S3-648796052
S1-726971366	
S1-319902789	
S1-977092663	
S1-189030844	
S1-767522917	
S1-249645079	
S1-78641001	
S1-590980798	
S1-530620635	
S1-848800123	
S1-353332060	
S1-691627676	
S1-620725861	
S1-840832814	
S1-22551785	
S1-877274189	
S1-626084620	
S1-974431266	
S1-217747951	
S1-730635570	
S1-355829064	
S1-80002872	
S1-488527915	
S1-459519625	
S1-406063478	
S1-444451397	
S1-945174888	
S1-436033143	
S1-961070250	
S1-927837680	
S1-428241379	
S1-812100716	
S1-302966871	
S1-118789835	
S1-379097403	
S1-733783891	
S1-423120922	
S1-323351645	
S1-340674201	
S1-400369901	
S1-445126861	
S1-506512218	
S1-230811596	
S1-776483111	
S1-869869730	S3-943727182
S1-761830525	
S1-981128026	
S1-381444030	
S1-805485315	
S1-893969641	
S1-963451725	
S1-364416351	
S1-883585731	
S1-874232273	
S1-175665787	
S1-288678130	
S1-132000803	
S1-245794602	
S1-476245720	
S1-222960421	
S1-313579482	
S1-983212710	
S1-210092070	
S1-550538082	
S1-393944040	
S1-598278155	
S1-942550385	
S1-564157275	
S1-307755916	
S1-799548559	
S1-509902893	
S1-42753853	S2-135512918
S1-60905901	
S1-672645224	
S1-286698859	
S1-493724609	
S1-256212932	
S1-595270213	
S1-312372486	
S1-650614111	
S1-13082054	
S1-776704667	
S1-304885245	
S1-920358478	
S1-779639686	
S1-643925834	
S1-482273926	
S1-106892607	
S1-777649041	
S1-569849990	S3-273920631
S1-389539087	
S1-990120337	
S1-318857694	
S1-50508447	
S1-33498729	
S1-640922208	
S1-221680146	
S1-630289612	
S1-295884910	
S1-398849377	
S1-337466453	
S1-148207061	
S1-185878272	
S1-445542222	
S1-482568376	
S1-76318244	
S1-275388608	
S1-324885285	
S1-842661007	
S1-843820448	
S1-314933432	
S1-770666686	
S1-793841696	
S1-567450838	
S1-389671850	
S1-874153014	
S1-45265426	
S1-289273044	
S1-715139594	
S1-637450886	
S1-62936027	
S1-484777046	
S1-760991301	
S1-301272145	
S1-219238667	
S1-929669438	
S1-709148284	S2-12319116,S3-250819391,S3-542824123
S1-942265375	
S1-516660145	
S1-229635551	
S1-6075819	
S1-930218495	
S1-183842770	
S1-485667021	
S1-169972830	
S1-532203436	
S1-399307895	
S1-739053927	
S1-872141911	
S1-111845537	
S1-601381701	
S1-906555313	
S1-291623	
S1-193183650	
S1-238135770	
S1-249635442	
S1-835776209	
S1-412923883	
S1-851645996	
S1-521921717	
S1-773122362	
S1-65299883	
S1-773544157	
S1-122995386	
S1-804838809	
S1-377787084	
S1-850719752	
S1-138013635	
S1-233235757	
S1-82372448	
S1-689231880	
S1-93153348	
S1-844249347	
S1-23295595	
S1-562314142	
S1-73660576	
S1-451621353	
S1-666061583	
S1-637170170	
S1-3637925	
S1-187850060	
S1-781224174	
S1-497605721	
S1-696380097	S3-328840802
S1-217309972	S3-219752780
S1-359743506	
S1-536729361	
S1-360315478	
S1-294375296	
S1-216570092	
S1-487622748	
S1-66571953	
S1-726249707	
S1-327760542	
S1-205478624	
S1-648018125	
S1-211658453	
S1-920956069	
S1-806169256	
S1-158923633	
S1-78346279	
S1-666815226	
S1-975839558	
S1-557632043	
S1-626518690	
S1-637483443	
S1-633389535	
S1-250399264	
S1-959040870	S2-985866248
S1-22364803	
S1-998070401	
S1-935370629	
S1-799459232	
S1-862238327	
S1-665984921	
S1-57118668	
S1-766446538	
S1-59213890	
S1-780537120	
S1-619737413	
S1-754773647	
S1-952503130	
S1-919404433	
S1-483471454	
S1-390987405	
S1-362684868	
S1-512912930	
S1-223612080	
S1-880695109	
S1-159736747	
S1-37086046	
S1-221285814	
S1-759154909	
S1-561478800	
S1-944848798	
S1-677855919	
S1-737738760	
S1-140958661	
S1-885989675	
S1-503226851	
S1-151716621	
S1-304428991	
S1-544276859	
S1-902897034	
S1-65438301	
S1-373987896	
S1-424515952	
S1-889258933	
S1-974415904	
S1-645440684	S2-130309662,S2-473295515,S2-480006522
S1-454660001	
S1-925320413	
S1-340851587	
S1-308192505	
S1-296524707	
S1-347082410	
S1-717288082	
S1-127074374	
S1-75083385	
S1-122957910	
S1-690871579	
S1-886034583	
S1-262098531	
S1-510625226	
S1-828843376	
S1-828115514	
S1-739877600	
S1-35018057	
S1-474902258	
S1-952281163	
S1-980427653	
S1-444957139	
S1-195829266	
S1-488375675	
S1-44190617	
S1-345730752	
S1-63501512	
S1-458690152	
S1-281348065	
S1-154554396	
S1-203109239	S3-892330054
S1-22768138	
S1-717498640	
S1-719530408	
S1-857408699	
S1-467435739	
S1-378519577	
S1-63388496	
S1-450276559	
S1-752838647	S2-909787336
S1-69319568	
S1-781073679	
S1-829120890	
S1-121239216	
S1-926903948	
S1-436527096	
S1-494788653	S2-108680526
S1-9656	
S1-207851002	
S1-754740110	S2-410073643
S1-707286122	
S1-871460150	
S1-278952113	
S1-548197484	
S1-704558281	S2-474006003
S1-267936894	
S1-263157900	
S1-480883555	
S1-704515384	
S1-122743800	
S1-498637451	
S1-875722036	
S1-273755891	
S1-942810056	
S1-262667746	
S1-553330844	
S1-358694470	
S1-120315372	
S1-470782084	S3-97431681
S1-301722254	
S1-802960334	
S1-456335894	
S1-473156663	
S1-863248653	
S1-155987033	
S1-948874707	
S1-577516647	
S1-618600260	
S1-4584828	
S1-747178261	
S1-996528377	
S1-906182390	
S1-770118022	
S1-274224202	S2-686410143,S2-765829266
S1-211400342	
S1-677558435	
S1-797064019	
S1-633119188	S2-704702813
S1-123808526	
S1-291579202	
S1-543620861	
S1-905046530	S3-826567922
S1-287719409	
S1-882793310	
S1-762794127	
S1-495727210	
S1-951632098	
S1-888707963	
S1-125659636	
S1-222943650	S2-425292799,S3-502759398
S1-852580961	
S1-425339848	
S1-212679416	
S1-320467653	
S1-411988611	
S1-383851242	
S1-554618076	
S1-451114686	S2-29569525,S2-385906219,S2-531845572,S3-678442040
S1-469680521	
S1-262616405	
S1-431981572	
S1-243107148	
S1-210659321	
S1-908575411	
S1-733205312	
S1-245460111	
S1-709509841	
S1-220752913	
S1-498147024	
S1-686311652	
S1-843930094	
S1-494209750	
S1-424181223	
S1-898613477	
S1-891022178	
S1-274506752	
S1-850608873	
S1-168123494	
S1-737312597	
S1-465051921	
S1-471827793	
S1-571182024	
S1-94657280	
S1-20001438	
S1-662423687	
S1-961830617	
S1-136983385	
S1-196889791	
S1-920681649	
S1-23072446	
S1-279671230	
S1-259710158	
S1-325239325	
S1-890664933	
S1-299420154	
S1-689929791	
S1-657580130	
S1-550230316	
S1-121679698	S2-877635712
S1-833938544	
S1-129063324	
S1-422664591	
S1-820686226	
S1-682782952	
S1-32925948	
S1-240194639	
S1-554435384	
S1-492716220	
S1-271132701	
S1-372758882	
S1-383524644	
S1-287114235	
S1-669070178	
S1-319937544	
S1-120325923	
S1-532197508	
S1-626655920	
S1-223489045	
S1-185048942	
S1-251671245	
S1-848296319	
S1-479953659	S2-185013334,S2-258515598
S1-561166163	
S1-699925711	
S1-299085903	S3-385973191
S1-854418964	
S1-231933793	
S1-328716236	
S1-382377490	
S1-178134828	
S1-373042781	
S1-384810475	
S1-369953866	S2-568728574
S1-799853126	
S1-173417123	
S1-996170896	
S1-561789666	
S1-326312291	
S1-101159118	
S1-272786978	
S1-949969747	
S1-355631091	
S1-148256465	S2-188368209,S2-465593416,S2-893700456
S1-488580063	
S1-552331778	
S1-470042799	
S1-348922438	
S1-585612868	
S1-911075047	
S1-934343334	
S1-515287891	
S1-322065542	
S1-998514076	
S1-725891125	
S1-396102365	
S1-764423661	
S1-497129226	
S1-447076577	
S1-402809131	
S1-175999705	
S1-309336801	
S1-934770976	
S1-263233016	
S1-436267915	
S1-763863759	
S1-799441665	
S1-113461704	
S1-351362169	
S1-399983221	
S1-993338036	
S1-774035889	
S1-631621570	
S1-577967569	
S1-449276563	
S1-415427845	
S1-211821207	
S1-136157951	
S1-557025565	
S1-611078011	
S1-18045704	
S1-951167885	
S1-539803919	
S1-447801719	
S1-690374685	
S1-418793091	
S1-318158554	
S1-33108396	
S1-461200908	
S1-902590024	
S1-720896711	
S1-704684604	
S1-229106243	
S1-630847149	
S1-607357853	
S1-178801158	
S1-317104611	
S1-898016062	
S1-657997336	
S1-885948757	
S1-919289887	
S1-584318830	S3-659641451
S1-931929168	
S1-55745019	
S1-346282161	
S1-598455101	
S1-897705564	
S1-596757994	
S1-174939691	
S1-218294539	
S1-282474892	
S1-173348505	
S1-260102360	
S1-657625230	S3-601675965
S1-211940243	
S1-521568507	
S1-340011656	
S1-122549464	
S1-535946820	S2-13150231
S1-544766973	
S1-188897486	
S1-451956065	
S1-751744411	
S1-881015635	
S1-709174146	
S1-630588615	
S1-820762377	
S1-181658051	
S1-963405058	
S1-792077173	
S1-541255230	
S1-139483135	
S1-345940963	S3-677028172
S1-665068872	
S1-854347226	
S1-415748341	
S1-482245024	
S1-482431620	
S1-450070318	
S1-552974724	
S1-746098656	
S1-565684835	
S1-109684337	
S1-264283256	
S1-429805918	
S1-518486575	
S1-747139379	
S1-2295971	
S1-74838969	S2-78584830
S1-120663041	
S1-186113354	
S1-397594216	
S1-953089423	
S1-499883850	
S1-500035865	
S1-6367777	
S1-145257307	
S1-168874053	
S1-404111440	
S1-219699790	
S1-406945895	
S1-50031476	
S1-629086112	
S1-456738780	
S1-873181647	
S1-903018601	
S1-558423691	S2-328794803,S2-99269459
S1-800395513	
S1-324984630	
S1-720617289	
S1-853047876	
S1-326532877	
S1-935568355	
S1-347855614	
S1-337501285	S2-423000730,S3-28391425,S3-798390923
S1-57242377	S3-563597123
S1-190638700	
S1-21320993	
S1-842924289	S2-556822469
S1-491801669	
S1-821945373	
S1-274568403	
S1-524370956	
S1-132202872	
S1-161760868	
S1-45170057	
S1-566185627	
S1-224776547	
S1-387625505	
S1-649107216	
S1-117011291	
S1-450570431	
S1-187857149	S3-152571144,S3-419014750
S1-448151873	
S1-236695393	
S1-697341445	
S1-190329346	
S1-550288121	
S1-387059813	
S1-293355915	
S1-216707659	
S1-16144068	
S1-743213110	
S1-693855647	
S1-97308681	
S1-807781293	
S1-438332550	
S1-731524092	
S1-542355889	
S1-400456965	S2-261149262,S2-60331805,S3-632352044
S1-834573905	
S1-631541658	
S1-60234003	S2-295646726,S2-717813805
S1-151557412	
S1-41158081	
S1-808300149	
S1-601280030	
S1-197422312	
S1-434542562	
S1-959066721	
S1-841437257	
S1-975388619	
S1-107321141	
S1-238821946	
S1-115802510	
S1-422111005	
S1-174706929	
S1-251678120	
S1-824301185	
S1-85982606	
S1-890205535	
S1-534336424	
S1-653912756	
S1-316257096	
S1-876433041	
S1-397710542	S3-280541618,S3-43056314,S3-489941683
S1-55186276	
S1-982526052	
S1-499608492	
S1-783815431	
S1-694445062	
S1-153461578	
S1-95155834	
S1-32095390	
S1-680270540	
S1-225039859	
S1-277647291	
S1-858419017	
S1-353250452	
S1-714651886	
S1-419666430	
S1-786598209	
S1-682362181	
S1-46136490	
S1-882928708	
S1-260548050	
S1-666454694	S3-227496445
S1-488963520	
S1-276745938	
S1-658730868	
S1-558708268	
S1-375710591	
S1-836212221	
S1-276291803	
S1-745536757	
S1-910085967	
S1-674623647	
S1-877930591	
S1-683161223	
S1-350741916	
S1-278801396	
S1-797679363	
S1-873566327	
S1-842135661	
S1-4068964	
S1-920931958	
S1-114667204	
S1-677948444	
S1-530247306	
S1-445454298	
S1-980937560	
S1-986825147	
S1-405407013	
S1-155020788	
S1-29531771	
S1-309915424	
S1-729720824	
S1-117907769	
S1-290324550	
S1-144664414	
S1-474890174	
S1-302984270	
S1-935928548	
S1-210944346	
S1-105733416	
S1-820628802	
S1-928169262	
S1-581757456	
S1-519412721	S3-739867498
S1-201379217	
S1-20614186	
S1-47245234	
S1-730754059	
S1-44722633	
S1-466357292	
S1-85157180	
S1-276238317	
S1-769385037	
S1-420886211	
S1-615193421	
S1-241185169	
S1-605484745	
S1-784539010	S2-207217799,S2-574584543,S2-597397985,S2-63082253,S2-920233551,S3-148156789,S3-244669915
S1-132700243	
S1-364737568	
S1-122380051	
S1-565765035	
S1-124004399	
S1-933399969	
S1-721722156	
S1-494610588	
S1-180319111	
S1-652753056	
S1-542908439	
S1-409059858	
S1-584043480	
S1-884418061	
S1-834666758	
S1-486164666	S3-363651203
S1-806355589	
S1-553477568	
S1-629527710	
S1-585699715	
S1-190458753	S2-139130984,S3-173969900,S3-182512145
S1-445165786	
S1-256766219	
S1-798068839	S3-96581713
S1-539268549	
S1-753782302	
S1-964539415	
S1-105745975	
S1-997952003	
S1-30161287	
S1-653852598	
S1-239311971	
S1-634084139	
S1-859172216	S2-236502124
S1-927333500	
S1-884801638	
S1-61633905	
S1-627064015	
S1-778550432	
S1-976573704	
S1-376633284	
S1-97737242	
S1-321964965	
S1-253792942	
S1-523016027	
S1-753271891	
S1-999035930	
S1-841342416	
S1-815823555	
S1-712318822	
S1-974152176	
S1-670668380	
S1-107590331	
S1-384338627	
S1-768900728	
S1-102359712	
S1-403512963	
S1-492431084	
S1-994293868	
S1-996170693	
S1-534939072	
S1-684704321	
S1-921705983	
S1-365213303	
S1-609410443	
S1-809429381	
S1-698748039	
S1-677394479	
S1-734512570	
S1-185430065	
S1-996144465	
S1-234519824	S2-780499094,S2-840906265
S1-367889774	
S1-694549014	
S1-762104640	
S1-463023117	
S1-714280091	S2-519920719,S3-379835856
S1-368640319	
S1-299747412	
S1-220081843	
S1-655091199	
S1-163859319	S3-476426976
S1-830103665	
S1-960533364	
S1-614433861	
S1-962930116	
S1-326532320	
S1-391934344	
S1-166812689	
S1-8246044	
S1-515926593	
S1-345589583	
S1-362824194	
S1-991545716	
S1-815713123	
S1-104593082	
S1-236795964	
S1-920144659	
S1-976999587	
S1-275324415	
S1-884303177	
S1-817320144	
S1-981720299	
S1-225964851	
S1-749761433	S3-990214711
S1-902572132	
S1-562928788	
S1-155255574	
S1-332140048	
S1-931070215	
S1-210505423	
S1-387501196	
S1-135756822	
S1-720870415	
S1-15271289	
S1-285614235	
S1-342176833	
S1-174839142	
S1-880348163	
S1-895635630	
S1-847314452	
S1-311447075	
S1-708758912	
S1-794716403	
S1-48896481	
S1-906223454	
S1-89315923	
S1-242120391	S2-854028734
S1-515810664	
S1-391310258	S3-118379625
S1-737345474	
S1-373616867	S2-834112614
S1-354731096	
S1-408155956	
S1-999670584	
S1-586586888	
S1-590526526	
S1-257213845	
S1-586148905	
S1-916825713	
S1-963285489	
S1-839183785	S2-198519159,S2-259463679
S1-739376057	
S1-232649785	
S1-689317125	
S1-133853486	
S1-73074111	
S1-231957140	
S1-775437782	
S1-279823515	
S1-17111268	
S1-729681964	
S1-464475499	
S1-738535185	
S1-816882948	
S1-901038247	
S1-215452630	
S1-742913144	S2-991340552
S1-277474612	
S1-764491740	
S1-894643394	
S1-172952202	
S1-933455401	
S1-388647152	
S1-301280899	
S1-807014466	
S1-114110209	
S1-112982256	
S1-815633856	
S1-144678399	
S1-926581252	
S1-501257398	
S1-956750707	
S1-505624407	
S1-316023203	
S1-149638154	S2-573770363
S1-385335371	
S1-505952386	
S1-691188256	
S1-147911391	
S1-862789960	
S1-731493434	
S1-985650068	
S1-633799753	
S1-746483886	
S1-351371662	
S1-542713547	S2-932162073
S1-422263459	
S1-605072066	
S1-412192987	
S1-37318325	
S1-624731465	
S1-33401708	
S1-573141406	
S1-808391402	
S1-637442805	
S1-483008878	
S1-896766929	
S1-494829721	
S1-832896729	
S1-475159643	
S1-947284594	
S1-357286416	
S1-341052671	
S1-985768110	
S1-991837919	
S1-825538492	
S1-889623882	
S1-385957404	
S1-866454075	
S1-288455942	
S1-155269030	
S1-17748070	
S1-521589154	
S1-295698054	
S1-659838943	
S1-113514541	
S1-944094998	S3-19339829
S1-521340361	
S1-78136842	
S1-568912684	
S1-351811885	
S1-152323553	
S1-52379605	
S1-279338442	
S1-375528054	
S1-683344529	
S1-499207128	
S1-701604583	
S1-240150942	
S1-596882071	
S1-642939438	
S1-880402990	
S1-832766577	
S1-205405169	
S1-71151856	
S1-35423284	
S1-887790151	
S1-698166226	
S1-172750601	
S1-143592359	
S1-64043384	S2-785893047
S1-241339985	S2-185013334,S2-208443847,S3-676594819
S1-85809334	
S1-371593132	
S1-836450513	
S1-887758301	
S1-803592057	
S1-210925539	
S1-93594819	
S1-263184859	
S1-485657461	S2-130335447
S1-774672088	
S1-153383003	
S1-926893560	
S1-830815688	
S1-531033642	
S1-314845688	S2-767912318,S3-144159472,S3-328940207,S3-561839301
S1-587873089	
S1-680523112	
S1-275708430	
S1-270587395	
S1-965771188	
S1-139209728	
S1-485974113	
S1-447101683	
S1-345563588	
S1-208239069	
S1-54318160	
S1-422425607	
S1-459549070	
S1-867209614	
S1-721079900	
S1-133122444	
S1-971497795	
S1-636361806	
S1-201431905	
S1-688318259	
S1-222072022	
S1-347295895	
S1-876484158	
S1-73744609	
S1-366040028	
S1-476382242	
S1-705722700	
S1-666392314	
S1-234144807	
S1-104219224	
S1-32326735	
S1-451349938	
S1-373164942	
S1-925223946	
S1-13343634	
S1-512053768	
S1-288825026	
S1-858510895	
S1-890099629	
S1-250796334	
S1-63796380	
S1-663676119	
S1-966930195	
S1-252037133	
S1-214114507	
S1-429630990	
S1-955798478	
S1-451817555	
S1-80992480	
S1-585084884	
S1-136822230	
S1-491010427	
S1-611097996	
S1-872660176	
S1-21520381	
S1-372245017	
S1-856203662	
S1-122999352	
S1-735525180	
S1-98056446	S2-767912318,S3-144159472,S3-328940207,S3-561839301
S1-148320824	
S1-958998805	
S1-461239743	
S1-51578481	
S1-294581634	
S1-66539882	
S1-989624159	
S1-12996257	
S1-504259912	
S1-299053210	
S1-985549142	
S1-695934376	
S1-879602042	
S1-732038508	
S1-425102420	
S1-421602593	
S1-653722529	
S1-72635438	
S1-656221868	
S1-67682355	
S1-737878264	
S1-187163390	
S1-295358679	
S1-767504906	
S1-104962361	
S1-826696986	
S1-700950928	
S1-489018950	
S1-344886739	
S1-263459719	
S1-285500822	
S1-964689814	
S1-719652977	
S1-36342274	
S1-312916489	
S1-934333761	
S1-680978416	
S1-41774024	
S1-320695305	
S1-69069566	
S1-844978682	
S1-390663774	
S1-522735215	
S1-867145998	
S1-787305616	
S1-770643623	
S1-147453363	
S1-857171765	
S1-514987576	
S1-841154090	
S1-476834433	
S1-430012413	
S1-18782687	
S1-728651684	
S1-942299569	
S1-69722088	
S1-979708021	
S1-483068453	
S1-742699902	
S1-882761631	
S1-562429290	
S1-733751109	
S1-278698379	
S1-764699897	
S1-16137510	
S1-394108714	
S1-447694869	
S1-653370694	
S1-45504976	
S1-81726803	S3-199830103
S1-423150365	
S1-98437282	
S1-693369504	
S1-460195308	
S1-71468078	
S1-828441182	
S1-861055068	
S1-674612021	
S1-976412061	
S1-348053040	
S1-818374652	
S1-209558747	
S1-38357027	
S1-418268184	
S1-525140136	
S1-741491329	
S1-820929697	
S1-984102363	
S1-154690291	
S1-848658714	
S1-385962608	
S1-565524381	
S1-841815766	
S1-296862762	
S1-632623252	
S1-296908711	
S1-196344702	
S1-359905122	
S1-201301101	
S1-913920522	
S1-689686720	
S1-50999384	
S1-404717902	
S1-94083893	
S1-99039498	
S1-66726657	
S1-259039760	S2-509215667
S1-648318665	
S1-266468384	
S1-127230370	
S1-458613103	
S1-667193309	S2-601113320
S1-197735348	
S1-326075024	
S1-66079721	
S1-878564864	
S1-311508781	
S1-140480361	
S1-985358869	
S1-809670434	
S1-382550567	
S1-742232823	
S1-344242997	
S1-203530158	
S1-833952524	
S1-768357055	
S1-13851980	
S1-513923891	
S1-577633302	
S1-849760626	
S1-280659737	
S1-514476001	
S1-209100012	
S1-506325594	
S1-991879078	
S1-231354771	
S1-209718013	
S1-328746962	
S1-801277100	
S1-667043569	
S1-646906187	
S1-933103532	
S1-803466572	
S1-239406971	
S1-802951877	
S1-551795145	
S1-671745593	
S1-314979584	
S1-996386227	
S1-505080111	
S1-776104327	S2-21923784,S2-612591290,S2-817996506,S3-362438995
S1-979718779	
S1-502398312	
S1-125695675	
S1-686030948	
S1-573749826	
S1-578908931	
S1-822964647	
S1-444752297	
S1-182002086	
S1-393096397	
S1-805154959	
S1-980563899	
S1-930675515	
S1-387643487	
S1-574223618	
S1-925922408	
S1-222004463	
S1-268800516	
S1-783318729	
S1-477252275	
S1-460084109	
S1-741920300	S3-124993524
S1-162750166	
S1-974146016	
S1-423271046	
S1-884774122	
S1-209758064	
S1-390029789	
S1-726273133	
S1-937525293	
S1-817334251	
S1-18684930	
S1-55131936	
S1-291101871	
S1-964961284	
S1-128038458	
S1-297195992	
S1-984402089	
S1-802929411	
S1-679366429	
S1-527492669	
S1-711255334	
S1-550267735	
S1-307798532	
S1-664125269	
S1-331891563	
S1-422716886	
S1-805463797	
S1-872312284	
S1-601183818	
S1-590990427	
S1-296344503	
S1-696220737	
S1-36963546	
S1-702854262	
S1-49928915	
S1-138835798	
S1-259907592	
S1-638143504	
S1-671592767	
S1-448336347	S2-765829266
S1-385099537	
S1-124496431	
S1-902157400	
S1-559855223	
S1-660609324	
S1-460935729	S3-849090436
S1-655201668	
S1-335146395	
S1-498807515	
S1-296327746	
S1-527560024	
S1-403260188	
S1-88345177	
S1-85179331	
S1-644328183	
S1-537496863	
S1-73591925	
S1-469049422	
S1-424431161	
S1-856197625	
S1-257636191	S2-497972322,S2-728767898,S2-919924109,S3-45883756
S1-796160385	
S1-983717527	
S1-48957781	
S1-19724317	
S1-182990377	
S1-653844055	
S1-496408250	
S1-858734982	
S1-150353322	
S1-430118103	
S1-130368807	
S1-94052100	S2-12319116
S1-502542647	
S1-923935134	
S1-398794492	
S1-360160116	
S1-862521330	
S1-307084238	
S1-125052146	
S1-389099911	
S1-269617469	
S1-461703594	
S1-294907883	
S1-227634864	
S1-661932243	
S1-468872133	
S1-594445577	
S1-178549036	
S1-534380631	
S1-59362941	
S1-206121644	
S1-583061434	
S1-982877052	
S1-820827811	
S1-592658047	
S1-926686436	
S1-917247070	
S1-806948554	
S1-348591928	
S1-280225649	
S1-106347126	
S1-97152232	
S1-276301615	
S1-9522858	
S1-380882585	
S1-370137218	
S1-867648298	
S1-247056624	
S1-8610527	
S1-663978810	S3-748907354
S1-369784575	
S1-351620565	
S1-891979872	
S1-243103427	
S1-874378365	
S1-271538146	
S1-965011129	S3-29345209
S1-172619519	
S1-366046054	
S1-747742255	
S1-828498886	
S1-227754652	
S1-875335901	
S1-13916347	
S1-956378229	
S1-490271498	
S1-95717695	
S1-627228409	
S1-671684435	
S1-663153376	
S1-165364682	
S1-9784676	
S1-766842845	
S1-779545155	
S1-457849574	
S1-213016940	
S1-117941479	
S1-822803568	
S1-220454717	
S1-386939465	
S1-420919170	
S1-314604732	
S1-554513904	
S1-331883209	S2-444614067,S3-97868367
S1-510954721	
S1-598653127	
S1-964537692	
S1-919200268	
S1-609307440	
S1-479772769	
S1-367650539	
S1-630394707	
S1-799839647	
S1-543223856	
S1-586470396	
S1-177889538	
S1-121975558	
S1-40592083	
S1-216612378	
S1-462780222	
S1-431466554	
S1-209810266	
S1-603799639	
S1-330266647	
S1-635874021	
S1-31134715	
S1-24111895	
S1-753613024	
S1-978569204	
S1-440460087	
S1-749223173	
S1-911460895	
S1-348612817	
S1-84476273	
S1-750049934	
S1-399248180	
S1-475174237	
S1-321283428	
S1-977350126	
S1-270617275	
S1-556838097	
S1-776764689	
S1-549050683	
S1-341869004	
S1-14187352	
S1-611735717	
S1-315986488	
S1-355131137	
S1-721085060	
S1-179086987	
S1-552507780	
S1-681408130	
S1-793575365	
S1-421251220	
S1-771315854	
S1-213452286	
S1-157180348	
S1-725597554	
S1-541475542	
S1-508980438	
S1-196573311	
S1-78998510	
S1-778389578	
S1-158227322	
S1-727494307	
S1-979794061	
S1-771551781	
S1-142114968	
S1-282012442	S2-625913411
S1-788796769	
S1-43722576	
S1-44349716	
S1-413836804	
S1-20769446	
S1-551594521	
S1-734554818	
S1-832217095	
S1-760198321	
S1-818752572	
S1-403257437	
S1-105617122	
S1-532363124	
S1-344829036	
S1-244709463	
S1-372136124	
S1-346606244	
S1-298747161	
S1-803354445	
S1-264184476	
S1-484346059	
S1-71092957	S2-120427855
S1-215336500	
S1-45690088	
S1-19180091	
S1-789432077	
S1-618092527	
S1-251016251	
S1-733099461	
S1-892356405	
S1-797157751	
S1-544403341	
S1-997957282	
S1-83237642	
S1-586448642	
S1-859402916	
S1-536593752	
S1-779043041	
S1-470135202	
S1-372790637	
S1-513119760	
S1-42197732	
S1-875320643	
S1-591809788	
S1-140092014	
S1-993650194	
S1-414531582	
S1-455560843	
S1-399845095	
S1-977025956	
S1-42984572	
S1-976998121	
S1-558867871	
S1-666525253	
S1-779105243	
S1-572750759	
S1-925504403	
S1-327955121	
S1-746058795	
S1-891300328	
S1-113700125	
S1-506511289	
S1-445054979	
S1-152987467	
S1-277570142	
S1-532912653	
S1-385639138	
S1-249723576	
S1-60790970	
S1-784853416	
S1-360618850	
S1-397576470	
S1-414929948	
S1-923405090	
S1-137293265	
S1-579638463	
S1-767550545	
S1-473314664	
S1-144258961	
S1-599413050	
S1-73628392	
S1-414076629	S2-957669373
S1-426684522	
S1-530583676	
S1-469597650	
S1-439727010	
S1-390779829	
S1-192716537	
S1-382838171	
S1-388221074	
S1-693419114	S3-253164539
S1-613002100	
S1-503262318	
S1-467195489	
S1-75468479	
S1-945281650	
S1-349146387	
S1-185405008	
S1-885383258	S2-13695255
S1-791797596	
S1-134217464	
S1-489407469	
S1-560901786	
S1-763332579	
S1-99886146	
S1-531401484	
S1-381315125	
S1-356560291	
S1-650746273	
S1-387640922	
S1-727793963	
S1-63226165	
S1-249657580	S3-816929477
S1-351096195	
S1-834935439	
S1-284745891	S2-544508980,S2-865296385
S1-556327689	
S1-469117014	
S1-398863902	
S1-474319429	
S1-311180514	
S1-773809579	
S1-383580609	
S1-559225037	
S1-788216673	
S1-57983851	
S1-192713100	
S1-626399188	
S1-151229313	
S1-37100622	
S1-248623846	
S1-747000298	
S1-211870831	
S1-116649104	
S1-749863920	
S1-503188813	
S1-807091876	S2-628888703
S1-388588221	
S1-502505717	
S1-595577227	
S1-910646790	
S1-864266937	
S1-206474533	
S1-299605256	
S1-68180131	
S1-393446199	
S1-88201265	
S1-218131356	
S1-80511535	
S1-14590124	
S1-901202753	
S1-843218606	
S1-626745246	
S1-632955123	
S1-114137998	
S1-698413243	
S1-712275388	
S1-673166017	
S1-743772652	
S1-481030628	
S1-829868209	S2-497972322,S2-519920719,S2-728767898,S2-919924109,S3-117250439,S3-371367532,S3-379835856,S3-571327237,S3-660080086
S1-672710146	
S1-730685853	
S1-473899308	
S1-773790627	
S1-929351044	
S1-93008688	
S1-566924739	S3-374003986
S1-720785842	
S1-143040755	
S1-759313152	
S1-188539322	
S1-485100167	
S1-724814117	
S1-175391304	
S1-464003752	S2-130309662
S1-806678774	
S1-255136523	
S1-365267212	
S1-968277963	
S1-42796698	
S1-234382884	S2-130309662
S1-938007677	
S1-979280319	
S1-644118766	
S1-696275077	
S1-444661586	
S1-934069903	
S1-586367925	
S1-626748046	S2-7332976
S1-542182246	
S1-777867143	
S1-661700414	
S1-309336028	
S1-343059092	
S1-20514952	
S1-179065360	
S1-594920796	
S1-569117605	
S1-454408210	
S1-403955400	
S1-275214751	
S1-52863425	
S1-864264471	
S1-776487888	
S1-478311298	
S1-509667411	
S1-26866705	
S1-826741579	
S1-931301234	
S1-439698624	
S1-456312640	
S1-522770111	
S1-255485841	
S1-917272088	
S1-702405702	S2-108984077,S2-515152170
S1-10319946	
S1-977169888	
S1-409553307	
S1-970404260	
S1-792855138	
S1-533194745	
S1-514825398	
S1-295491278	S2-191707301
S1-63543835	
S1-454621222	
S1-24258463	
S1-992238296	
S1-606288655	
S1-726049439	
S1-430286305	
S1-334096381	
S1-162747526	
S1-876608406	
S1-862728690	
S1-125553588	
S1-766365240	
S1-934775871	
S1-733630061	
S1-984121574	
S1-694600717	
S1-603028551	
S1-1152619	
S1-324972216	
S1-959421194	
S1-55503526	
S1-965006519	
S1-744341511	
S1-369780073	
S1-337578410	
S1-989932038	
S1-390016901	
S1-93353759	
S1-873710355	
S1-477684270	
S1-670235506	
S1-222126975	
S1-753678652	
S1-594906541	S2-885184685
S1-389887998	
S1-150968481	
S1-367276050	
S1-925037484	
S1-993529085	S3-740199098
S1-200739697	
S1-125537932	
S1-113160684	
S1-793388864	
S1-118309697	
S1-325094161	
S1-753210556	
S1-826585267	
S1-742981237	
S1-965455032	
S1-787925807	
S1-423621152	S2-713264333,S2-878460826,S3-60303669
S1-489112622	S3-375231734
S1-430483409	
S1-554473141	
S1-584418065	
S1-791710631	
S1-647065374	
S1-441472069	
S1-761806782	
S1-195828435	
S1-615116399	
S1-346806500	
S1-438654109	
S1-589543647	
S1-680116286	
S1-425372092	
S1-16467849	
S1-632751896	
S1-761251478	S2-218163632,S2-813097957,S2-968505057
S1-701840167	
S1-608995554	
S1-275637295	
S1-498634360	
S1-157651101	
S1-483003814	
S1-785044963	
S1-254078271	
S1-264143938	
S1-912334364	
S1-271595619	
S1-174019945	
S1-283010636	
S1-169860189	S2-188368209,S2-240440098,S2-309385659,S2-465593416
S1-358356695	
S1-399116210	
S1-269860335	
S1-547083742	
S1-338447121	
S1-512445771	
S1-474667095	
S1-987471271	
S1-457875931	
S1-365457497	
S1-243299413	
S1-660791899	
S1-4475069	
S1-563687605	
S1-199473661	
S1-827164820	
S1-348091039	
S1-325462692	
S1-144645750	
S1-466644704	
S1-713646504	
S1-64591801	
S1-335615942	S3-333102174
S1-935213676	
S1-304323289	
S1-196739641	
S1-864619624	
S1-873405443	
S1-412430637	
S1-655082046	
S1-341322063	
S1-696227473	S2-123007061,S2-329405096,S2-534796720,S2-574584543,S2-63082253,S2-703722492,S2-847933753,S2-920233551,S2-984363671,S3-148156789,S3-244669915,S3-425908319,S3-814880158,S3-949870446
S1-572900016	
S1-717093788	
S1-697599349	
S1-654539654	S2-346644481,S2-497972322,S2-519920719,S2-728767898,S2-919924109,S3-117250439,S3-371367532,S3-379835856,S3-571327237,S3-660080086,S3-735923193,S3-76344055,S3-840678497
S1-812087082	
S1-222502872	
S1-840506666	S2-76702878
S1-891634067	
S1-935649431	
S1-273175742	
S1-816075749	
S1-611340859	
S1-460214039	
S1-120918189	
S1-560690416	
S1-768082223	
S1-151053898	
S1-242876772	
S1-877239207	
S1-206411579	
S1-74713454	
S1-92004860	
S1-680660598	
S1-304469247	
S1-279738480	
S1-358075374	
S1-555402712	S2-346644481,S2-497972322,S2-728767898,S3-117250439,S3-379835856,S3-571327237,S3-660080086,S3-735923193
S1-415383373	
S1-336997592	
S1-229965855	
S1-933034058	
S1-546356205	
S1-250489536	
S1-648679502	
S1-217066192	
S1-566517795	
S1-803896988	
S1-744651212	
S1-344583432	
S1-60763599	
S1-377246724	
S1-892678446	
S1-329057013	
S1-476528658	
S1-471634257	
S1-981008403	
S1-27002281	
S1-103470961	
S1-871476168	
S1-464577827	
S1-591998507	S3-920470758
S1-815476256	
S1-918360015	
S1-336728234	
S1-161927413	
S1-704337004	
S1-87686422	
S1-405327320	
S1-319280714	
S1-139765227	
S1-203408926	
S1-496732255	
S1-734639747	
S1-321274334	
S1-817954049	
S1-52749243	S2-24275407
S1-947432942	
S1-750022132	
S1-110902857	
S1-396976199	
S1-913773598	
S1-622426477	
S1-630671923	
S1-671952056	
S1-425172811	
S1-298778120	
S1-136341258	
S1-23319263	
S1-633147953	
S1-215706909	
S1-304167769	S2-903525228
S1-610290126	
S1-275768947	
S1-756990300	
S1-932989478	
S1-728060350	
S1-808400797	
S1-856402499	
S1-401067862	
S1-549669798	
S1-239554823	
S1-315410643	
S1-378581391	
S1-975832540	
S1-531199441	
S1-402978927	S2-247738094,S2-251860012,S2-926387302,S2-991736902,S3-407822476
S1-203598578	
S1-544284915	
S1-756271792	
S1-330264989	
S1-420929100	
S1-92534575	
S1-205277622	
S1-940532263	
S1-77001877	
S1-230221821	
S1-896049102	
S1-592764690	
S1-247860778	
S1-276620646	
S1-117034601	
S1-746222673	
S1-383059950	
S1-104982645	
S1-760620512	
S1-657647904	
S1-358577350	
S1-405385528	
S1-123906660	
S1-294463055	
S1-440438299	
S1-540718500	
S1-749202724	
S1-935402022	
S1-294937268	
S1-875853107	
S1-180980657	
S1-323777889	
S1-676377629	
S1-125062646	
S1-366223770	
S1-144657404	
S1-826192291	
S1-975233672	
S1-579001358	
S1-222762572	
S1-946400904	
S1-809039875	
S1-722664360	
S1-520338530	
S1-192498079	
S1-296656957	
S1-88766925	
S1-786976324	
S1-351009953	
S1-44279890	
S1-627445424	
S1-118500074	
S1-457518851	
S1-885162990	
S1-521035213	
S1-702734956	
S1-535188650	
S1-790532676	S2-908389841
S1-942585560	
S1-941834401	
S1-219556585	
S1-434537100	
S1-29791514	
S1-216018050	
S1-868928253	
S1-170975045	
S1-684376814	
S1-293605199	
S1-783435567	S2-680487416
S1-575782308	
S1-843430529	
S1-615835943	
S1-868083553	
S1-695455199	
S1-26808699	
S1-536721940	
S1-705723453	
S1-503529912	
S1-637017266	
S1-247930599	S2-735230018,S2-765829266,S3-184774464
S1-93313227	
S1-305884591	
S1-427141955	
S1-744764182	
S1-234825966	
S1-387092904	
S1-15431449	
S1-965750839	
S1-611723321	
S1-296020771	
S1-983934042	
S1-582237074	
S1-671387056	
S1-759759260	
S1-435260080	
S1-688142230	
S1-744438306	
S1-44206301	S3-99259462
S1-814260263	
S1-813622928	
S1-303571074	
S1-690313806	
S1-690131650	
S1-597994960	
S1-106276862	
S1-385680555	S2-964985364
S1-695901363	
S1-214510656	
S1-463574109	
S1-472903616	
S1-155452736	
S1-859039140	
S1-564691871	
S1-288718924	
S1-386796740	
S1-500079940	
S1-947971554	
S1-405601199	
S1-399225817	
S1-634851232	
S1-201023051	
S1-700721494	
S1-463011306	
S1-132483591	
S1-278903420	
S1-887151211	
S1-420128032	
S1-383188863	
S1-873656060	
S1-559341838	
S1-668099939	
S1-597292246	
S1-847367490	
S1-505634831	
S1-162248259	
S1-692643544	
S1-600168010	
S1-974879248	
S1-817900835	
S1-282220347	
S1-976711897	
S1-640098740	
S1-299018905	
S1-557261125	
S1-299472994	
S1-721679874	
S1-259907003	
S1-747245727	
S1-360555037	
S1-654339646	
S1-929482006	S3-356568701
S1-163098669	
S1-448587914	
S1-948302359	
S1-964673937	
S1-273338360	
S1-407199361	
S1-229843072	
S1-299030943	
S1-36634364	
S1-120429934	
S1-442044128	
S1-916862429	
S1-229740544	
S1-519836487	
S1-985294841	
S1-948004993	
S1-853060256	
S1-417574656	
S1-927458264	
S1-246183723	
S1-307132384	
S1-859335658	
S1-295911787	
S1-69931125	
S1-129460537	
S1-302639466	
S1-444419486	
S1-46424699	
S1-215200802	
S1-40481419	
S1-847389065	
S1-906034974	S2-122708216
S1-141452129	
S1-711529871	
S1-902687338	
S1-761738968	
S1-150883687	
S1-108684840	
S1-113967975	
S1-894916369	
S1-28682388	
S1-156871273	
S1-576870213	
S1-21503626	
S1-829033	
S1-85123132	S3-626293954
S1-920083383	
S1-74741187	
S1-368608238	
S1-138460869	
S1-384130144	
S1-171401913	
S1-621632722	
S1-202958119	
S1-239721077	
S1-955798256	
S1-29586025	
S1-471604326	
S1-570947090	
S1-147289954	
S1-506315653	
S1-94924201	
S1-34021109	
S1-979487506	
S1-462437116	
S1-738372349	
S1-80584666	
S1-599371036	
S1-643003387	
S1-414584584	
S1-674725343	
S1-263016327	S3-582816235
S1-928286766	
S1-642323238	
S1-848064390	
S1-164788771	
S1-394633338	
S1-937291163	
S1-269065485	
S1-368164690	
S1-133059052	
S1-504916390	
S1-517990675	
S1-383377962	
S1-455996483	
S1-486126380	
S1-328652044	
S1-146669651	
S1-611132470	
S1-439481934	
S1-360370823	
S1-449938005	
S1-494499537	
S1-520023883	
S1-745440596	
S1-957340817	
S1-86299474	
S1-466528720	
S1-810100832	
S1-138133991	
S1-177802938	
S1-231740812	S2-514495387
S1-661418665	
S1-637466242	
S1-338211275	
S1-515979417	
S1-297791871	
S1-485341433	
S1-63157104	
S1-973578908	
S1-981814833	
S1-829078836	
S1-504091881	S2-130309662,S2-473295515,S2-480006522
S1-836118601	
S1-990156604	
S1-491096704	
S1-78082086	
S1-245555752	
S1-150604217	
S1-136285447	
S1-960177848	
S1-574459374	
S1-78392073	
S1-891089806	
S1-439622917	
S1-714862696	
S1-922076333	
S1-698037234	S3-474743071
S1-288646501	
S1-90528555	
S1-790063632	
S1-937572182	
S1-181435335	
S1-656868128	
S1-830917452	
S1-706620209	
S1-823400327	
S1-298040485	
S1-645745238	S2-762065724
S1-998043593	
S1-624188167	S3-36935344
S1-831255178	S2-229220153
S1-962499762	
S1-285151065	
S1-117842684	
S1-874595956	
S1-170537923	
S1-472926952	
S1-833591888	
S1-60257917	
S1-708794127	
S1-261604523	
S1-203008183	
S1-300584342	
S1-112000691	
S1-881231738	
S1-459354093	
S1-787631492	
S1-728093281	
S1-485620999	
S1-791817770	
S1-694432973	
S1-80995974	
S1-428544677	
S1-168480049	
S1-142738363	
S1-77456063	
S1-7513833	
S1-764961089	
S1-307424801	
S1-384810296	
S1-407881072	S2-566862946
S1-505977993	
S1-754928749	
S1-392966711	S2-536110477
S1-37181875	
S1-187373266	
S1-77936416	
S1-601188439	
S1-55652138	
S1-576933974	
S1-375695654	
S1-459275093	
S1-52018508	
S1-586838867	S2-591191259,S3-264207613
S1-578860478	
S1-802692613	
S1-923684918	
S1-63129485	S3-313137453
S1-189554836	
S1-88527508	
S1-21287616	
S1-644760591	
S1-555997124	
S1-754709419	
S1-793124875	
S1-819052695	
S1-297902208	
S1-448364935	
S1-903646243	
S1-822235156	
S1-7059990	
S1-952392598	
S1-442592347	
S1-594080989	
S1-400220604	
S1-684082810	
S1-188534808	
S1-499838349	
S1-833501049	
S1-70620395	S2-334140670
S1-970461029	
S1-406871909	
S1-730535665	
S1-957288018	S2-13072938,S2-790145633,S3-197081371,S3-20787426,S3-233941087,S3-280541618,S3-43056314,S3-489941683,S3-554085780
S1-68878138	
S1-702854696	
S1-356146918	
S1-368277045	
S1-287632057	
S1-459078800	
S1-153994010	
S1-468731356	
S1-600667425	
S1-57406267	
S1-71357778	
S1-358135615	
S1-848386563	
S1-233901596	
S1-916585189	S2-465593416,S2-532797743
S1-304370438	
S1-979435555	S2-112550664
S1-700438473	
S1-183335440	
S1-15590694	
S1-400989904	S2-260794285,S2-268738900
S1-105401825	
S1-357757274	
S1-12579451	S2-346644481,S2-497972322,S2-728767898,S2-919924109,S3-117250439,S3-379835856,S3-412081153,S3-571327237,S3-735923193,S3-840678497
S1-136492089	
S1-972528986	
S1-390258059	
S1-619298401	
S1-838572658	
S1-670861645	
S1-127329153	
S1-945111337	
S1-411307703	
S1-218543680	
S1-121283951	
S1-589832125	
S1-121802783	
S1-208105325	
S1-170844117	
S1-623748085	
S1-871845096	
S1-586796800	
S1-195230446	
S1-179953792	
S1-888189473	
S1-948028449	
S1-972294852	
S1-702863835	
S1-141732220	
S1-977394499	
S1-700288864	
S1-767450918	
S1-865601587	
S1-732366376	
S1-396353340	
S1-274840030	
S1-730945407	
S1-732845058	
S1-137270337	
S1-776626513	
S1-316926884	S3-491264868
S1-317367119	
S1-861373071	
S1-830048679	
S1-187603070	
S1-21533618	
S1-33330146	
S1-596294239	
S1-62334160	
S1-590937503	
S1-698395823	
S1-696335889	
S1-700592605	
S1-923695011	
S1-619779275	S3-761354474
S1-250610951	
S1-33052758	
S1-258731557	
S1-596780564	
S1-594146378	
S1-127833686	
S1-765023164	
S1-123581400	S2-990644429
S1-833906988	
S1-254914399	
S1-364529259	
S1-338555136	
S1-271837889	S2-128548910,S2-169692904,S2-368870105
S1-568000515	
S1-890137863	
S1-198061594	
S1-825712431	
S1-384296285	
S1-93929973	
S1-351765696	S2-33129806
S1-898690282	
S1-739947186	
S1-250376443	
S1-936105302	
S1-498457757	
S1-427308842	
S1-850023547	
S1-910424746	
S1-400817801	
S1-477025474	S2-133276907
S1-115231529	
S1-668390129	
S1-199939114	
S1-224255298	
S1-339420818	
S1-138441769	
S1-805823362	
S1-642248822	
S1-903702493	
S1-711353146	S2-221686525
S1-360856747	
S1-218324409	
S1-519525009	
S1-322978081	
S1-234320176	
S1-288653484	
S1-406605256	
S1-584898835	S2-258405683
S1-812610042	
S1-308978033	
S1-29662588	
S1-607784627	
S1-361222825	
S1-233203180	
S1-260653619	
S1-21438610	
S1-163042115	
S1-695675683	
S1-479106506	
S1-633336388	
S1-169349806	
S1-10247770	
S1-551502469	
S1-500555355	
S1-101879229	
S1-914269898	
S1-591684362	
S1-518297682	
S1-142073774	
S1-347377760	
S1-909797681	
S1-964445542	
S1-117874274	
S1-466353421	
S1-829070642	
S1-703737159	
S1-207449179	
S1-244979049	
S1-332844664	
S1-977044873	
S1-7483638	
S1-935764844	
S1-724595650	S2-346644481,S2-519920719,S2-728767898,S3-117250439,S3-379835856,S3-571327237
S1-536147611	
S1-952635437	
S1-161100102	
S1-777028132	
S1-817008314	
S1-25592400	
S1-478040468	
S1-73707974	
S1-359447935	
S1-280952638	
S1-564424212	
S1-678243671	
S1-314446700	
S1-531487625	
S1-675298136	
S1-350995386	S2-57263723
S1-789358192	
S1-912283294	
S1-877846363	
S1-88847334	
S1-531751004	
S1-530538543	
S1-924130477	
S1-601976630	
S1-988186034	
S1-990249442	
S1-52115351	
S1-786979818	
S1-430994355	
S1-421834719	
S1-138447952	
S1-415321369	
S1-974129824	
S1-737039906	
S1-746244596	
S1-881251597	
S1-551196062	
S1-987788187	
S1-919562097	
S1-218510165	
S1-987116840	
S1-227042245	
S1-222321115	
S1-367818093	
S1-724613773	
S1-516631157	
S1-949799303	
S1-349297753	S3-297857056
S1-551401131	
S1-960640707	
S1-146253168	
S1-938087878	
S1-953010689	
S1-59986226	
S1-618145136	
S1-893807308	
S1-629183296	
S1-190755354	
S1-631134405	
S1-610705420	S2-423000730,S3-798390923
S1-19163231	
S1-484726889	
S1-585940916	
S1-663795165	
S1-916675848	
S1-360450370	
S1-719958394	
S1-787815088	
S1-91884304	
S1-916098791	S3-168100738
S1-218684276	
S1-165630276	
S1-207439783	
S1-996652071	
S1-146534780	
S1-376627127	
S1-184615717	
S1-231400558	
S1-653599720	
S1-882601728	
S1-654017656	
S1-560371396	
S1-915905530	S2-872303783
S1-446899519	
S1-807000197	
S1-936686791	
S1-126446244	
S1-470201965	
S1-539926251	S3-10971390,S3-216986249,S3-516146770
S1-23695136	
S1-579275972	
S1-648629408	
S1-127999439	
S1-361279640	
S1-274724722	
S1-169699344	S2-654977452
S1-586203137	
S1-624714531	
S1-951077266	
S1-281756357	
S1-895647818	
S1-692184602	
S1-237219565	
S1-240131068	
S1-723313313	
S1-391928948	
S1-612624763	
S1-775202437	
S1-895198185	
S1-743853982	
S1-272947576	
S1-512123960	
S1-475518755	
S1-735777508	
S1-38876432	
S1-402711346	
S1-618075291	
S1-664676518	
S1-954179314	
S1-48444227	
S1-607342420	
S1-360890738	
S1-620892944	
S1-184319537	
S1-698442037	
S1-147447377	
S1-122088350	
S1-294105991	
S1-622464427	
S1-159703127	S2-13072938,S2-20869901,S2-790145633,S3-170859479,S3-20787426,S3-233941087,S3-369941843,S3-43056314,S3-489941683,S3-554085780
S1-718236193	
S1-791729748	
S1-744283106	
S1-915020321	
S1-49766282	
S1-93502069	
S1-431089439	
S1-929956093	
S1-815064639	
S1-510184313	
S1-331318601	
S1-426663360	
S1-118639191	
S1-866098961	
S1-26489110	
S1-62245214	
S1-309797401	
S1-723230903	
S1-13674593	
S1-710671271	
S1-645875432	
S1-417442609	
S1-308505824	
S1-640078302	
S1-168565822	
S1-494724291	
S1-336794644	
S1-299643118	
S1-362877808	
S1-56510668	
S1-815963828	
S1-40886047	S2-544544353,S2-909787336
S1-965161004	
S1-274836841	
S1-736222215	
S1-869111430	
S1-337155962	
S1-259179554	S2-299034709
S1-196051481	
S1-655406035	
S1-956166838	
S1-634111429	
S1-20182763	
S1-839195693	
S1-487615888	
S1-764747644	
S1-369783158	
S1-237283446	
S1-132401052	
S1-724315473	S2-521485245
S1-412477395	
S1-165528089	
S1-263562371	
S1-228893312	
S1-180807821	
S1-690824313	
S1-970144808	
S1-206359213	
S1-264697234	
S1-250754721	
S1-397469267	
S1-69003623	
S1-232862586	
S1-319330955	
S1-588327574	
S1-266686206	
S1-286581717	
S1-222382424	
S1-600208396	
S1-23317638	
S1-645685554	
S1-92999161	
S1-55266092	
S1-863207610	
S1-547285326	
S1-335217071	
S1-27036563	
S1-985237666	
S1-778804033	
S1-380718590	
S1-248661267	
S1-810456792	
S1-255206768	
S1-233484667	
S1-471544833	
S1-584150077	
S1-15930961	
S1-357469151	
S1-990385163	
S1-60538234	
S1-701293325	
S1-515889690	
S1-471259211	
S1-711480492	
S1-487162112	
S1-540789490	
S1-667727629	
S1-291262157	
S1-400361875	
S1-455987265	
S1-70743873	
S1-490850018	
S1-753924225	
S1-211976147	S2-964135117
S1-279649154	
S1-874873246	
S1-410194848	
S1-969379533	
S1-966764762	
S1-327022826	
S1-8509559	
S1-122520861	
S1-495734556	
S1-603433431	
S1-159644604	
S1-755424454	
S1-406875690	
S1-438815438	
S1-728672711	
S1-469871353	
S1-792993654	
S1-305338210	
S1-590956102	
S1-45206415	
S1-627916208	
S1-542629450	
S1-954769699	
S1-632046089	
S1-476936563	
S1-286771496	
S1-501822061	
S1-364051434	
S1-764419738	
S1-45279850	
S1-7349100	
S1-946199583	
S1-137994272	
S1-797149954	
S1-917786372	
S1-179450587	
S1-780948236	
S1-491866201	
S1-362744027	
S1-379837546	
S1-902585115	
S1-519843547	
S1-284320944	
S1-284287289	
S1-519383148	
S1-182666265	S2-968505057
S1-24215172	S2-927661826
S1-237646921	
S1-709230129	
S1-258323563	
S1-359707045	
S1-257791751	
S1-566274285	
S1-614650730	
S1-557313393	
S1-822876111	
S1-795898182	
S1-93767579	
S1-263764959	
S1-988385867	S2-753174533
S1-413253175	
S1-623474468	
S1-511705327	
S1-793629948	
S1-999770076	
S1-297851177	
S1-250147812	
S1-653836086	
S1-786395090	
S1-17426169	
S1-89112838	
S1-700428571	
S1-341574878	
S1-302934806	
S1-35707240	
S1-555909512	
S1-911975148	
S1-214757470	
S1-442708289	S2-398634818
S1-42268406	
S1-62654022	
S1-215713004	
S1-667217611	S3-448349907
S1-710218298	
S1-269756737	S2-570274524
S1-125196985	
S1-550451549	
S1-15132646	
S1-531902037	
S1-162680752	
S1-49066175	
S1-495034503	
S1-7931595	
S1-173073211	
S1-260292473	
S1-338655676	
S1-919454876	
S1-682799791	
S1-127977729	
S1-852798732	S3-449997647
S1-125094810	
S1-68142504	
S1-657233796	
S1-756287622	
S1-919932630	
S1-895479057	S2-778369432
S1-388774680	S3-240145962
S1-579821713	
S1-82159152	
S1-579613875	
S1-271245271	
S1-698504482	
S1-883311509	
S1-412147594	
S1-717533597	
S1-683725433	
S1-963346311	
S1-126245217	
S1-110353624	
S1-567324701	S3-472540386
S1-919338442	
S1-802224595	
S1-818038133	
S1-851533862	
S1-246828395	
S1-517055722	
S1-995327280	
S1-505437354	
S1-556316521	
S1-37438951	
S1-276466535	
S1-308611590	
S1-611918302	
S1-661240218	
S1-175778684	
S1-689692394	
S1-646900274	
S1-200344613	
S1-706981118	
S1-877562924	
S1-659368884	
S1-868538714	
S1-247010889	
S1-962108060	
S1-635132212	
S1-743260502	S2-622903781
S1-894110268	
S1-984067644	
S1-6229392	
S1-760393336	
S1-189837061	
S1-639958626	
S1-475211636	
S1-374066408	
S1-359781821	
S1-150073208	
S1-750234215	
S1-402247233	
S1-557054783	S3-518728189
S1-479530959	
S1-392899949	
S1-765480274	
S1-239694969	
S1-821319838	
S1-144701573	
S1-329013438	
S1-302706692	
S1-615635475	S3-541473582
S1-635834733	
S1-848496737	
S1-170128683	S2-437090525,S2-44713064
S1-687703342	
S1-977058613	
S1-256917909	S2-544544353
S1-214035111	
S1-687885292	
S1-677089284	
S1-796977785	
S1-47748507	
S1-270059966	
S1-96551127	
S1-531293374	
S1-4385546	
S1-644556422	
S1-175178402	
S1-496162548	
S1-189736195	
S1-916618009	
S1-89205796	
S1-283570309	
S1-160513931	
S1-457040171	
S1-279583693	
S1-885919095	
S1-334705102	
S1-601921846	
S1-612569709	
S1-256547037	
S1-481827364	
S1-677621502	
S1-766422500	
S1-403741392	
S1-905193029	S2-244461000,S2-410711059
S1-804688483	
S1-50710184	
S1-218936270	
S1-969331859	
S1-108459120	
S1-298840409	
S1-410026084	
S1-465703208	
S1-916706689	
S1-353415429	
S1-837887745	
S1-2476831	
S1-209328459	
S1-606115743	
S1-960730709	
S1-300558047	
S1-861370971	
S1-761592483	
S1-498189826	
S1-841458397	
S1-864906923	
S1-454155899	
S1-322089672	
S1-217994760	
S1-427140855	
S1-3669861	
S1-740453484	
S1-476301489	
S1-14811183	S2-868794655
S1-807092110	S3-74176796
S1-229381235	
S1-261750166	
S1-87378234	
S1-973649103	
S1-669728789	
S1-675066525	
S1-433539711	
S1-266883679	S2-179243380
S1-568760834	
S1-263851046	
S1-325325040	
S1-46990189	
S1-744993304	S3-987395757
S1-193539435	
S1-445784555	
S1-53940874	S3-730316636
S1-876427336	
S1-174884256	
S1-849537571	
S1-144776302	
S1-715259330	
S1-702914941	
S1-914314588	
S1-805596039	
S1-690871426	
S1-678400080	
S1-656095144	
S1-545151190	
S1-290132931	
S1-238275600	
S1-708191936	
S1-654134210	
S1-561228434	
S1-909325385	
S1-445466120	
S1-246743200	
S1-725028196	
S1-861759900	
S1-291223546	
S1-80395964	
S1-819412250	
S1-137560957	
S1-502959699	
S1-190377773	
S1-889169985	
S1-710320913	
S1-442821854	
S1-965808575	
S1-411492549	
S1-52625470	
S1-558874640	
S1-68104076	
S1-543999383	
S1-472658534	
S1-937770756	
S1-505230334	
S1-717909243	
S1-46563949	
S1-295220815	
S1-983861365	
S1-349268404	
S1-544705190	
S1-953073338	
S1-137861288	
S1-162648471	
S1-150675729	
S1-292017729	
S1-269748457	
S1-421471996	
S1-913557825	S3-772368840
S1-373626919	S2-843438632,S3-480005136
S1-486412871	
S1-956554633	
S1-40110127	
S1-102724289	
S1-786847911	
S1-525361154	
S1-358293424	
S1-368226073	
S1-139589981	
S1-200428126	S2-5874169
S1-753374443	
S1-894988685	
S1-841197544	
S1-807529654	
S1-22121421	
S1-945375419	
S1-897537003	
S1-286815058	
S1-934541792	
S1-246640820	
S1-779127952	
S1-261488395	
S1-320923957	
S1-535945274	
S1-425658880	
S1-278741624	
S1-715298068	
S1-892160667	
S1-505998806	
S1-614383541	
S1-820078080	
S1-202866408	
S1-520226316	
S1-705165068	
S1-564769213	
S1-870285239	
S1-160350693	
S1-680555033	
S1-962790131	
S1-280230719	
S1-750384536	
S1-752054299	
S1-616798916	
S1-616036955	
S1-277598914	
S1-905329117	
S1-522760247	
S1-125556847	
S1-229918652	
S1-399168891	
S1-769359009	
S1-483937713	
S1-216885600	
S1-301467461	
S1-299896876	
S1-224215768	
S1-866187979	
S1-10311026	
S1-646770750	
S1-262084686	
S1-455303280	
S1-729417667	
S1-616760841	
S1-301064810	
S1-862491177	
S1-343995141	
S1-541466831	
S1-412001819	
S1-100466669	
S1-482695617	S3-227329127
S1-768805697	
S1-998992295	
S1-946690568	
S1-802633707	
S1-948730666	
S1-15469480	S2-425292799,S3-71255008,S3-863626191
S1-932763728	
S1-895338908	
S1-97056487	
S1-184604132	
S1-12682644	
S1-851351976	
S1-142055597	
S1-616455104	
S1-872310965	
S1-459949615	
S1-71662156	
S1-273448899	
S1-386854230	
S1-137070627	
S1-340047218	
S1-352829191	
S1-188350887	
S1-644246297	
S1-2891074	
S1-378635768	
S1-534509061	
S1-656278766	
S1-161458028	
S1-545525574	
S1-448845024	
S1-776527047	
S1-592092743	
S1-403801637	
S1-89718246	
S1-321547429	S2-561110085
S1-95715789	
S1-940849633	
S1-428586482	
S1-299023269	
S1-553928885	
S1-855999410	
S1-906969348	
S1-93533662	
S1-93833199	
S1-370807376	
S1-161231190	
S1-741065721	
S1-501574470	
S1-121197448	
S1-231927978	
S1-420445616	
S1-282394911	
S1-613280628	
S1-23838357	S2-525880026
S1-912274335	
S1-916177165	
S1-473252663	
S1-897396937	
S1-173775470	
S1-524626394	
S1-985890682	
S1-812907455	
S1-192387577	
S1-682539321	
S1-699131082	
S1-743498705	
S1-640031583	
S1-492586200	
S1-799207279	
S1-580932701	
S1-580879941	
S1-668440295	
S1-423383463	
S1-270598047	
S1-875055449	
S1-570844437	
S1-502411034	
S1-492565604	
S1-651632448	
S1-746806260	
S1-747618279	
S1-834371125	
S1-584787417	S3-518481158
S1-118216679	
S1-544657378	
S1-746777168	
S1-877988569	
S1-319050304	S3-198565559
S1-173779069	
S1-693997659	
S1-764478118	
S1-914311983	
S1-646872099	
S1-916468448	
S1-353447106	
S1-907048255	
S1-782852784	
S1-44460625	
S1-218725807	
S1-983028205	
S1-951205464	
S1-261935693	
S1-90123371	S2-43649412
S1-339214221	
S1-452095807	
S1-361979280	
S1-104051639	
S1-621154810	
S1-101211448	
S1-304728542	
S1-330552506	
S1-328348997	
S1-481965356	
S1-293536170	
S1-663109629	
S1-353291019	
S1-931792688	
S1-967927072	
S1-297131616	
S1-716708292	
S1-411388933	
S1-51843266	
S1-708229845	
S1-712740376	
S1-499680627	
S1-368572942	
S1-38219746	
S1-543772199	
S1-352686196	
S1-792362874	
S1-606967530	
S1-228349680	
S1-978612300	
S1-442485971	
S1-282478178	
S1-969668852	
S1-27907794	
S1-37814979	
S1-695282032	
S1-575320732	
S1-782490507	
S1-602255612	
S1-348490492	
S1-830076746	
S1-986598858	
S1-757929005	
S1-436243322	
S1-13035348	
S1-624084426	
S1-690549914	
S1-849176162	
S1-453348884	
S1-330025355	
S1-175874629	
S1-172776844	
S1-426746487	
S1-167606544	
S1-835046767	
S1-876667332	
S1-846150602	
S1-323023978	
S1-649669883	
S1-115829245	
S1-244600014	
S1-850757621	
S1-154090374	
S1-525094699	
S1-801812650	
S1-997017687	
S1-946398197	
S1-847928355	
S1-732064179	
S1-574673733	
S1-694881782	
S1-247345613	
S1-415796672	
S1-721275361	
S1-117013868	
S1-618125730	
S1-436059140	
S1-176404748	
S1-563242272	
S1-742915086	
S1-912821882	
S1-389461279	
S1-2516543	
S1-121618106	
S1-294579201	
S1-720997650	
S1-605470376	
S1-768903439	
S1-127074306	
S1-766200637	
S1-522715083	
S1-934798454	
S1-705621826	
S1-967090880	
S1-661141655	
S1-713574755	
S1-19045494	
S1-751877759	
S1-813249641	
S1-239571885	
S1-857355811	
S1-699883767	
S1-100586683	
S1-990579954	
S1-954754059	
S1-249785690	
S1-328523027	
S1-622328623	
S1-786168054	
S1-423647967	
S1-841694253	
S1-456443262	
S1-84389209	
S1-66261205	
S1-918506977	
S1-866946318	
S1-326814723	
S1-160303961	
S1-129143852	
S1-26602841	
S1-208396281	
S1-287257029	
S1-582630410	
S1-687322039	
S1-199425453	
S1-362617073	
S1-931532148	
S1-328531775	
S1-716277134	
S1-343827650	
S1-491262787	
S1-309970359	
S1-733950767	
S1-955074844	
S1-300084609	
S1-887549309	
S1-723183249	
S1-13489303	
S1-317700035	
S1-247794264	
S1-537582108	
S1-189779178	
S1-54882591	
S1-731002996	
S1-923637090	
S1-178045962	
S1-371896680	
S1-846985133	
S1-283528741	
S1-75810392	
S1-947241053	
S1-495083954	
S1-790111191	
S1-45197945	
S1-821498775	
S1-190521290	
S1-913852372	
S1-452387146	S2-768652969
S1-578441497	
S1-198022078	
S1-170548765	
S1-882010044	
S1-416905122	
S1-280052740	
S1-704062955	
S1-824527515	
S1-347828200	
S1-52927790	
S1-734829304	
S1-876435314	
S1-362099965	
S1-614136280	
S1-319325994	
S1-62785124	
S1-98332591	
S1-39655480	
S1-254452650	
S1-260435371	
S1-391494300	
S1-285366583	S2-13072938,S2-20869901,S2-704784114,S2-790145633,S3-170859479,S3-197081371,S3-20787426,S3-233941087,S3-280541618,S3-360991493,S3-369941843,S3-43056314,S3-489941683
S1-998194433	
S1-933297598	
S1-140088710	
S1-280799663	
S1-626471864	
S1-192384746	S3-125910232
S1-10671592	
S1-746268410	
S1-258240347	
S1-618280790	
S1-384094728	
S1-312906425	
S1-11555312	
S1-291961287	
S1-903068335	
S1-37438879	
S1-14463454	
S1-978265650	
S1-397072474	
S1-921709720	
S1-695291730	
S1-808403522	
S1-233632376	
S1-595813006	
S1-421522836	
S1-993117922	
S1-26022979	
S1-1812150	
S1-614418798	
S1-436614974	
S1-388447142	
S1-71331555	
S1-149852227	
S1-250744459	
S1-763214420	
S1-830303119	
S1-690898596	
S1-560755714	
S1-187289141	
S1-314721466	
S1-220167634	
S1-70671587	
S1-22614918	
S1-993901622	
S1-74090674	
S1-428622539	
S1-942917287	
S1-979458732	
S1-748856446	
S1-460453054	
S1-585765386	
S1-516259517	
S1-311935127	
S1-112083454	
S1-36006145	
S1-609257258	
S1-575316325	
S1-900857326	
S1-6707958	
S1-894292813	
S1-746567466	
S1-880817154	
S1-20073335	
S1-908116488	
S1-753272363	
S1-58563463	
S1-642348273	
S1-614961408	
S1-598658192	
S1-525016179	
S1-880879939	S3-799566841
S1-161905263	S2-194482594
S1-282593199	
S1-114730857	
S1-157324735	
S1-709796464	
S1-44021863	
S1-50570395	S2-247738094,S2-251860012,S2-51435294,S2-913195122,S2-926387302,S2-991736902,S3-404281660,S3-462381740,S3-618110846
S1-912649384	
S1-219665372	
S1-717488938	
S1-137205018	
S1-920135930	S3-363157843
S1-906876290	
S1-432106857	
S1-683677624	
S1-998946401	
S1-141443588	
S1-777190069	
S1-577720383	
S1-799664161	
S1-160076139	
S1-84149905	
S1-379220071	
S1-790399234	
S1-546186873	
S1-340498558	
S1-644710014	
S1-180564365	
S1-175168844	
S1-328883543	
S1-516350823	S2-843203338
S1-699427080	
S1-294388054	
S1-275313822	
S1-973525614	
S1-935248089	
S1-542394872	
S1-262933192	
S1-682792655	
S1-768170119	
S1-681733799	
S1-199276639	
S1-451871532	
S1-871873799	
S1-894778894	
S1-482017105	S2-341268874
S1-599294322	
S1-542656735	
S1-457833368	
S1-764571649	
S1-367901876	S2-70804831
S1-170941470	
S1-995784190	
S1-266987914	
S1-67213087	
S1-954083496	
S1-4241326	
S1-384856928	
S1-579888809	S3-270849173
S1-12407900	
S1-137842686	
S1-367061431	
S1-194642777	
S1-415518870	
S1-464661979	
S1-624341579	
S1-688357476	
S1-913390530	
S1-960976758	
S1-980360614	
S1-187761230	
S1-247336598	S2-132805742,S2-530247686,S3-64079929
S1-612449689	
S1-967609941	
S1-38474542	
S1-229244385	
S1-743988239	
S1-468203161	
S1-175117972	
S1-448774998	
S1-397587879	
S1-979886396	
S1-457340648	
S1-996085418	
S1-457972518	
S1-921858724	
S1-736732040	
S1-419629899	
S1-502243452	
S1-170672841	
S1-129500967	
S1-622213901	
S1-784166390	
S1-770521673	
S1-188837472	
S1-382545501	
S1-221103405	
S1-447823615	
S1-302648947	
S1-275236926	
S1-795471136	
S1-858912823	
S1-371839886	
S1-222306273	
S1-196189053	
S1-568556678	
S1-366907158	
S1-468183774	
S1-572465	S2-610059325
S1-835895805	
S1-915614162	
S1-253433929	
S1-656583566	
S1-987591055	
S1-330107804	
S1-786625388	
S1-242738316	
S1-510272484	
S1-563907079	
S1-904137490	
S1-39639096	
S1-394782354	
S1-698394064	
S1-478247034	
S1-992046852	
S1-353861164	
S1-44572057	
S1-971094584	
S1-242553631	
S1-993436067	
S1-790944622	
S1-678839420	
S1-666126738	
S1-730725686	
S1-696063265	
S1-813521779	
S1-419340124	
S1-213064613	
S1-149700944	
S1-797301550	
S1-687595290	
S1-492670915	
S1-746412433	
S1-488498222	
S1-298066090	
S1-466204051	
S1-215451163	
S1-711867401	
S1-117423943	
S1-86949772	
S1-334148443	
S1-597019974	
S1-575185254	
S1-742033979	
S1-693098698	
S1-228638704	
S1-168889852	S2-267134773
S1-926129052	
S1-146082050	
S1-483558185	
S1-535336266	
S1-9798579	
S1-52989564	
S1-319256352	
S1-210025998	
S1-967688841	
S1-950610797	
S1-57764124	
S1-159132491	
S1-319934113	
S1-889716601	
S1-605278966	
S1-60897668	
S1-741244958	
S1-489219060	
S1-383586076	
S1-916506469	
S1-162614845	
S1-984807847	
S1-745458971	
S1-438136804	
S1-796498155	
S1-764073992	
S1-127172098	
S1-311211254	
S1-673948485	
S1-390321633	S3-477834139
S1-749608253	
S1-268814173	
S1-102904797	
S1-933852688	
S1-385989953	
S1-610495509	
S1-773445345	
S1-773977381	
S1-586152229	
S1-763624559	
S1-996248122	
S1-24885469	
S1-473144125	
S1-795988597	
S1-903189484	
S1-789751001	
S1-869474304	
S1-860982461	
S1-525878835	
S1-28009659	
S1-698171709	
S1-720658869	
S1-314193722	
S1-718506314	
S1-668727117	
S1-459589349	
S1-826592652	
S1-575045247	
S1-86071419	
S1-165098798	
S1-282300857	
S1-97036726	
S1-979372509	
S1-201283606	
S1-747220250	
S1-950165996	
S1-449367155	S3-932037273
S1-918708116	
S1-834727157	
S1-357082386	
S1-593086626	
S1-724822	
S1-944582303	S2-777763296
S1-466099597	
S1-97386190	
S1-2213846	
S1-554760781	
S1-33863716	
S1-626651975	
S1-471141295	
S1-951537131	
S1-471446464	
S1-913615967	
S1-265702821	
S1-428715661	
S1-563160318	
S1-494670454	
S1-933655536	
S1-564775544	
S1-278899661	
S1-701112419	
S1-342560922	
S1-836029431	
S1-919990076	
S1-641613896	
S1-971106648	
S1-836520954	
S1-745745238	
S1-750820157	
S1-458579138	
S1-566505778	
S1-354950704	
S1-176232142	
S1-314169054	
S1-478248202	
S1-29469061	
S1-213807881	
S1-559554407	
S1-735960881	
S1-318465945	
S1-292649138	
S1-416082062	
S1-591608528	
S1-613426445	
S1-57597393	
S1-673549798	
S1-494565295	
S1-804367428	
S1-314006306	
S1-622673071	
S1-524039860	
S1-646197375	
S1-338520859	S2-663705718
S1-822142344	
S1-698653447	
S1-48594721	
S1-193771726	
S1-595657257	
S1-356308592	
S1-574996406	
S1-398538032	
S1-695058924	
S1-700304932	
S1-346051746	
S1-620977564	
S1-136463243	
S1-880407863	
S1-108756916	
S1-58204242	
S1-859484438	
S1-117647760	
S1-53507731	
S1-930570441	
S1-306842808	
S1-738542976	
S1-241613392	
S1-425555003	
S1-350683600	
S1-562825100	
S1-916049539	S2-226661564,S2-67821195
S1-396467145	
S1-221831429	
S1-238552234	
S1-594176132	
S1-305335232	
S1-499658887	
S1-706929366	
S1-962658695	S3-90887972
S1-523934061	
S1-154392642	
S1-539847975	
S1-896487172	
S1-441901471	
S1-217873791	
S1-405703086	
S1-27222739	
S1-664343478	
S1-767797706	
S1-244675936	
S1-945300512	
S1-697437358	
S1-614131375	
S1-74388556	S2-123007061,S2-329405096,S2-574584543,S2-63082253,S2-703722492,S2-847933753,S2-920233551,S2-984363671,S3-148156789
S1-556228240	
S1-180831623	S3-723112655
S1-30318467	
S1-575680436	S2-968505057
S1-515181278	
S1-560513625	
S1-471277074	
S1-825733812	
S1-419563250	
S1-81897761	
S1-670803372	
S1-90023821	
S1-87883308	
S1-685894459	
S1-529936688	
S1-195835890	S3-711367714
S1-682457941	
S1-282878876	
S1-413683842	
S1-47064502	
S1-656897702	
S1-523324842	
S1-724031636	
S1-94945331	
S1-446627120	
S1-351194990	
S1-69871489	
S1-704557181	
S1-88500709	
S1-965606696	
S1-987031624	
S1-524892596	
S1-680703264	
S1-587445685	
S1-526719222	
S1-606077214	
S1-30280396	
S1-60692836	
S1-6072170	
S1-814208072	
S1-684760223	
S1-562292661	
S1-291581297	
S1-751458606	
S1-95787784	
S1-256776720	
S1-870768351	
S1-607216397	
S1-446475185	S2-247738094,S2-829602188,S2-926387302
S1-354791481	
S1-798147005	
S1-876577110	
S1-150796590	
S1-135824663	
S1-526355772	
S1-457189438	
S1-465657759	S2-676182178
S1-305801861	
S1-560112669	
S1-855521312	
S1-530786569	
S1-16384605	
S1-921392958	
S1-822152186	
S1-185400588	
S1-199941208	
S1-302866035	
S1-845847923	S2-767912318,S3-328940207,S3-561839301
S1-271920430	
S1-553720750	
S1-353736749	
S1-725819416	
S1-61935626	
S1-37223521	
S1-86798362	
S1-668445329	S2-655624208
S1-734053009	
S1-117505894	
S1-825020428	
S1-136959728	
S1-84751279	
S1-683608583	
S1-154883603	
S1-298735555	
S1-841977487	
S1-429734775	
S1-222299626	
S1-970949279	S2-881386167
S1-287686481	
S1-466565124	
S1-83349440	
S1-385365591	
S1-954475505	
S1-339315231	
S1-67943667	
S1-893897278	
S1-135198882	
S1-652352884	
S1-12893705	
S1-403536318	
S1-293101032	
S1-629964657	
S1-522681050	
S1-959444536	
S1-851160643	
S1-142716474	
S1-531466161	
S1-422751474	
S1-552408539	
S1-175927925	
S1-539500439	
S1-938532038	
S1-190133150	
S1-915777686	S3-425529824
S1-877047378	
S1-945231348	
S1-612985099	S2-464881130,S2-705585429
S1-910852887	
S1-106103507	
S1-872067419	
S1-240961886	
S1-890751021	
S1-198035748	
S1-764696073	
S1-305728514	
S1-333044857	
S1-538439477	
S1-181640938	
S1-784563068	
S1-232717259	
S1-221038958	
S1-824408941	
S1-920470040	
S1-968696713	
S1-908559116	
S1-631508404	S2-215800567
S1-248889478	
S1-157519503	
S1-69850463	
S1-174061193	
S1-473104206	
S1-453619802	
S1-862764295	
S1-320708016	
S1-451291116	
S1-818077098	
S1-179063420	
S1-953990557	
S1-365743611	
S1-476945803	
S1-672290152	
S1-137431754	
S1-152171558	
S1-807464518	
S1-216981174	S3-120893170
S1-557029438	
S1-249631790	
S1-647296075	
S1-590992535	
S1-695280982	
S1-783300826	
S1-967362818	
S1-814155604	
S1-149093610	
S1-911279114	
S1-206591913	
S1-634303745	
S1-961864917	
S1-590738993	
S1-888198537	
S1-505500238	
S1-779231760	
S1-133606235	
S1-448461859	
S1-155529638	
S1-251780102	
S1-210860668	
S1-76713053	
S1-654837533	
S1-498364805	
S1-246839744	
S1-55346010	
S1-838012752	
S1-823101549	
S1-987701769	
S1-55541967	
S1-128269622	
S1-738449254	
S1-527980821	
S1-58596898	S3-54779552
S1-904487896	
S1-900259202	
S1-387237194	
S1-410462615	
S1-32826072	
S1-491034802	S2-383030202,S2-93749685,S3-341874857
S1-407190440	
S1-184426348	
S1-875164402	
S1-185435934	
S1-995596898	
S1-786273565	
S1-195243963	
S1-550203806	S3-873993331
S1-813100321	
S1-587145494	
S1-491356354	
S1-245576754	
S1-552921802	
S1-525808353	
S1-907858840	
S1-42191205	
S1-501596280	
S1-196644377	
S1-938245254	
S1-359334216	
S1-425152564	
S1-422620813	
S1-791315653	
S1-178761433	
S1-107284838	
S1-265121763	
S1-832761075	
S1-372160367	
S1-426480775	
S1-314804586	
S1-859320501	S2-765829266
S1-420492900	
S1-735197462	
S1-840080597	S2-613770537
S1-714964774	
S1-920860972	
S1-525122878	
S1-975906520	
S1-593353097	
S1-845385946	
S1-610922273	
S1-407519110	
S1-440161949	
S1-395197099	
S1-976374606	
S1-138278035	
S1-954005983	
S1-618030789	
S1-734545146	
S1-837927542	
S1-374048584	
S1-728235655	S2-509215667
S1-4425390	S2-162674469
S1-733142637	
S1-105741491	
S1-868983890	
S1-867526418	
S1-615137550	
S1-83179292	
S1-221989610	
S1-154318774	
S1-714568557	
S1-470266312	S2-473295515
S1-425499965	
S1-633374563	
S1-296073180	
S1-188092724	
S1-443249980	
S1-589470423	
S1-736988838	
S1-947609539	
S1-527605630	
S1-29703239	
S1-460136237	
S1-201152658	
S1-109638918	
S1-561845771	
S1-913046746	
S1-446573271	
S1-337570421	
S1-602590698	
S1-779504128	
S1-49345943	
S1-313732420	
S1-24829833	
S1-540490704	
S1-584678054	
S1-676676047	
S1-707733870	
S1-233934213	
S1-649105322	
S1-183928945	
S1-491190385	
S1-288403761	
S1-953818178	
S1-997099100	
S1-804542089	
S1-390034407	
S1-210927011	
S1-559818429	S2-258925491,S3-654708839
S1-194021428	
S1-272476006	
S1-624891686	
S1-666612839	
S1-862026040	
S1-517753805	
S1-781802717	S3-460759790
S1-825795499	
S1-279844462	
S1-37469823	
S1-684423031	
S1-676568499	
S1-674790323	
S1-199407054	
S1-24759341	
S1-159860407	
S1-879889287	
S1-710169268	
S1-902234101	
S1-707182542	
S1-809984093	S2-690393517
S1-329017583	
S1-126977487	
S1-491250120	
S1-869984420	
S1-510078311	
S1-619159551	
S1-297535371	
S1-897089910	
S1-972443578	
S1-127916991	
S1-531420113	
S1-631083227	
S1-659523028	
S1-367017156	
S1-387155564	
S1-877150629	
S1-61548111	S3-665202007
S1-180616963	
S1-655447	
S1-189400190	
S1-865265589	
S1-692261367	
S1-703213311	
S1-681186078	
S1-659827978	
S1-959496651	
S1-547439159	
S1-913717412	
S1-331555052	
S1-117147343	
S1-992847074	
S1-823146511	
S1-358775652	
S1-1709557	
S1-660312776	
S1-43942330	
S1-61226013	
S1-473095439	
S1-153320876	S3-997991027
S1-225746632	
S1-997463483	
S1-185949970	
S1-799813924	
S1-606625016	
S1-840755719	
S1-880113589	
S1-111244614	
S1-427566415	
S1-358710047	
S1-239634996	
S1-789946539	
S1-211217972	
S1-143437245	
S1-343594280	
S1-438078710	
S1-336552761	
S1-345387157	
S1-815739576	
S1-603674923	
S1-374216647	
S1-435083444	
S1-518937605	
S1-1831088	
S1-573309810	S3-245866542
S1-879590163	
S1-74267795	
S1-955190124	
S1-720806956	
S1-528791646	
S1-439226383	
S1-272974220	
S1-878838829	
S1-684620776	
S1-772596185	
S1-131851998	
S1-655356323	
S1-139790613	
S1-346157629	
S1-465481917	
S1-364097207	
S1-835322041	
S1-86973624	
S1-357747703	
S1-285048288	
S1-817769644	
S1-615958391	
S1-61486821	
S1-313084057	
S1-823970287	
S1-656248411	
S1-507575945	
S1-508570191	
S1-5955944	
S1-476444912	
S1-880207508	
S1-551879370	
S1-627050881	
S1-906758025	
S1-184976328	
S1-772029445	
S1-886234161	S2-596857261
S1-735128921	
S1-271431402	
S1-615188728	
S1-266573287	
S1-73527205	
S1-495962967	
S1-424359402	S2-268738900
S1-276516444	
S1-827349093	
S1-553917365	S2-865847068
S1-915164258	
S1-492682572	
S1-765514203	
S1-888657765	
S1-642610978	
S1-773232018	
S1-444273010	
S1-228031547	
S1-465807660	
S1-931539601	
S1-340799762	
S1-33787904	
S1-930840784	
S1-873224512	
S1-852618335	
S1-430027594	
S1-150611033	S2-244461000,S2-258925491,S2-312291757,S2-980731603
S1-8478633	
S1-632246574	
S1-979111384	
S1-719145311	
S1-995508025	
S1-534625180	
S1-922113599	
S1-58811987	
S1-808591655	
S1-540512893	
S1-414469926	
S1-745295561	S2-30234873
S1-407644928	
S1-847078359	
S1-896559750	
S1-30153283	
S1-615549155	
S1-635094755	
S1-189117928	
S1-882602011	
S1-336793490	
S1-500693991	
S1-936349430	
S1-435372625	
S1-445919731	
S1-520927027	
S1-101289868	
S1-288368576	
S1-830315222	
S1-64450427	
S1-399480019	
S1-749821660	
S1-179834332	
S1-449266662	
S1-315619424	
S1-910149943	
S1-712006349	
S1-462846940	
S1-191342926	
S1-428621136	
S1-365161539	
S1-630119783	S3-626293954
S1-738740821	
S1-803711658	
S1-516740329	S2-595623864
S1-816805797	
S1-250006179	
S1-531548621	
S1-625335503	
S1-880326935	
S1-912286446	
S1-530282550	
S1-882838998	
S1-173537591	
S1-577483717	
S1-142380226	S2-361113998
S1-17347384	
S1-998266558	
S1-496692107	
S1-582681359	
S1-467483585	
S1-30796011	
S1-478026955	
S1-415498634	
S1-517982730	
S1-195428091	
S1-69786627	
S1-326260725	
S1-269670489	
S1-252637976	
S1-764611318	
S1-852263043	
S1-309596106	
S1-873429010	
S1-193458198	
S1-376413430	
S1-794870682	
S1-223925292	
S1-116812847	
S1-248984985	
S1-138987228	
S1-826842529	
S1-509118565	
S1-471937475	
S1-643443036	
S1-938329305	
S1-952658506	
S1-313190868	S3-211822135
S1-991406247	S2-346644481,S2-497972322,S2-728767898,S2-919924109,S3-117250439,S3-379835856,S3-571327237
S1-923024660	S3-92747463
S1-121701043	
S1-603468969	
S1-54967390	
S1-903973212	
S1-388978597	
S1-685038293	
S1-258201874	
S1-562529239	
S1-975141062	
S1-924921391	
S1-816448994	
S1-941975403	
S1-740236505	
S1-419330693	
S1-161082545	
S1-921850157	
S1-295602109	
S1-172214184	
S1-814341406	S3-840764876
S1-7710510	
S1-719797787	
S1-510663531	
S1-552223784	
S1-762650552	
S1-742731728	S2-862214404
S1-793532176	
S1-71887737	
S1-667137671	
S1-30644841	S2-208443847,S2-556868318
S1-782619104	
S1-726240010	
S1-500898176	
S1-709669098	
S1-207533312	
S1-13985225	S2-570546898,S2-967923679,S3-82266746
S1-759479068	
S1-275533363	S2-272351032,S2-27829849,S3-420433413
S1-800679538	S2-221686525,S2-470144907,S2-698489713
S1-18418238	
S1-698216143	
S1-580793325	
S1-51279475	
S1-6270799	
S1-26796401	
S1-967541687	
S1-993758835	S2-135243872
S1-755330192	
S1-692894611	
S1-89055109	
S1-7961490	
S1-54387201	
S1-763850057	
S1-900382921	
S1-102976291	
S1-817895016	
S1-964796180	S2-763276889
S1-172272723	
S1-603271073	
S1-238225405	
S1-403640547	
S1-29168559	
S1-130592527	
S1-375386036	
S1-659249544	
S1-838158209	
S1-870234223	
S1-962216759	
S1-630160450	
S1-680526499	
S1-371054892	
S1-562123544	
S1-28051998	
S1-392458218	
S1-408601500	
S1-194875531	
S1-318779795	
S1-215791972	
S1-22113536	S2-425292799
S1-179912832	
S1-295425132	
S1-56370817	
S1-418616747	
S1-389307586	
S1-664510579	
S1-351752480	
S1-240798144	
S1-268804422	
S1-847298606	S2-57309408
S1-755624169	
S1-794811022	
S1-337448908	
S1-287506698	
S1-36474917	
S1-224341008	
S1-863204761	
S1-675281550	
S1-467295743	
S1-297385639	
S1-137685386	
S1-433506489	
S1-674921685	
S1-406782395	
S1-413854986	
S1-775076204	
S1-613835206	
S1-118728302	
S1-998741202	
S1-785821566	
S1-900802531	
S1-721934152	
S1-858853705	
S1-382761794	
S1-24883839	
S1-28553833	
S1-308714827	
S1-303645967	
S1-619740361	
S1-601659826	
S1-401108094	
S1-505431632	
S1-476611927	
S1-902363018	
S1-974867603	
S1-215818377	
S1-192324189	
S1-23200927	
S1-582775436	S2-576319700
S1-273222520	
S1-54730535	
S1-659592878	
S1-773849712	
S1-563836572	
S1-554065683	
S1-229674810	
S1-483418373	
S1-281469907	
S1-944746903	
S1-939547176	
S1-530516426	
S1-969843267	
S1-856274048	
S1-244098942	S2-698489713
S1-399034723	
S1-480062763	
S1-462431801	
S1-424480426	
S1-355816386	
S1-488242885	
S1-559283878	
S1-270859507	
S1-958686654	
S1-396129817	
S1-801166598	
S1-189184980	
S1-674091309	
S1-800467121	
S1-574477999	
S1-394163029	
S1-518595909	
S1-852335787	
S1-950796260	
S1-647107958	
S1-261132455	
S1-34020597	
S1-6407876	
S1-764598413	
S1-115615087	
S1-125644754	
S1-685864958	
S1-741681091	
S1-709434541	
S1-124598934	S3-213603178,S3-280541618
S1-511652776	
S1-953127629	
S1-23865872	
S1-463375035	
S1-240057619	S3-588680738
S1-7296070	
S1-538802040	
S1-20049722	
S1-936114368	
S1-209107139	
S1-639292326	
S1-708873799	
S1-318953912	
S1-59193465	
S1-120244285	
S1-411030539	
S1-280550741	
S1-185774947	
S1-173287683	S2-618613065
S1-607575369	
S1-441726642	
S1-898705846	
S1-782317775	
S1-660518142	
S1-864937004	
S1-427822594	
S1-744833981	
S1-452661606	
S1-430627635	
S1-725533420	
S1-6473067	
S1-991134052	
S1-685484832	
S1-430346628	
S1-544378818	
S1-810406488	
S1-445772375	
S1-588728266	
S1-550736975	
S1-870530414	
S1-422928919	
S1-412538058	
S1-699787661	
S1-737959362	
S1-773924464	
S1-44295395	
S1-96229056	
S1-196107945	
S1-414946170	
S1-854420776	
S1-733773202	
S1-869045370	
S1-395515705	
S1-319952684	
S1-79220173	S3-298077184
S1-990311586	
S1-891875996	
S1-172455670	
S1-84873083	
S1-619083844	
S1-699131129	S3-306653140
S1-837456590	
S1-475381312	
S1-450424441	
S1-833247872	S2-439815131
S1-103449015	
S1-886781977	
S1-213891182	
S1-534326220	
S1-287883387	
S1-42673015	
S1-618923720	
S1-938551910	S2-99269459
S1-928366901	
S1-979643597	
S1-987601792	
S1-660685778	
S1-796438786	S2-510757616,S3-120443833,S3-224800158,S3-582977744,S3-621306900
S1-717585739	
S1-944127739	
S1-201157305	
S1-679476270	
S1-246321874	S2-240753394
S1-654946074	
S1-933203045	
S1-661976895	
S1-990481837	
S1-37327142	
S1-874939208	
S1-407148166	
S1-944096236	
S1-575554927	
S1-924896890	
S1-542916269	
S1-916460842	
S1-30466367	
S1-38560859	
S1-640905160	
S1-171594497	S3-444237362
S1-592658418	
S1-681677736	
S1-750715291	
S1-491321324	
S1-448706674	
S1-587709456	
S1-175251526	
S1-163908442	
S1-531477550	
S1-5243784	
S1-812919713	
S1-592993817	
S1-939300968	
S1-750510710	
S1-527304118	
S1-44045439	
S1-503201815	
S1-694024267	
S1-573881663	
S1-672644564	
S1-821197054	
S1-826266995	
S1-183714676	
S1-212192634	
S1-270073209	
S1-18951308	
S1-367592766	
S1-912836877	
S1-447417775	
S1-36849987	
S1-159037710	
S1-88077532	
S1-550864414	
S1-706161438	S2-542711036,S2-766232113,S3-917362468
S1-22707500	S2-798589387
S1-185827465	S3-861828845
S1-111581105	
S1-491316668	S2-82693962
S1-470559449	
S1-801452796	
S1-637520236	
S1-213386410	
S1-145630809	
S1-957741116	
S1-529665706	
S1-696743825	
S1-2825700	
S1-69151297	
S1-949778208	
S1-361241675	
S1-422776143	
S1-296861845	
S1-373264747	
S1-818486177	
S1-151798082	
S1-115557517	
S1-399722268	
S1-518690587	
S1-736767651	
S1-285145763	
S1-994272553	
S1-291870238	
S1-58846328	
S1-281570885	
S1-193835708	
S1-27753855	
S1-591449288	
S1-823884871	
S1-102056420	
S1-942204217	
S1-587109277	
S1-90032624	
S1-287184802	
S1-110402696	
S1-637709730	
S1-898702667	S2-314111676,S3-351666960,S3-501132701
S1-99422252	
S1-868152074	
S1-884338661	
S1-765580640	
S1-487998832	
S1-858189000	
S1-831741088	
S1-361086151	
S1-618888364	
S1-888119782	
S1-886037914	
S1-92435275	
S1-321279870	
S1-523084468	
S1-916158258	
S1-355435094	
S1-833990531	
S1-591701796	
S1-640480743	
S1-487030929	
S1-265409170	
S1-431287109	
S1-582410596	
S1-373179240	
S1-278047112	
S1-791963093	
S1-126099936	
S1-902407291	S2-532723422
S1-881504604	
S1-387558515	
S1-481387158	S2-654259251
S1-655519543	
S1-941224664	
S1-233959205	
S1-279134723	
S1-478667286	
S1-198310127	
S1-672481963	
S1-854040832	
S1-924501573	
S1-547172952	
S1-20744441	S2-955876497
S1-569175083	
S1-28417837	S3-880657713
S1-544202588	
S1-945328600	
S1-23649092	
S1-477282640	
S1-222208102	
S1-484453826	
S1-134491253	
S1-412261252	
S1-354677853	
S1-415401232	
S1-784036804	
S1-756367540	
S1-875174323	
S1-110930847	
S1-175605830	
S1-614316284	
S1-148635505	
S1-350768231	
S1-21755864	
S1-68274722	
S1-116333731	
S1-244998038	
S1-787524625	
S1-992834111	
S1-346098303	
S1-172237053	
S1-493051965	
S1-498567176	
S1-615053006	
S1-768590112	S2-188368209,S3-409513890,S3-626922559
S1-483428543	
S1-327839676	
S1-29030613	
S1-439305656	
S1-755329810	
S1-344686057	S3-678442040
S1-163188866	
S1-871857426	
S1-990701676	
S1-683099448	
S1-797884958	
S1-122052985	
S1-814528514	
S1-316148756	
S1-281204069	
S1-348323541	
S1-780768319	
S1-61559143	
S1-146882651	
S1-955886374	
S1-999897179	
S1-69318707	
S1-108290104	
S1-851013331	
S1-880046833	
S1-723247719	
S1-249618194	
S1-905640644	
S1-59650685	
S1-386040138	
S1-378364290	
S1-174317842	
S1-109540616	
S1-22135731	
S1-955428288	
S1-365349867	
S1-100175759	
S1-383075876	
S1-60885586	
S1-359949490	
S1-62947598	
S1-57712223	
S1-376139279	
S1-65500638	
S1-308323851	
S1-626701639	
S1-444489857	
S1-247927398	
S1-68679909	
S1-462496155	
S1-89574977	
S1-5634613	
S1-199040700	
S1-374724312	
S1-838234376	
S1-90953094	
S1-894651388	
S1-541115614	
S1-979177093	
S1-308134349	
S1-441662572	
S1-312411708	
S1-743745550	
S1-849022964	S2-185013334
S1-803856666	
S1-127928525	
S1-156999966	
S1-245571752	
S1-480707487	
S1-549430296	
S1-508898440	
S1-92493746	
S1-515202689	
S1-409977200	
S1-658420909	
S1-59427946	
S1-373537171	
S1-943419175	
S1-613314210	
S1-929759302	
S1-138467778	
S1-609994807	
S1-852959081	
S1-468936133	
S1-208003756	
S1-233357439	
S1-542090032	
S1-482985223	
S1-208555889	
S1-585548554	
S1-384470798	
S1-477050968	
S1-879297534	
S1-642138940	S2-80851441
S1-288857579	
S1-266715963	
S1-787555076	S2-191707301
S1-347822194	
S1-124042653	
S1-594259632	
S1-256266016	
S1-701854659	
S1-496521272	
S1-629725933	
S1-433201509	
S1-935394257	S2-345025976
S1-607714792	
S1-964403684	
S1-858458349	
S1-706933048	
S1-826076881	
S1-839368803	
S1-385763452	S2-659304406,S2-659711649
S1-692200100	
S1-951767291	
S1-780370523	
S1-283865698	S3-618870695
S1-915960232	
S1-745694576	
S1-523724752	
S1-599676545	
S1-993463641	
S1-380524917	
S1-799161514	
S1-294096603	
S1-391218003	
S1-403018569	
S1-550770480	
S1-513213384	
S1-506862193	
S1-926032179	
S1-21546316	
S1-720371792	
S1-269258047	
S1-268600771	
S1-357164200	
S1-172936974	S2-47595061
S1-476661183	
S1-654119170	
S1-988205437	
S1-249445263	
S1-74333037	
S1-240201218	
S1-274711807	
S1-300318481	
S1-58664725	
S1-610325728	
S1-920753056	
S1-536769729	
S1-436039717	
S1-329024054	
S1-100932127	
S1-264574746	
S1-752154847	
S1-587676932	
S1-148058828	
S1-875319979	
S1-899291534	
S1-798759003	
S1-55555499	
S1-783839511	
S1-649899634	
S1-46512621	
S1-574553197	
S1-32702377	
S1-812187392	
S1-71729353	
S1-357947675	
S1-733502615	
S1-588043968	
S1-246142805	
S1-427880288	
S1-161682110	
S1-368730183	
S1-786438383	
S1-6807546	
S1-650226109	
S1-831583313	S3-550357001
S1-312208487	
S1-733400807	
S1-269663761	
S1-123150840	
S1-726389331	
S1-693220211	
S1-499488641	
S1-459731382	
S1-154504282	
S1-435992914	
S1-897195773	
S1-936108989	
S1-412397805	
S1-545614379	
S1-935873212	
S1-655126391	
S1-296287593	S2-13072938,S2-571936974,S3-197081371,S3-20787426,S3-280541618,S3-360991493,S3-369941843,S3-43056314,S3-489941683
S1-871248038	
S1-119903579	
S1-490575062	
S1-951849766	
S1-1480286	
S1-211063991	
S1-363063716	
S1-508851908	
S1-483337548	
S1-869655028	
S1-172561503	
S1-494439402	
S1-793388417	
S1-277450544	
S1-667182661	
S1-176845119	
S1-224225334	
S1-717681185	
S1-849860480	
S1-60262254	
S1-23660869	
S1-22353814	
S1-228890029	
S1-220239005	
S1-950820008	
S1-20047284	
S1-475452389	
S1-666777385	
S1-571165759	
S1-366407263	
S1-59508394	
S1-487548025	
S1-112354183	
S1-476438638	
S1-823841204	
S1-510501077	
S1-552112117	
S1-705158365	
S1-647932899	
S1-347924908	
S1-952596108	
S1-562041861	
S1-496383474	
S1-773198060	
S1-385884432	
S1-664209307	
S1-751269328	
S1-719346252	S2-420814161,S2-640639990
S1-107867647	
S1-886950800	
S1-369059061	
S1-516303511	
S1-567317323	
S1-623551893	
S1-424713412	S3-468477424
S1-862692814	
S1-993944074	
S1-500642991	
S1-184802102	
S1-735934891	
S1-32300389	
S1-787837769	
S1-715974992	
S1-560222682	
S1-17409739	
S1-780608920	
S1-888446031	
S1-899829234	
S1-425547307	
S1-853109198	
S1-812485588	
S1-950164408	
S1-30348790	
S1-760261913	
S1-114796719	
S1-491347730	
S1-397857924	
S1-534853109	
S1-292093458	
S1-710299082	S2-466486938
S1-247858902	
S1-598184152	
S1-433204884	
S1-198134949	
S1-645408453	S3-567670311
S1-20456736	
S1-358392173	
S1-43500183	
S1-181514044	
S1-642928888	
S1-186302454	
S1-860094061	
S1-160406261	
S1-697529772	
S1-279931864	
S1-248448670	
S1-682110476	
S1-879015939	
S1-627736965	
S1-561008232	
S1-406415148	
S1-923820916	
S1-414018751	
S1-834366769	
S1-661178661	S2-659711649
S1-454212077	
S1-662522783	
S1-652055587	
S1-196631299	
S1-143957013	
S1-547790720	
S1-674014706	
S1-841228640	
S1-207763210	S2-346644481,S2-471303511,S2-497972322,S2-519920719,S2-728767898,S2-919924109,S3-117250439,S3-379835856,S3-412081153,S3-571327237,S3-660080086
S1-227622128	
S1-762763005	
S1-577234981	
S1-173216262	
S1-179258998	
S1-757778901	S2-27374347
S1-818784477	
S1-530616932	
S1-360122200	
S1-346455388	
S1-622704048	
S1-733092479	
S1-716109304	
S1-776096647	
S1-59752764	
S1-194573510	
S1-201310090	
S1-901368146	
S1-466580248	
S1-570062458	
S1-831692473	
S1-619987600	
S1-919353954	
S1-803943822	
S1-536113364	
S1-311328240	
S1-621209145	
S1-82912954	
S1-512573416	
S1-495542370	
S1-480683648	
S1-212870469	
S1-558119245	
S1-33535781	
S1-821487073	
S1-337306781	
S1-252289075	
S1-199741662	
S1-766858230	
S1-664988289	S2-123007061,S2-574584543,S2-63082253,S2-847933753,S2-984363671,S3-148156789,S3-244669915
S1-437281130	
S1-284127231	
S1-990614391	
S1-290351315	
S1-749600934	
S1-292506644	
S1-287303906	
S1-531985544	
S1-881225873	
S1-673667592	
S1-425905147	S2-123007061,S2-329405096,S2-574584543,S2-63082253,S2-703722492,S2-847933753,S2-984363671,S3-148156789,S3-949870446
S1-566006372	
S1-693735625	
S1-265998125	
S1-534295164	
S1-89709661	S2-216451912
S1-69251561	
S1-157686138	S2-660050445
S1-576176669	
S1-984254742	
S1-134579667	
S1-675300374	
S1-224206091	
S1-991102782	
S1-141081336	
S1-362457792	
S1-997933071	
S1-49061822	
S1-749443562	
S1-572754359	
S1-929770171	
S1-719953822	
S1-24251988	
S1-462714151	
S1-405789406	
S1-778852361	
S1-371314981	
S1-178946208	
S1-865410981	
S1-31132555	
S1-502922552	
S1-692818280	
S1-938776272	
S1-452688017	
S1-209889118	
S1-432547754	
S1-34696332	
S1-143736062	
S1-317382836	
S1-292042840	
S1-473074758	
S1-655958951	
S1-138436105	
S1-35628638	
S1-57760371	
S1-520324888	
S1-217521320	
S1-396216837	
S1-1587878	
S1-1579321	
S1-833378825	
S1-899850738	
S1-451911340	
S1-100627806	
S1-747105347	
S1-541723504	
S1-444646433	
S1-299609328	
S1-826644534	
S1-763129894	
S1-869065795	
S1-212277261	
S1-389632610	
S1-676779982	
S1-464790274	
S1-832931090	
S1-228244895	
S1-400350781	
S1-514958839	
S1-364494749	
S1-58854196	
S1-112133185	
S1-393138821	
S1-319415981	
S1-232524257	
S1-200692359	
S1-348005590	
S1-506159595	
S1-889491003	S2-12319116,S3-542824123
S1-273818939	
S1-194119930	
S1-536022517	S2-538700079
S1-569580618	
S1-770230018	
S1-710946960	
S1-842956892	
S1-828807888	
S1-785020722	
S1-231135171	
S1-62548008	
S1-93617349	
S1-854945825	
S1-337136519	
S1-466678768	
S1-119633584	
S1-396048318	
S1-676628810	
S1-222863071	
S1-540540943	
S1-144784083	
S1-887386227	
S1-483571947	
S1-343305989	S2-346644481,S2-728767898,S3-117250439,S3-379835856,S3-462452716
S1-319088858	S2-128720916
S1-477506858	S3-849090436
S1-486263940	
S1-971211506	
S1-686852822	
S1-84797941	
S1-282567599	
S1-317136256	
S1-125023548	S3-236867435
S1-580466723	
S1-329319130	
S1-732592197	
S1-276480741	
S1-23814195	
S1-546969136	
S1-758588380	
S1-342546969	S2-538571303
S1-422680551	
S1-737657266	
S1-358421403	
S1-908503989	
S1-912834156	
S1-767415982	
S1-357941777	
S1-514505418	
S1-204110302	
S1-704136411	S2-187119816,S2-269098468,S2-41086033,S2-468427870,S3-503895482,S3-648942348,S3-867447121,S3-878324708
S1-234812727	S2-223340813
S1-617552887	
S1-121298232	
S1-298706828	
S1-397965559	
S1-440672609	
S1-492653367	
S1-673007292	
S1-871669513	
S1-34216247	
S1-75891611	
S1-193657365	
S1-982018684	S2-328227277,S2-346644481,S2-471303511,S2-519920719,S2-728767898,S2-913517855,S3-117250439,S3-343388041,S3-379835856,S3-571327237,S3-857183109
S1-130338311	
S1-601551810	
S1-115442455	
S1-170686750	
S1-628647861	
S1-243965458	
S1-127194987	
S1-975407078	
S1-735652497	
S1-527297833	
S1-978570594	
S1-82248893	
S1-590834891	
S1-10169698	S2-46302793
S1-672791778	
S1-281328543	
S1-813725083	
S1-802555290	
S1-633026424	
S1-539094067	
S1-38800500	
S1-165686723	
S1-180599976	
S1-488805972	
S1-383293612	
S1-368665064	
S1-30323088	
S1-563676300	
S1-667969213	
S1-714378036	
S1-662504840	S2-132347173
S1-118962756	S3-612195082
S1-68807144	
S1-626504599	
S1-306797330	
S1-959494027	
S1-484318540	
S1-307913848	
S1-723803958	
S1-902208628	
S1-857453223	
S1-643709391	
S1-970527459	
S1-31838869	
S1-973869149	
S1-884050511	
S1-997710577	
S1-725495662	
S1-750995165	
S1-8503906	
S1-133303999	
S1-556133283	
S1-126216776	
S1-197860882	
S1-362099283	
S1-721325883	
S1-286606702	
S1-162451654	
S1-941862743	
S1-192124008	
S1-477908301	
S1-190742896	
S1-904779161	
S1-449703921	
S1-336517638	
S1-447140619	
S1-553729211	
S1-90735483	
S1-700903082	
S1-971792685	
S1-488235866	S2-517239909
S1-361519455	
S1-31845807	
S1-951783371	
S1-12185622	
S1-53730343	
S1-211936049	
S1-647962885	
S1-493369639	
S1-498915114	
S1-454357363	
S1-430008764	
S1-891539642	
S1-162808879	
S1-533852929	
S1-928916906	
S1-307083308	
S1-54884293	
S1-749884239	
S1-527383263	
S1-243208270	
S1-196111980	
S1-786268737	
S1-813703360	
S1-441122121	
S1-49932366	
S1-54397295	
S1-98875510	
S1-520644861	
S1-263478644	
S1-179187625	
S1-938138381	
S1-414194632	
S1-706524974	S3-777781074
S1-653863194	
S1-343931775	
S1-973229429	
S1-252073433	
S1-808678233	
S1-432923699	
S1-106237276	
S1-738955274	
S1-762882521	
S1-116711242	
S1-238404689	
S1-603573442	
S1-696871321	
S1-423547554	S2-171011140
S1-126380395	
S1-196319692	
S1-800373256	
S1-643068594	
S1-642830900	
S1-297302451	S2-944338870
S1-799276092	
S1-779066655	
S1-938131157	S3-170280589
S1-205636001	
S1-898027881	
S1-471979410	
S1-177691894	
S1-96289079	
S1-503095986	
S1-539379875	S2-927902449
S1-231362032	
S1-476258495	
S1-952416797	
S1-522952433	
S1-75147372	
S1-338948357	
S1-64777227	
S1-902167704	
S1-837224697	
S1-654651981	
S1-100286899	
S1-628226435	
S1-446994129	S2-515152170,S2-805173659
S1-429030200	
S1-935482970	
S1-996921691	
S1-74276132	
S1-90868885	
S1-503097220	
S1-363413901	
S1-616383815	
S1-679290139	
S1-451253363	
S1-335607571	
S1-783244440	
S1-635056206	
S1-372911725	
S1-701562771	
S1-853693721	
S1-868777159	S3-455299854
S1-554039303	
S1-696575653	
S1-668502394	
S1-675185027	
S1-24695578	
S1-553040182	
S1-15110014	
S1-190326982	
S1-794252008	
S1-678034568	
S1-249544099	
S1-790664887	
S1-572407216	
S1-295253358	
S1-780590783	
S1-256485584	
S1-372795300	
S1-383955083	
S1-669078409	
S1-179866557	
S1-985649	
S1-413195052	
S1-182318999	
S1-771849474	
S1-888628275	
S1-994956541	
S1-811378866	
S1-344116706	
S1-313653712	
S1-412163382	
S1-222241797	
S1-59024937	
S1-400614240	
S1-548626216	
S1-936090692	
S1-187009538	
S1-79031197	
S1-831979547	
S1-617798799	
S1-798669517	
S1-448423179	
S1-361378750	
S1-775816088	S2-919927608
S1-308056933	
S1-319246944	
S1-362825129	
S1-178280187	S2-244461000,S2-767912318,S3-144159472,S3-328940207,S3-561839301
S1-603565274	
S1-529949316	
S1-356611244	
S1-900556031	
S1-611897463	
S1-40481961	
S1-102194613	
S1-823636077	
S1-274271642	
S1-519284872	
S1-559162384	
S1-359425186	
S1-740784159	
S1-419303245	
S1-991523387	
S1-194979787	
S1-949746502	
S1-573861260	
S1-613130827	S3-323747128
S1-588662243	
S1-55840988	
S1-112097188	
S1-175430183	
S1-779767474	
S1-292639552	
S1-719116239	
S1-307457009	
S1-601909088	
S1-522248380	
S1-578611746	
S1-326083315	
S1-498348108	
S1-361801153	
S1-205008722	
S1-970439915	
S1-690217145	
S1-217095715	
S1-322868082	
S1-376909447	
S1-651138623	
S1-202960751	
S1-284955803	
S1-692349889	
S1-507935650	
S1-544293701	
S1-645868612	
S1-255262333	
S1-916121085	
S1-682873305	S3-3653544
S1-909195147	S2-210128326
S1-907826581	
S1-275720062	
S1-414710512	
S1-77376871	
S1-946766678	
S1-538286926	
S1-231056149	
S1-33282349	
S1-835457447	
S1-98860857	
S1-447883403	
S1-232488692	S2-185013334
S1-715486035	
S1-998497024	
S1-262130688	
S1-103554584	
S1-223609273	
S1-150514877	
S1-65087781	
S1-746084572	
S1-562453872	
S1-867966220	
S1-174772572	
S1-968077758	
S1-719696272	
S1-744984253	
S1-796719085	
S1-519212192	
S1-749401429	
S1-326869164	
S1-690880944	
S1-575268947	
S1-25710954	
S1-397009414	
S1-733243710	
S1-654476552	
S1-185919058	
S1-495860327	
S1-126997108	S3-458637893
S1-954183702	
S1-533638237	
S1-559254982	
S1-842067544	
S1-94180919	
S1-230991569	
S1-545552129	
S1-43608763	
S1-139789163	
S1-603859542	
S1-712104131	
S1-2986069	
S1-208181642	
S1-601436999	
S1-714567612	
S1-918825196	
S1-926154579	
S1-819236751	
S1-118349091	
S1-843304745	
S1-265028077	
S1-494697155	
S1-161973734	
S1-683937067	S2-151497011
S1-762977701	
S1-360401448	
S1-391249224	
S1-838950938	
S1-831667892	
S1-552576031	
S1-207987110	
S1-656478022	
S1-200062356	
S1-1600426	
S1-442379719	
S1-403762736	
S1-299757810	
S1-499845129	
S1-751502247	
S1-762006367	
S1-353473651	
S1-93354193	
S1-266607065	
S1-479265708	
S1-695412234	
S1-620395935	
S1-739159414	
S1-691503402	
S1-83171369	
S1-127662490	
S1-301785276	
S1-2818545	
S1-170470783	
S1-329916980	
S1-669371120	S2-332653055
S1-960242724	
S1-25725783	
S1-134965002	
S1-461136037	
S1-987754795	
S1-146570397	
S1-412203304	
S1-310765651	
S1-472696712	
S1-49136912	
S1-400615418	
S1-615160435	
S1-353185974	S2-35927318
S1-348910803	
S1-996860613	
S1-711613716	
S1-495317422	
S1-880607	S3-563962142
S1-3896901	
S1-11550664	
S1-627043083	
S1-102168151	
S1-312033755	
S1-775571796	
S1-600728910	
S1-211774194	
S1-422199382	
S1-50302633	
S1-925773562	
S1-927165143	
S1-845715748	
S1-986196350	
S1-782720727	
S1-927193695	
S1-482894095	
S1-514035719	
S1-877870179	
S1-483587082	S2-18239116,S2-978643354
S1-844386967	
S1-468727873	
S1-33830205	
S1-392700690	S3-542824123
S1-549258489	S2-581060741
S1-374078174	S2-682036916
S1-536078295	
S1-569984351	
S1-509952198	
S1-476421173	
S1-503209522	
S1-815514428	
S1-894751693	
S1-291073952	
S1-459103382	
S1-612533096	
S1-655857636	
S1-455896241	
S1-772891961	
S1-660062185	
S1-976284529	
S1-67905628	
S1-25653518	
S1-701421188	
S1-477838069	
S1-163730975	
S1-275161428	
S1-25730862	
S1-177887258	
S1-452829052	
S1-976715728	
S1-880714452	
S1-29725782	
S1-620354438	
S1-599663516	
S1-811227243	
S1-581589515	
S1-258187659	
S1-368379614	
S1-130540099	
S1-490493081	
S1-765197204	
S1-842866394	
S1-312210853	
S1-376571289	
S1-878596760	
S1-489766523	
S1-272364029	
S1-720027616	
S1-26591950	
S1-236498470	
S1-195694871	S3-635233959
S1-486324889	
S1-907626088	
S1-523083887	
S1-12482759	
S1-403559060	
S1-921633674	
S1-939151094	
S1-228192573	S3-737872235
S1-629411928	
S1-130901343	
S1-173988989	
S1-549803144	S3-144953835
S1-903622912	
S1-867053672	
S1-352124270	
S1-826641944	
S1-505756361	
S1-564998980	
S1-381609911	
S1-714500542	
S1-11490472	
S1-81225653	
S1-384885790	
S1-278912637	
S1-338143987	
S1-280761102	
S1-353207897	
S1-711549833	
S1-833872498	
S1-383911430	
S1-830492235	
S1-507541663	
S1-671563696	
S1-865616857	
S1-403868154	
S1-527752428	
S1-644600771	
S1-515766303	
S1-584571853	
S1-180676758	
S1-701864818	
S1-771785796	
S1-952746442	
S1-63090473	
S1-421545483	
S1-42228338	
S1-613175670	
S1-865914644	
S1-698040504	
S1-256036155	
S1-653924877	
S1-645333216	
S1-811845139	
S1-893317347	
S1-187788626	
S1-283560900	
S1-438077940	
S1-955681814	
S1-24588402	
S1-619133469	
S1-880442967	
S1-880254794	
S1-367171423	
S1-283376535	
S1-161091509	
S1-542425794	
S1-835840687	
S1-347747862	
S1-728771335	
S1-559521403	
S1-133639786	
S1-201142047	
S1-328105467	
S1-295516579	
S1-732390706	
S1-868766122	S2-541892897
S1-345925963	
S1-758234851	
S1-193258539	
S1-863462074	
S1-111909643	
S1-628720140	
S1-176075966	
S1-590856917	
S1-649983677	
S1-543268594	
S1-114941109	
S1-245274426	
S1-320205220	
S1-244012657	
S1-362436676	
S1-761075406	
S1-464292900	
S1-726245062	
S1-153325922	
S1-641272249	
S1-885357776	
S1-77431707	
S1-373006486	
S1-581840058	
S1-214508818	
S1-916109542	
S1-241386727	
S1-348529163	
S1-719784352	
S1-847547294	
S1-335412800	
S1-153614183	
S1-631856466	
S1-993108863	
S1-896695290	
S1-954244761	
S1-8204824	
S1-270846669	
S1-414774816	
S1-412591429	
S1-925532785	
S1-377200212	
S1-368304841	
S1-430484906	
S1-539041133	
S1-137104092	
S1-134942203	S2-274721885
S1-333384954	
S1-889695391	
S1-200885190	
S1-211771062	
S1-909403614	
S1-884972678	
S1-357656753	
S1-867272045	
S1-298925934	
S1-473668217	S3-832515295
S1-367527630	S2-123007061,S2-329405096,S2-574584543,S2-63082253,S2-703722492,S2-847933753,S2-920233551,S2-984363671,S3-148156789,S3-244669915,S3-814880158,S3-949870446
S1-323025330	
S1-844207011	
S1-895869261	
S1-252173219	
S1-443673950	
S1-837670184	
S1-828620776	
S1-965162439	
S1-448908888	
S1-631806503	
S1-398932724	
S1-78234630	
S1-347295849	
S1-703704413	
S1-792068383	
S1-633776887	
S1-652907172	
S1-42312611	
S1-553695139	
S1-448992550	
S1-320301205	
S1-710033528	
S1-690670295	S2-101061780
S1-709067405	
S1-942796202	
S1-822621821	
S1-715615842	
S1-637842897	
S1-756360567	
S1-328095968	
S1-676365855	
S1-6798871	S3-71255008,S3-863626191
S1-258761622	
S1-388621618	
S1-806775019	S3-377161303
S1-335978082	
S1-994632576	
S1-510020902	
S1-527053901	
S1-414580791	
S1-19025762	
S1-541109430	
S1-634686426	S2-829656188
S1-94654596	
S1-269132395	
S1-671076755	
S1-168953781	
S1-512038212	
S1-389202384	
S1-76995887	
S1-151188278	
S1-90427855	
S1-319256504	S2-585680211
S1-660930058	
S1-87884965	
S1-453467620	
S1-409157777	
S1-664442151	
S1-844308786	S2-26800364
S1-5701075	
S1-858829543	
S1-310538042	
S1-611750960	
S1-39171361	
S1-240257420	
S1-572749793	
S1-96338721	
S1-673316854	
S1-728306429	
S1-207265762	
S1-854380495	
S1-28714193	
S1-752927659	
S1-541803228	
S1-819408494	S3-107650118
S1-319888428	
S1-838769589	
S1-307419991	
S1-830589382	
S1-784804743	
S1-171581257	S3-782332096
S1-234832513	
S1-786856492	
S1-452439856	
S1-383357961	S2-261149262
S1-419442397	
S1-18253100	S2-891383097
S1-297251887	
S1-488463453	
S1-318150448	
S1-221535672	
S1-272018505	
S1-791406590	
S1-369516258	
S1-561316722	
S1-33216427	S2-285894684
S1-682063885	
S1-196004417	
S1-237757616	
S1-194116603	
S1-601518251	
S1-515155352	
S1-78295544	
S1-908252496	
S1-131239727	
S1-696141356	
S1-341635503	
S1-950408938	
S1-385798630	
S1-172595348	
S1-974759830	
S1-108203406	
S1-259833323	
S1-75562577	
S1-388289656	
S1-502887068	
S1-519932880	
S1-705670999	
S1-535367579	
S1-520909749	
S1-711312607	
S1-325958190	
S1-969478031	
S1-105267713	
S1-593897587	
S1-152446808	
S1-34072379	
S1-848895148	
S1-116809340	
S1-808043101	
S1-78168194	
S1-922474751	
S1-933498413	
S1-289094945	
S1-362144700	
S1-669033628	
S1-439336813	
S1-86578402	
S1-4478924	
S1-607978580	
S1-331109284	
S1-513954704	
S1-534462045	
S1-296144663	
S1-956650894	
S1-616423735	
S1-30793933	
S1-512411906	
S1-342226821	
S1-317040744	
S1-602215433	
S1-656602178	
S1-100349556	
S1-594442681	
S1-904563365	
S1-518920040	
S1-450290639	
S1-331170627	
S1-865722226	
S1-716529342	S2-51758432
S1-584166777	
S1-600616517	
S1-903991997	
S1-123877627	
S1-392439926	
S1-429482109	S3-351266252
S1-488816806	
S1-528986450	
S1-296021472	
S1-8202430	
S1-224870521	
S1-160734576	
S1-219242861	
S1-678278710	
S1-492860395	
S1-972451624	
S1-826871554	
S1-403909681	
S1-928174955	
S1-263472936	
S1-427860098	
S1-1629378	
S1-449079756	
S1-362033497	
S1-10170355	
S1-762031377	
S1-353435664	S2-512863099,S2-772985419,S2-776620254
S1-903095851	
S1-80221043	
S1-586763140	
S1-403658836	
S1-839680611	
S1-143490298	
S1-168774924	
S1-981459865	
S1-488844851	
S1-768990985	
S1-17120288	
S1-216533851	
S1-102198451	
S1-410596313	
S1-577622623	
S1-74604079	
S1-440973372	
S1-845356064	
S1-294305978	
S1-884870869	
S1-112358099	
S1-554450990	
S1-732809323	
S1-534842599	
S1-551592765	
S1-633544064	
S1-226263421	
S1-527901405	
S1-271660914	
S1-273083388	
S1-142140093	
S1-311705610	
S1-561875986	
S1-685347432	
S1-696060688	
S1-3046438	
S1-317917325	
S1-481389523	
S1-69659704	
S1-828009041	
S1-132187125	
S1-943273322	
S1-150069923	
S1-284597162	
S1-490491995	S2-695243786
S1-938060478	
S1-220202333	
S1-714715915	
S1-11589283	
S1-490892533	S2-11497933
S1-215237839	
S1-543827671	
S1-949111921	
S1-270779731	
S1-303276616	
S1-569752533	
S1-821800141	
S1-529533800	
S1-223019172	
S1-330576536	
S1-34617945	
S1-568677734	
S1-7567758	S3-478150528
S1-388461873	
S1-81443275	
S1-13496295	
S1-976521669	
S1-677647147	
S1-962227861	
S1-730074842	
S1-839665591	
S1-236121066	
S1-387543348	
S1-142680155	
S1-704373874	
S1-336728321	
S1-361003574	
S1-339735974	
S1-63566342	
S1-585219700	
S1-64531646	
S1-949264640	
S1-504945553	
S1-550459825	
S1-873276528	
S1-591097464	
S1-652036210	
S1-17121961	
S1-486207807	
S1-541794896	
S1-164679776	
S1-299600966	S2-468258538
S1-979355144	
S1-379591406	
S1-798993150	
S1-96075504	
S1-111389656	
S1-833902464	
S1-363099333	
S1-257700885	
S1-376557038	
S1-423751799	
S1-582140916	
S1-379122135	
S1-169459132	
S1-215752924	
S1-597941333	
S1-622475651	
S1-309143045	
S1-177571089	
S1-750339177	
S1-5301203	
S1-382887524	
S1-346688095	
S1-148266055	
S1-48251490	
S1-381181611	
S1-391940436	
S1-510815250	
S1-565617014	S2-972886274
S1-973991186	
S1-296600523	
S1-676532942	
S1-980543542	
S1-603964894	
S1-341466458	
S1-803267111	S2-284681063,S2-333486848
S1-642813834	
S1-988790898	
S1-676443217	
S1-195355413	
S1-853202346	
S1-835418003	
S1-154895650	
S1-362378316	
S1-606594957	
S1-541098973	S2-187119816,S2-269098468,S2-41086033,S2-468427870,S2-847014050,S3-503895482,S3-734747152,S3-773498036
S1-423161427	
S1-196354422	
S1-816865350	
S1-901795159	
S1-961937104	
S1-546363166	
S1-965534565	
S1-647240953	
S1-889461020	S2-339169343
S1-848872899	
S1-986086617	
S1-804979666	
S1-817545695	
S1-632821292	
S1-639028795	
S1-448382396	
S1-369492839	
S1-906598518	
S1-335819194	
S1-306918019	
S1-485391232	
S1-184080476	
S1-462322177	
S1-34653475	
S1-174482570	
S1-442758767	
S1-222592463	
S1-252106088	
S1-909437007	
S1-481371680	
S1-750089723	
S1-841606436	
S1-172164074	
S1-949381264	
S1-189640722	
S1-982689440	
S1-746374854	
S1-742910531	
S1-945811851	
S1-975943437	
S1-534938570	
S1-76683521	
S1-261325020	
S1-157120414	
S1-55355894	
S1-602694564	
S1-118124127	
S1-178820448	
S1-722938998	
S1-993910448	
S1-820059271	
S1-983638368	
S1-287745577	
S1-423739239	
S1-500254556	
S1-967939770	
S1-618034162	
S1-920452958	
S1-971548758	
S1-508362362	
S1-238008288	
S1-896359926	
S1-148518523	
S1-607441815	
S1-186219284	
S1-561734083	
S1-699734787	
S1-810767387	
S1-694536889	
S1-30760728	
S1-446246476	
S1-42595474	
S1-675522262	
S1-149584591	
S1-43203798	
S1-663643473	
S1-618136321	
S1-194317407	
S1-150546773	
S1-488847399	
S1-135556875	
S1-346180242	
S1-363728209	
S1-710458339	
S1-689946948	
S1-281829976	
S1-927373273	S2-304487634
S1-483404046	
S1-840928481	
S1-413156108	
S1-612684847	
S1-549204067	
S1-510118712	
S1-846154114	
S1-856508826	
S1-143316835	
S1-524883579	
S1-736737756	
S1-686848711	
S1-605491263	
S1-485444342	
S1-342857335	
S1-764781079	
S1-663185555	
S1-828191630	
S1-432551534	
S1-858085549	
S1-706733021	
S1-279319094	
S1-93880820	
S1-864281264	
S1-97833115	
S1-93987506	
S1-238353455	
S1-379459373	
S1-571795270	
S1-207429087	
S1-307986412	
S1-184773822	
S1-909413446	
S1-3528524	
S1-687402456	
S1-160249646	
S1-56076730	
S1-41307784	
S1-94010345	
S1-457095917	
S1-149025011	
S1-391331936	
S1-255819090	
S1-360862943	
S1-330157395	
S1-174082966	
S1-613328610	
S1-608197632	
S1-296031105	
S1-632496876	
S1-911714415	
S1-752337656	
S1-341017934	
S1-996801614	
S1-991532879	
S1-711416980	
S1-901973542	
S1-711494080	
S1-36210817	S3-895406650
S1-248783412	
S1-156317930	
S1-729115965	
S1-942705103	
S1-869389234	
S1-326510243	
S1-282296644	
S1-335972376	
S1-380527312	
S1-290972667	
S1-607949139	
S1-955608165	
S1-441323328	
S1-991158666	
S1-187219952	
S1-50607394	
S1-641410835	
S1-946604716	
S1-206417417	
S1-267845929	
S1-330987692	
S1-749333956	
S1-502581178	
S1-299348130	S3-5924963
S1-632505070	
S1-910430540	
S1-336164322	
S1-185344864	
S1-184928990	
S1-309964897	
S1-813806233	
S1-54321333	
S1-111182945	
S1-330326610	
S1-48316107	
S1-911366601	
S1-12298443	
S1-870548715	
S1-591847513	
S1-980947588	
S1-868195022	
S1-9531602	
S1-81901377	
S1-998954850	
S1-691870885	
S1-166501370	
S1-728128137	
S1-878501314	
S1-700484772	
S1-656315879	
S1-256495275	
S1-333127987	
S1-70112698	
S1-154909206	
S1-129074298	
S1-208642955	
S1-378544050	
S1-744114073	
S1-64185376	
S1-984244898	
S1-135359058	
S1-599626052	
S1-995211043	
S1-976068108	
S1-338576501	
S1-826520485	
S1-639378652	
S1-913207008	
S1-81245489	
S1-80138357	
S1-938739623	
S1-91874811	
S1-363379206	
S1-698760955	
S1-280743009	
S1-540630370	
S1-350891605	
S1-945751171	
S1-563477947	
S1-411931075	S2-247738094,S2-51435294,S2-913195122,S2-991736902
S1-18754003	
S1-73873276	
S1-143979486	
S1-824825353	
S1-857597248	
S1-126980067	
S1-72988161	
S1-699452358	
S1-23078493	
S1-826678287	
S1-852004763	
S1-997248840	
S1-363862370	
S1-994656424	
S1-910869602	
S1-712464688	
S1-427646052	
S1-680083901	
S1-103586471	
S1-141978236	
S1-424362650	
S1-249890059	
S1-738611490	
S1-217683104	
S1-494732722	
S1-604118294	
S1-386430520	
S1-752358271	
S1-547355728	
S1-231414227	
S1-392199430	
S1-4117073	
S1-458095707	
S1-987869911	
S1-501623451	
S1-714232221	
S1-216209641	
S1-801952796	
S1-75300854	
S1-88761757	
S1-623780724	
S1-594755560	
S1-433767123	
S1-596289680	
S1-891774252	
S1-733262227	
S1-884049776	
S1-155802104	
S1-184563564	
S1-272648363	
S1-327432769	
S1-862864623	
S1-26320383	S3-626293954
S1-526123146	
S1-55937125	
S1-382431244	
S1-965575814	
S1-492545519	
S1-200290207	
S1-59085158	
S1-795300352	
S1-4995954	
S1-60392559	
S1-590640669	
S1-689183443	
S1-965032781	
S1-947724339	
S1-976624111	
S1-452972918	
S1-683039538	
S1-97214023	
S1-466744518	
S1-492309693	
S1-751065268	
S1-335851281	
S1-683259818	
S1-350526794	
S1-727364734	
S1-196501710	
S1-267438984	
S1-692624373	
S1-655116534	
S1-392958408	
S1-709368560	
S1-146957884	
S1-246205318	
S1-62619822	
S1-423494024	
S1-333700360	
S1-207028292	
S1-773831664	
S1-143849253	
S1-235874433	S2-261149262,S2-60331805
S1-389451881	
S1-680190196	
S1-116639250	
S1-752156539	
S1-892767035	S3-987722856
S1-481175399	
S1-255975856	
S1-166729197	
S1-233407277	
S1-270992009	
S1-495113457	
S1-300842523	
S1-263557590	
S1-848723401	
S1-37238436	
S1-774439327	
S1-150706714	
S1-308727421	
S1-147643426	
S1-968428927	
S1-977457955	
S1-132133182	
S1-418667810	
S1-963919056	
S1-819708128	
S1-708996811	
S1-372602120	
S1-159150764	
S1-98964528	
S1-451963081	
S1-159847004	
S1-195555675	
S1-365142859	
S1-276635859	
S1-650055259	
S1-219785348	
S1-942021728	
S1-809686258	
S1-359671235	
S1-314711211	
S1-929991111	
S1-831813198	S2-564932380
S1-613350528	
S1-295829744	
S1-589039847	
S1-805247395	
S1-575799376	
S1-621371337	
S1-679634756	
S1-845978838	
S1-196654533	
S1-906429579	
S1-218351050	
S1-783305385	
S1-126816465	
S1-233318471	S2-54659577
S1-410864767	
S1-863087883	
S1-465086101	
S1-71575261	
S1-672170196	
S1-971646356	
S1-981273643	
S1-740456855	
S1-290839708	
S1-806662519	
S1-510963775	
S1-300536279	
S1-999270098	
S1-9211790	S2-233378365
S1-957721997	
S1-512077487	S3-826959344
S1-947784837	
S1-395760900	
S1-123468353	
S1-887230810	
S1-344257628	
S1-360988455	
S1-319501446	
S1-631732329	
S1-570680517	
S1-425826456	S2-308154974
S1-249988512	
S1-558047519	
S1-173100914	
S1-73346212	
S1-744499063	
S1-352514816	
S1-7649260	
S1-677018899	
S1-830902722	
S1-354757456	S2-510757616,S2-720833267,S3-120443833,S3-224800158,S3-582977744,S3-621306900
S1-963210058	
S1-823546533	
S1-998304235	
S1-862250618	
S1-694540344	
S1-832759845	
S1-99805164	
S1-555979120	
S1-352362076	
S1-499198895	
S1-762402601	
S1-189579786	
S1-929804238	
S1-201758351	
S1-45790991	
S1-616659487	
S1-862000769	
S1-945685224	
S1-403605665	
S1-949192651	
S1-50303916	
S1-152305134	
S1-631218768	
S1-594847727	
S1-401185195	
S1-381602017	
S1-303248782	
S1-783468906	
S1-69583960	
S1-734069366	
S1-581430346	
S1-239004049	S3-582289961
S1-783769114	
S1-115273186	
S1-689634354	
S1-736540658	
S1-506150514	
S1-689068000	
S1-72268209	
S1-534761610	
S1-826913116	
S1-769687072	
S1-987096072	
S1-820930757	
S1-460729199	S3-117617085
S1-202750414	
S1-70510448	
S1-354108202	
S1-448443568	
S1-391182330	
S1-258580814	
S1-878124349	
S1-714756166	
S1-802007988	
S1-369978437	
S1-210277219	
S1-90727882	
S1-727542535	
S1-449026615	S2-185013334,S2-258515598,S2-341291271
S1-427973619	
S1-788801769	
S1-489816920	
S1-727452167	
S1-592634124	
S1-397853772	
S1-963446754	
S1-556851734	
S1-370578892	
S1-795198194	
S1-754505308	
S1-248416092	
S1-231985264	
S1-43776438	
S1-925134382	
S1-878923935	
S1-711131002	
S1-897724517	S2-466636721
S1-801461890	S2-341411187
S1-96567070	
S1-697776880	
S1-161297471	
S1-342986509	
S1-912520971	
S1-780418364	
S1-336831897	
S1-540240255	
S1-350385026	
S1-269911922	
S1-691276727	
S1-156608581	
S1-588675004	
S1-774818889	
S1-222056013	
S1-735222440	
S1-67027215	S3-188749563,S3-627427819
S1-875004451	
S1-462152261	
S1-353578471	
S1-24179643	
S1-431909887	
S1-208591699	
S1-652912390	
S1-433946888	
S1-449887418	
S1-760667077	
S1-289038093	
S1-320516222	
S1-664067504	
S1-821889987	S3-525624987
S1-506066025	
S1-692716281	
S1-946504221	
S1-565034622	
S1-770962209	
S1-510600549	
S1-943870509	
S1-677993424	
S1-775250651	
S1-190870174	
S1-711771784	
S1-817729339	
S1-990547328	
S1-97573011	
S1-348750442	
S1-373215092	
S1-694027323	
S1-518179998	
S1-961428395	
S1-564639226	S2-117259512
S1-89374969	
S1-368742714	
S1-866584758	
S1-822211295	
S1-872245995	
S1-623832800	
S1-859587049	
S1-962317280	
S1-397450724	S3-69475148
S1-637218770	
S1-976744597	
S1-847809613	
S1-81551810	
S1-737587837	
S1-828700955	
S1-81030637	
S1-841557994	
S1-328271505	
S1-408411033	
S1-238755939	
S1-494727984	
S1-594187281	
S1-68744967	
S1-492886350	
S1-175093087	
S1-938207991	
S1-979810750	
S1-312682670	
S1-39210239	
S1-274470476	
S1-144421881	
S1-981745997	
S1-641497735	
S1-554681608	
S1-349765351	
S1-482962036	
S1-599360675	
S1-99104787	
S1-899137833	
S1-461235396	
S1-108797041	
S1-214248876	
S1-180047744	
S1-370939729	S2-521485245,S2-626761254,S2-865296385,S3-293044075
S1-588169952	
S1-303950985	
S1-970700410	
S1-9870538	
S1-786523897	
S1-193380915	
S1-313992949	
S1-111536525	
S1-375923292	
S1-999427679	S2-542711036,S2-683953111
S1-781231243	
S1-698802087	
S1-613417430	
S1-989314239	
S1-170397213	
S1-114604712	
S1-666664891	
S1-453744453	
S1-324705783	
S1-587286950	
S1-886897652	
S1-19621072	S3-170536004
S1-360390732	
S1-435042396	
S1-838576416	
S1-2854986	
S1-992783643	
S1-357841706	
S1-280888561	
S1-556067053	
S1-1362958	
S1-604501786	
S1-121490009	
S1-246379794	
S1-567865791	
S1-413436465	
S1-917897315	
S1-301161030	
S1-361793972	
S1-101095115	
S1-487400385	
S1-350618266	
S1-564245085	
S1-307530549	
S1-384350398	
S1-591629897	
S1-638294100	
S1-473386060	
S1-87130617	
S1-447746701	
S1-694858310	
S1-344898111	
S1-806784458	
S1-647701438	
S1-909741342	
S1-533217855	
S1-354361138	
S1-611765404	
S1-852089178	
S1-102154965	
S1-67339991	
S1-755231645	
S1-281028992	
S1-214795461	
S1-788865979	
S1-783112158	
S1-588780040	
S1-486809862	
S1-206482576	
S1-599898320	
S1-280570442	
S1-22314961	
S1-163546539	
S1-823552098	
S1-522233618	
S1-599498269	
S1-411072524	
S1-856153951	
S1-235988576	
S1-672669219	
S1-437252088	
S1-417396673	
S1-535149210	
S1-489237214	
S1-853270957	S2-473295515
S1-243783994	
S1-568099536	
S1-893343715	
S1-881753310	
S1-225158953	
S1-87164498	S2-268738900
S1-733954728	
S1-167686835	
S1-219474176	
S1-821836688	
S1-387809136	
S1-404625915	
S1-668290279	
S1-47363459	
S1-592429506	
S1-366000293	
S1-200611318	
S1-961288855	
S1-256615342	
S1-395094459	
S1-976537454	
S1-754933044	
S1-259397529	
S1-714693498	S3-929016337
S1-227418537	
S1-488009650	
S1-11979507	
S1-329066753	
S1-679308810	
S1-763480222	
S1-821344750	
S1-934769887	
S1-825882426	S2-566204709
S1-311609630	
S1-429896200	
S1-768780246	
S1-317369319	
S1-63450166	
S1-762703719	
S1-290527760	
S1-362349986	
S1-193205549	
S1-109445551	
S1-382537018	
S1-561907342	
S1-822216449	
S1-314438962	
S1-208791709	
S1-507202796	
S1-588894966	
S1-636188228	
S1-339656304	
S1-77264368	
S1-79883087	
S1-499983697	
S1-204467313	
S1-589236726	
S1-342288522	
S1-830116750	S3-307385823
S1-340453031	
S1-749775031	
S1-215045710	
S1-330649596	
S1-245020064	
S1-364558021	
S1-819518122	
S1-190424342	
S1-917249188	S2-13072938,S2-20869901,S2-790145633,S2-816390814,S3-170859479,S3-369941843
S1-930802714	S2-340626618
S1-635120748	
S1-140120581	
S1-282309800	
S1-153544466	
S1-269111372	
S1-877215061	
S1-682899099	
S1-899313803	
S1-242616387	
S1-504781012	
S1-64963759	
S1-275324774	
S1-812720437	
S1-818739741	
S1-90155628	
S1-384224144	
S1-66654638	
S1-901609294	
S1-805616940	
S1-361037488	
S1-279208294	
S1-232931133	
S1-48901791	
S1-617853485	
S1-792983381	
S1-777080986	
S1-427479165	
S1-732269094	
S1-82119859	
S1-674825884	
S1-617335778	
S1-325071531	
S1-579695359	
S1-133784173	
S1-318835063	
S1-710847996	
S1-354201671	
S1-277638532	
S1-786405408	
S1-611410311	
S1-329347626	
S1-405906485	
S1-671999092	S2-399597228,S2-971258085,S3-156752988,S3-191221379
S1-279528024	
S1-894961342	
S1-400405535	
S1-310784035	
S1-721874050	
S1-860049072	
S1-666689344	
S1-573426438	
S1-379576885	
S1-796076398	S2-521985477
S1-463163430	
S1-985295341	
S1-209794351	
S1-512629603	
S1-3395887	
S1-977155067	
S1-287474583	
S1-521994131	
S1-552854573	
S1-763376095	
S1-653763766	
S1-2529721	
S1-800784543	
S1-981999948	
S1-393896721	
S1-394009176	
S1-904625318	
S1-529542988	
S1-99702542	
S1-491178442	
S1-73225261	S2-28261819
S1-978087084	
S1-215905736	
S1-265498948	
S1-2366702	
S1-107634344	
S1-312262405	
S1-390575033	
S1-966592161	
S1-844041501	
S1-61569811	
S1-717969303	
S1-130509247	
S1-514216825	
S1-551831358	
S1-896250625	
S1-746899186	
S1-972905320	
S1-727563060	
S1-787546699	
S1-482641605	
S1-95380142	
S1-729134871	
S1-739819967	
S1-404301385	
S1-146017661	
S1-70373263	
S1-659207696	
S1-927174868	
S1-495353589	
S1-701153980	
S1-840922979	
S1-39744053	
S1-571394408	
S1-767965465	
S1-372128656	
S1-827008482	
S1-111298644	
S1-409832653	
S1-266373656	
S1-563595736	
S1-754945216	S2-976445428
S1-52285521	
S1-474883869	
S1-908037365	
S1-245327680	
S1-357788440	
S1-17068332	
S1-62070720	
S1-822482407	
S1-828548263	
S1-667807855	
S1-358952101	
S1-338660152	
S1-630024225	
S1-215979683	
S1-780304375	
S1-786064451	
S1-177938857	
S1-739671943	
S1-855810520	
S1-985489645	
S1-326047462	
S1-103983735	
S1-527078793	
S1-599526213	
S1-372064127	
S1-457668124	
S1-219988001	
S1-729811008	
S1-221693527	
S1-160631216	
S1-52592592	
S1-261315162	
S1-645722115	
S1-194031952	
S1-65446165	
S1-738336844	
S1-14571012	
S1-885068755	
S1-811057673	
S1-801178706	
S1-677824516	
S1-740070550	
S1-33231440	
S1-793758282	
S1-421612938	
S1-26424509	
S1-972138638	
S1-183543894	
S1-680794026	
S1-270562767	
S1-525040867	
S1-814771393	
S1-798557464	
S1-178063468	
S1-482113442	
S1-900769162	
S1-239207321	
S1-479513824	
S1-857120795	
S1-675621449	
S1-641577056	
S1-690670740	
S1-564953392	
S1-570470173	
S1-335290592	
S1-768797583	
S1-876205667	S2-217900075
S1-635407472	
S1-745563076	
S1-991210100	
S1-128886304	
S1-458004331	
S1-663390569	
S1-2958279	
S1-68398489	
S1-932123077	
S1-317755310	
S1-792222123	
S1-959382312	
S1-422260084	
S1-678876453	
S1-526499295	
S1-977285992	
S1-258752405	
S1-940430091	
S1-580707825	
S1-683925290	
S1-678417149	
S1-396021318	
S1-274194230	
S1-165955324	
S1-605948119	
S1-647161709	
S1-49532556	
S1-728133383	
S1-113623813	
S1-36836931	
S1-459543169	
S1-425668338	
S1-28844503	
S1-642989289	
S1-517700901	
S1-601586627	
S1-182026598	
S1-282994384	
S1-57764974	
S1-400067060	
S1-797955768	
S1-922818893	
S1-634964516	
S1-946414836	
S1-554028006	
S1-976795271	
S1-254807	
S1-905826867	
S1-75737202	
S1-731060967	
S1-770920970	
S1-761610138	S3-41424492
S1-198365143	S2-18288111
S1-911033608	
S1-189001298	
S1-41344609	
S1-853113945	S2-790145633
S1-811181386	
S1-660129184	
S1-504260013	
S1-756240665	
S1-75709484	
S1-822314172	
S1-555699302	
S1-772095752	
S1-602473754	
S1-473511416	
S1-391908753	
S1-334500592	
S1-17782584	S2-473295515
S1-588359502	
S1-482950056	
S1-269496790	
S1-13649764	
S1-96651928	
S1-438324090	S2-443853182
S1-886316834	
S1-300139266	
S1-164901179	
S1-960115440	
S1-645100125	
S1-135360901	
S1-605251265	
S1-130157916	
S1-123951631	
S1-73622871	
S1-737068742	
S1-552846980	
S1-43633300	
S1-267528306	
S1-156428479	
S1-386982078	
S1-339542182	
S1-601350473	
S1-770573610	
S1-116562559	
S1-150074737	
S1-407787022	
S1-952559951	
S1-890854082	
S1-580259146	
S1-570620595	
S1-869090232	
S1-513083684	
S1-614832849	
S1-246582929	
S1-427383033	
S1-654317909	
S1-196995255	
S1-68929203	
S1-99106271	
S1-99883889	
S1-236484710	
S1-652846683	
S1-467487378	
S1-525342321	
S1-439370009	
S1-824299640	
S1-690973543	
S1-46178582	
S1-546604420	
S1-988705042	
S1-655964931	
S1-867956027	
S1-123608719	
S1-663512568	
S1-250611469	
S1-651963043	
S1-562179019	
S1-529719604	
S1-100698070	
S1-396708622	
S1-917936451	
S1-267753741	
S1-414880070	
S1-515056910	
S1-609380130	
S1-483253573	
S1-591596682	S2-981457115
S1-699914449	
S1-936125702	
S1-854961429	
S1-654698600	
S1-538481032	
S1-993511185	
S1-174284422	
S1-893627026	
S1-419101984	
S1-955752327	
S1-93934167	
S1-38021771	
S1-718555580	
S1-927062616	
S1-675668750	
S1-300190115	
S1-456461767	
S1-168446349	
S1-926031497	
S1-499604422	
S1-718610064	
S1-908571747	
S1-422130839	
S1-768299654	
S1-733564959	
S1-616966926	S2-194482594,S2-259463679,S3-676744424
S1-298040888	
S1-271373160	
S1-895349265	
S1-535211664	
S1-683616495	
S1-115468035	
S1-458655325	
S1-646460066	
S1-66899526	S2-437090525,S2-44713064
S1-190045125	
S1-219503722	
S1-466088992	
S1-347195197	
S1-355095037	
S1-383516850	
S1-92050734	
S1-794909125	
S1-473890741	
S1-958228288	
S1-968713327	
S1-18856136	
S1-210373401	
S1-687309109	
S1-903442803	
S1-342788764	
S1-832164793	
S1-285088562	
S1-113826627	
S1-980553016	
S1-725999195	
S1-45508976	
S1-539821847	
S1-105325724	
S1-388882418	
S1-269648366	
S1-249346381	
S1-298463161	
S1-376401643	
S1-601673686	
S1-757945538	
S1-920786016	
S1-518300214	
S1-723126156	
S1-461155843	
S1-217919398	
S1-604377529	
S1-42090900	
S1-190480731	
S1-168431864	
S1-298267296	
S1-104632961	
S1-390086492	S2-567445303
S1-547554783	
S1-523025337	
S1-426582549	
S1-350984408	
S1-343707573	
S1-225298179	
S1-258769437	
S1-850299172	
S1-824541763	
S1-18465756	
S1-853068051	
S1-155450738	
S1-85074319	
S1-801617843	
S1-517476013	
S1-511915339	S2-574450094
S1-414839896	
S1-613488391	
S1-218463140	
S1-338765242	
S1-633651763	
S1-715412504	
S1-56647428	
S1-558895199	
S1-60224778	
S1-71611424	S3-479012,S3-969007397
S1-282331287	
S1-758425973	
S1-169501233	S2-778066743
S1-467046265	
S1-598205678	
S1-567125985	
S1-834034942	
S1-286438891	
S1-581039147	
S1-328447411	
S1-711743675	
S1-320874467	S2-536110477
S1-501719247	
S1-813899330	
S1-4248597	
S1-495756580	
S1-366159598	
S1-197103343	
S1-541307700	S2-462209155,S3-17998868
S1-10588862	
S1-37353588	S2-135512918,S2-773388064
S1-448084256	
S1-101679169	
S1-160628303	
S1-895622906	
S1-402498417	
S1-49753525	
S1-999935695	
S1-709048908	
S1-645512845	
S1-541061071	
S1-971137406	
S1-926385447	
S1-831451380	
S1-757026396	
S1-65224614	
S1-609135482	S2-521485245,S2-626761254,S2-865296385
S1-918390806	
S1-46012326	
S1-976631553	
S1-557415578	
S1-577291391	S3-134282659
S1-28014510	
S1-347057360	
S1-553423986	
S1-817074906	
S1-160619677	
S1-344193577	
S1-176032260	
S1-671247335	
S1-725254552	
S1-920221655	
S1-603266306	
S1-22310479	
S1-594961782	
S1-569537187	
S1-188133825	
S1-754730998	
S1-978116315	
S1-664070942	
S1-593341069	
S1-639502431	
S1-591993445	
S1-233639028	
S1-569419244	
S1-491777581	
S1-772264550	
S1-51471595	
S1-953154138	
S1-771587502	
S1-255003504	
S1-162767896	
S1-254905470	
S1-157995607	
S1-960745223	
S1-251853663	
S1-864001727	
S1-479390077	
S1-797137937	S2-778346816
S1-463224508	
S1-913700081	
S1-578750774	
S1-892550254	
S1-423386532	
S1-448260314	
S1-711272055	
S1-780332312	
S1-677169953	
S1-310145258	
S1-54529974	
S1-15239095	
S1-779672886	
S1-605492604	
S1-980403885	
S1-775873548	
S1-60797494	
S1-740950499	
S1-190923390	
S1-415264405	
S1-758007503	
S1-244787694	
S1-496083564	
S1-856708763	
S1-924860389	
S1-493244746	S2-465593416
S1-648401489	
S1-525492553	
S1-141626188	
S1-985125677	
S1-146335400	
S1-666320179	S2-714000278
S1-772210302	
S1-735034843	
S1-394258399	
S1-826063475	
S1-698499844	
S1-852470035	
S1-747761434	
S1-851093190	
S1-23210681	
S1-729747701	
S1-413834553	
S1-651934942	
S1-68900695	
S1-565574664	
S1-368605034	
S1-131873746	
S1-392352897	
S1-569622309	S2-606859896
S1-630015212	
S1-870724244	
S1-37963560	
S1-192642610	S3-58103238
S1-239277225	
S1-834238466	
S1-840286365	
S1-651497054	
S1-582598679	
S1-220236799	
S1-581865090	
S1-680761	
S1-100665584	
S1-548850045	
S1-852525478	
S1-179423115	
S1-931590623	
S1-472682157	
S1-176449640	S2-706507260
S1-52241138	S2-126124246
S1-498769753	
S1-79566122	
S1-926561010	
S1-246509854	
S1-382338634	
S1-189714557	
S1-790741342	
S1-617048896	
S1-744669812	
S1-986917338	
S1-776304855	
S1-535167888	
S1-980244369	
S1-729432203	S2-895174892
S1-485201456	
S1-600268250	
S1-145371111	
S1-696194978	S2-159196848,S2-544544353
S1-322569833	
S1-138096487	
S1-716382362	
S1-8061008	
S1-127054508	
S1-864632346	
S1-58942874	
S1-442683899	
S1-477501772	S2-439192368
S1-483841950	
S1-126148497	S2-466885040
S1-737062237	
S1-867217852	
S1-657424579	
S1-496460494	
S1-460914329	
S1-949067134	
S1-252949371	
S1-993215641	
S1-128284662	
S1-979438975	
S1-377011219	
S1-37044472	S2-185013334,S2-423000730,S2-76461859,S3-798390923
S1-832727765	
S1-64877013	
S1-472418310	
S1-72338063	
S1-578565774	
S1-745797100	
S1-656573111	
S1-987596645	
S1-394008816	
S1-645249354	
S1-48318414	
S1-839823911	
S1-563594390	
S1-180172954	
S1-433942452	
S1-47946953	
S1-40418127	
S1-943868287	
S1-772860524	
S1-107790133	
S1-615201414	
S1-258978194	
S1-410529811	
S1-616823943	
S1-271536696	
S1-488531781	
S1-497825333	
S1-11762404	
S1-348033404	
S1-604384158	
S1-498522392	
S1-140324689	
S1-515438447	
S1-242393314	
S1-513033432	
S1-970431136	
S1-23351008	
S1-719486189	
S1-268995854	
S1-675414139	
S1-953305047	
S1-701984687	
S1-690561126	
S1-856199421	
S1-949057345	
S1-709104022	
S1-98467676	
S1-307633893	
S1-641774979	
S1-641235203	
S1-765294748	
S1-280872381	
S1-508805354	
S1-613348771	
S1-128265685	
S1-178960322	
S1-477813397	
S1-952530182	
S1-278588041	
S1-133580807	
S1-219198278	
S1-632812333	
S1-701688880	
S1-232193437	
S1-350529530	
S1-955584756	
S1-672738329	
S1-681242025	
S1-291724331	
S1-542175917	
S1-579312307	
S1-701906497	
S1-448060211	S3-594607762
S1-770720381	
S1-823264603	
S1-896918325	
S1-282123307	
S1-111157544	
S1-870333220	
S1-529977573	
S1-536301588	
S1-531356978	
S1-994160117	
S1-152262278	
S1-143944294	
S1-640415769	
S1-308415646	
S1-33883784	
S1-402190817	S2-187119816,S2-196613960,S2-269098468,S2-41086033,S2-468427870,S2-490376970,S2-516243741,S2-605726696,S2-783703941,S2-802095609,S2-847014050,S3-503895482,S3-648942348,S3-773498036
S1-974329690	
S1-320422430	
S1-346861	
S1-23500356	
S1-621839589	
S1-779421732	
S1-464258161	
S1-882545324	
S1-519183581	
S1-477776283	
S1-613929022	
S1-480305264	
S1-478980318	
S1-580219488	
S1-401887612	
S1-394998292	
S1-91548511	S2-132741297,S2-297579015,S2-441813094
S1-563284959	
S1-905428974	
S1-230439044	
S1-706802672	
S1-10119841	
S1-366867643	
S1-985539907	
S1-711416910	
S1-620289078	
S1-308291491	S3-449881274
S1-594764533	
S1-631892890	
S1-166243811	
S1-147953225	
S1-713614568	
S1-328362866	
S1-12498961	
S1-881873371	
S1-751315582	
S1-547011702	
S1-562138543	
S1-251698215	
S1-512687655	
S1-221266436	
S1-349129667	
S1-715483297	
S1-515727228	
S1-292799898	
S1-912462150	
S1-527998652	
S1-850406204	
S1-811319747	
S1-193769938	
S1-570152706	
S1-83279889	
S1-187622631	
S1-909655343	S3-559013133
S1-494513275	
S1-751157466	
S1-794083122	
S1-509648025	
S1-209231107	
S1-959794892	
S1-103887989	
S1-350913358	
S1-778772645	
S1-110697465	
S1-815844129	
S1-898106980	
S1-852919563	
S1-204496133	
S1-380022052	
S1-188030658	
S1-988771772	
S1-893318073	
S1-9880077	
S1-240958421	
S1-746075384	
S1-899432191	
S1-478121479	
S1-86367015	S2-18239116
S1-786651559	
S1-397492367	
S1-289581139	
S1-238276533	
S1-342129214	
S1-395473972	
S1-894745775	
S1-69375373	
S1-713912863	
S1-905560116	
S1-766799828	
S1-129695795	
S1-285942007	
S1-446545760	
S1-871512130	
S1-351494149	S2-137864735,S2-346969873,S2-853027522,S3-38509410,S3-524220025,S3-606159038
S1-84087470	
S1-203478717	
S1-898976511	
S1-786387923	
S1-342031609	S3-606603765
S1-226052459	
S1-185837078	
S1-377460557	
S1-379075918	
S1-440411871	
S1-379411410	
S1-857016874	
S1-641624582	
S1-564891402	
S1-356833683	
S1-182640768	
S1-185549342	
S1-654565043	
S1-779525607	
S1-878781667	
S1-521534990	
S1-17565385	
S1-238503406	
S1-158252160	S2-132542208
S1-254622301	
S1-467388445	
S1-235277029	
S1-586227139	
S1-857729778	
S1-795935308	
S1-632957745	
S1-307634014	
S1-938113968	
S1-537160366	
S1-516791000	
S1-725169096	
S1-235087322	
S1-907983425	
S1-677580508	
S1-148718107	
S1-693404270	
S1-499069330	
S1-11493148	
S1-983314754	
S1-676485143	
S1-344773466	
S1-229736218	
S1-594653521	
S1-489043769	
S1-476757322	
S1-744364175	
S1-472834896	
S1-749416966	
S1-208867458	
S1-521826935	
S1-770887087	
S1-60433139	
S1-183328285	
S1-819504020	
S1-753468260	
S1-901226757	
S1-975191031	
S1-826496457	
S1-831325368	
S1-257330477	
S1-477546265	
S1-396974121	
S1-968821571	
S1-68847826	
S1-197237286	
S1-716570139	
S1-102446694	
S1-338825173	
S1-683794663	
S1-839687975	
S1-421615573	
S1-393146277	
S1-304958078	
S1-686799577	
S1-709020834	S3-344818868
S1-327742167	
S1-281558574	
S1-610246877	
S1-386508930	S2-765834139
S1-210936380	
S1-219241872	
S1-233965718	
S1-174432364	
S1-404932923	
S1-283461075	
S1-138890465	
S1-610607141	
S1-533203949	
S1-607437165	
S1-982065354	
S1-152706908	
S1-326237887	
S1-788704352	
S1-807213991	
S1-744423988	
S1-908214376	
S1-213578306	
S1-290839157	
S1-304974906	
S1-561753461	
S1-23461023	
S1-528795789	
S1-199058714	
S1-84281006	
S1-910086380	
S1-213673238	
S1-329983781	
S1-212602756	
S1-498786797	
S1-595888560	
S1-477123774	
S1-528548132	
S1-7968556	
S1-902553735	
S1-178396454	
S1-40529538	
S1-987391614	
S1-971123260	
S1-359105801	
S1-264871949	
S1-814454503	
S1-218255438	
S1-20837009	
S1-209647965	
S1-246520542	
S1-438086386	
S1-366456495	S2-9531830
S1-535784699	
S1-740916481	
S1-419232155	
S1-71318080	
S1-881465774	
S1-839263712	
S1-880474760	
S1-205974611	
S1-467019193	
S1-481028826	
S1-960789661	
S1-929087778	
S1-265144988	
S1-596117339	
S1-440240472	
S1-395909445	
S1-511343777	
S1-496434017	
S1-505053301	
S1-971767993	
S1-95840611	
S1-854387676	
S1-771526710	
S1-533161504	
S1-776861396	
S1-816183883	
S1-502308992	
S1-605659312	S2-950382099
S1-227487514	
S1-318026037	
S1-691553053	
S1-270823932	
S1-101977841	
S1-347175435	
S1-489992143	
S1-687585050	
S1-96616906	
S1-421083172	
S1-10594991	
S1-691271916	
S1-30600817	
S1-459733297	
S1-828226141	S3-293401062
S1-11875151	
S1-593931805	
S1-834799726	
S1-238539989	
S1-283114625	
S1-503725215	
S1-308912895	
S1-273422400	
S1-557558994	
S1-731283468	
S1-182522050	
S1-562430752	
S1-893744548	
S1-351590673	
S1-274270247	
S1-860790546	
S1-457951512	
S1-579904734	
S1-172079568	
S1-108530004	
S1-226758272	
S1-524144550	
S1-732951910	S2-478502951
S1-637341245	
S1-775214347	
S1-906313157	
S1-775392275	
S1-978080828	
S1-852550941	
S1-943025472	
S1-789455545	
S1-587598917	
S1-895891292	
S1-634523929	
S1-103792559	
S1-370067087	
S1-263175535	
S1-358040682	
S1-590916537	
S1-835470747	
S1-740428285	
S1-853397422	
S1-634830975	S2-436228036
S1-806202857	
S1-622996781	
S1-997634013	
S1-713124227	
S1-410757229	
S1-509511040	
S1-972042064	S2-339238296,S2-963387733
S1-870220386	
S1-969679069	
S1-70513504	
S1-346845519	
S1-401885755	
S1-516954747	S3-797165564
S1-609013784	
S1-619021510	
S1-628122980	
S1-21976713	
S1-111095593	
S1-921750065	
S1-744295841	
S1-522659833	
S1-303351577	
S1-642547249	
S1-857382372	
S1-729997750	
S1-822579195	
S1-501815739	
S1-96299227	S3-286417316
S1-801700087	
S1-138024211	
S1-755591693	
S1-30540399	
S1-995195081	
S1-772278147	
S1-289528112	
S1-607737722	
S1-36073843	
S1-566121648	
S1-115493891	
S1-844693476	
S1-664355711	
S1-190237682	
S1-82906204	
S1-744757311	
S1-116234199	
S1-630625105	
S1-146739960	
S1-905611834	
S1-311327188	
S1-746066205	
S1-404102485	
S1-297278969	
S1-571252507	
S1-223504659	
S1-743939821	
S1-828686911	
S1-920898193	
S1-858731837	
S1-10064617	
S1-43907131	
S1-543064954	
S1-240457483	
S1-742597183	
S1-316233099	
S1-267830709	
S1-676657129	
S1-452843728	
S1-167767024	
S1-658332783	
S1-595210202	
S1-143037205	
S1-408969539	
S1-790365250	
S1-287537617	
S1-251001572	
S1-825332674	
S1-586693140	
S1-510608307	
S1-427839185	
S1-874158726	
S1-75165145	
S1-727614874	
S1-144154835	
S1-257198999	
S1-986526975	
S1-779359143	
S1-697208746	
S1-349273833	
S1-274704210	
S1-625620985	
S1-362736414	
S1-726708902	
S1-93903201	
S1-374421350	
S1-893885826	
S1-866793256	
S1-367414306	
S1-605064052	
S1-562389428	
S1-850233326	
S1-513626152	
S1-974678068	
S1-531561646	
S1-603465453	
S1-215845480	
S1-605600150	
S1-124352322	
S1-570649791	
S1-694939769	
S1-801622236	
S1-632015920	
S1-61704366	
S1-106031994	
S1-320539984	
S1-217376587	
S1-788885625	
S1-743404449	
S1-705221217	
S1-723848337	
S1-78147462	
S1-475048659	
S1-914525010	
S1-976672280	
S1-621858585	
S1-613030972	
S1-816608873	
S1-272267978	
S1-486838718	
S1-992419430	
S1-186289970	
S1-802721684	
S1-680380466	
S1-638006611	
S1-996877375	
S1-850402089	
S1-857533880	
S1-783036155	
S1-233688549	
S1-977315330	
S1-457626327	
S1-201580472	
S1-984176201	
S1-482827593	
S1-499634460	
S1-273613019	
S1-544937531	
S1-376981256	S2-705585429
S1-36468768	
S1-877667386	
S1-709051951	
S1-213166549	
S1-352320242	
S1-661516577	
S1-396167862	
S1-602897179	
S1-289470098	
S1-220146447	
S1-822181254	
S1-69220765	
S1-735251624	
S1-210481371	
S1-171785209	
S1-936557023	
S1-973153987	
S1-970153430	S3-151156852
S1-469708678	
S1-38191447	
S1-125180145	
S1-517150653	
S1-722134133	
S1-711074527	
S1-846900997	
S1-798135781	
S1-26315290	
S1-72737275	
S1-936487393	S2-627452855,S2-833117363
S1-839517028	
S1-540495621	
S1-748440763	
S1-635353091	
S1-973413441	
S1-439501586	
S1-769019610	
S1-963196939	
S1-506423571	
S1-235484842	
S1-571225037	
S1-775209782	
S1-188457173	
S1-653082642	
S1-850805450	
S1-147298566	
S1-669204110	
S1-190419741	
S1-137823454	
S1-381333235	
S1-36492463	
S1-126238085	
S1-230100898	
S1-422234281	
S1-608364535	
S1-1393063	
S1-730874569	
S1-470950343	
S1-451052047	
S1-483558124	
S1-855665872	
S1-345607158	
S1-888391958	
S1-446330771	
S1-836047997	
S1-706874776	
S1-23122730	
S1-68034452	
S1-434461576	
S1-450053049	
S1-254655560	
S1-966691817	
S1-842003699	
S1-885916200	
S1-646850546	
S1-335707832	
S1-961111602	
S1-845619594	
S1-518189779	
S1-119541413	
S1-779652205	
S1-690457654	
S1-818317478	
S1-282847844	
S1-950879024	
S1-820239048	
S1-662949750	
S1-537637930	
S1-21748089	
S1-136364658	
S1-336272905	
S1-89439005	
S1-812564048	
S1-439034717	
S1-165672930	S2-156552749
S1-788604550	
S1-823426131	
S1-874429616	
S1-628512821	
S1-607383657	
S1-45217427	
S1-441054049	
S1-487889543	
S1-83621138	
S1-637304123	
S1-471679650	
S1-884984767	
S1-469701045	
S1-715892196	S3-356106804
S1-485026124	
S1-540587706	
S1-483311964	
S1-764609351	
S1-701959873	
S1-374231375	
S1-887204469	
S1-101832230	
S1-882646641	
S1-819254920	
S1-925022751	
S1-934074034	S2-468776136
S1-805808561	
S1-917242102	
S1-243696939	
S1-821311632	
S1-824896499	
S1-367107802	
S1-450504479	
S1-711079288	
S1-692046652	
S1-493992475	
S1-580986917	
S1-12662784	
S1-226995268	
S1-302529932	
S1-239863411	
S1-295504304	
S1-485820967	
S1-965357914	
S1-525230509	
S1-841195161	
S1-320377912	
S1-403389036	
S1-146891401	
S1-167766230	
S1-409170610	S2-93749685,S3-341874857
S1-452567837	
S1-988028756	
S1-26435517	
S1-831879459	
S1-797715710	
S1-165391903	
S1-558699684	
S1-522889860	
S1-957463694	
S1-812613954	
S1-308757570	
S1-308687878	
S1-661579380	
S1-976267844	
S1-283914629	
S1-683227344	
S1-838978925	
S1-115579343	
S1-783252873	
S1-135611232	S3-438375497
S1-345750705	
S1-858607549	
S1-426655920	
S1-787705808	
S1-524943608	
S1-830587962	
S1-410855321	
S1-52427755	
S1-161250585	
S1-111216694	
S1-220281087	
S1-953891282	
S1-562697832	
S1-652925280	
S1-633826211	
S1-816214304	
S1-327291420	
S1-187637615	
S1-486351761	
S1-929809907	
S1-450081740	
S1-391874994	
S1-516260227	
S1-428493940	
S1-936852365	
S1-546377506	
S1-562205120	
S1-746743069	
S1-639735904	
S1-193665976	
S1-75707143	
S1-189886997	
S1-762305253	
S1-992382881	
S1-249670634	S2-247738094,S2-251860012,S2-829602188,S2-926387302,S3-462381740
S1-973381011	
S1-139443061	
S1-361534009	
S1-545324856	S2-875592342
S1-272605954	
S1-874949623	
S1-553263640	
S1-540580883	S2-187998566
S1-11710236	
S1-398808958	
S1-976327324	
S1-883555239	
S1-205535015	
S1-242457708	
S1-942173529	
S1-193439504	
S1-81442242	
S1-958032612	
S1-152526970	
S1-260963106	
S1-449592435	
S1-892401689	
S1-293828708	
S1-700248432	S2-880137250
S1-62765005	
S1-937882003	
S1-693181266	
S1-706375819	
S1-435803536	
S1-609243834	
S1-342675737	
S1-936862851	S3-10445894
S1-709210703	
S1-175554734	
S1-391545705	
S1-663432960	
S1-64833126	
S1-262767172	
S1-336408907	
S1-863314458	
S1-824869754	
S1-134707487	
S1-186486002	
S1-258082727	
S1-764142785	
S1-525123794	
S1-305854477	
S1-354949361	
S1-600060069	
S1-674242620	
S1-313615673	
S1-196442947	
S1-865501460	
S1-73825768	
S1-20145851	
S1-292185244	
S1-594351583	
S1-110438884	
S1-602897950	
S1-464702410	
S1-370266556	
S1-50937296	
S1-897982282	
S1-741278827	
S1-163833760	
S1-299215104	
S1-228996410	
S1-975054202	S3-216750236
S1-377249557	
S1-523787552	
S1-753665868	
S1-189658528	
S1-978320243	
S1-495210504	
S1-470407956	
S1-565266711	
S1-487281152	
S1-830851156	
S1-533507493	
S1-813374099	
S1-357036734	
S1-84233863	
S1-760990038	
S1-71255046	
S1-981631710	
S1-888239371	
S1-791309291	
S1-151832217	
S1-378464309	
S1-689654808	
S1-4569174	
S1-219589401	
S1-278449004	
S1-548123486	
S1-854363220	
S1-41190020	
S1-300214850	
S1-435633617	
S1-140412498	
S1-482433276	
S1-142459516	
S1-681727192	
S1-646045232	
S1-350864954	
S1-357726602	
S1-995088590	
S1-150774666	
S1-786879781	
S1-932999727	S2-185013334,S2-465593416
S1-466734985	
S1-937083547	
S1-166784	
S1-63550996	
S1-14205476	
S1-925804423	
S1-716253438	S2-464881130
S1-268663877	
S1-354915516	
S1-701249972	
S1-162829326	
S1-464110010	
S1-13823154	
S1-572774463	
S1-795740467	
S1-313321568	
S1-765635535	
S1-361400873	
S1-428817150	
S1-748530655	
S1-482449395	
S1-370212951	
S1-896671017	
S1-806990248	
S1-847816367	
S1-338847982	
S1-274065897	
S1-769988491	
S1-60366850	
S1-629965938	
S1-136936227	
S1-167359799	
S1-807783587	
S1-642300160	
S1-635347218	
S1-520118360	
S1-683595068	
S1-144315559	
S1-70898369	
S1-78655259	
S1-271395237	
S1-472366904	
S1-931567342	
S1-559925603	
S1-628304793	
S1-754372883	
S1-228437811	
S1-630005994	
S1-451054758	
S1-112753403	
S1-609381976	
S1-29343651	
S1-164388586	
S1-394485413	
S1-3114278	
S1-64692814	
S1-967535671	
S1-919172954	S2-244461000,S3-10971390,S3-216986249
S1-661215016	
S1-430301920	
S1-659136405	
S1-462468884	
S1-894780703	
S1-389689256	
S1-748520939	
S1-846440760	
S1-812831019	
S1-718365718	
S1-917874246	
S1-148699992	
S1-22222260	
S1-619508554	
S1-602164953	
S1-659719835	
S1-244091486	
S1-812651011	
S1-866188944	
S1-689118141	
S1-826665653	
S1-548444814	
S1-763758944	
S1-871104367	
S1-260744258	
S1-879645067	
S1-737392410	
S1-891449192	
S1-830821730	
S1-379121596	
S1-379898403	
S1-588638541	
S1-778144029	
S1-39562584	
S1-192331300	
S1-705879872	
S1-521267969	
S1-86751158	
S1-594008023	
S1-985430013	
S1-501522736	
S1-427341849	
S1-678091299	
S1-714875393	
S1-836959217	
S1-90178214	
S1-453790801	
S1-384733369	
S1-286158658	
S1-869822038	
S1-458977747	
S1-402267768	
S1-900111077	
S1-667464111	
S1-523843980	
S1-968239831	
S1-645685407	
S1-449622644	
S1-311684847	
S1-755065107	
S1-110827340	
S1-23345149	
S1-183420083	
S1-420387212	
S1-572659013	
S1-542401457	
S1-964862659	
S1-176689236	
S1-444536370	
S1-188846144	
S1-185460622	
S1-953793876	
S1-412247360	
S1-430113517	
S1-882911994	
S1-372749880	
S1-53727896	
S1-276314825	
S1-486594535	
S1-101924762	
S1-818634734	
S1-563114758	
S1-399817655	
S1-187835478	
S1-292613924	
S1-160603346	
S1-452014109	
S1-890160574	
S1-646504387	
S1-192327348	
S1-583512370	
S1-932282576	
S1-399777641	
S1-304409638	
S1-426201436	
S1-585083465	
S1-875043606	
S1-767567048	
S1-984085366	
S1-603236801	
S1-49416770	
S1-189914354	
S1-429576152	
S1-626456267	
S1-109668228	
S1-297205627	
S1-914077902	
S1-982908182	
S1-344460419	
S1-61860488	
S1-177992810	S3-615609829
S1-593065178	
S1-440422642	
S1-677019861	
S1-868357838	
S1-474187306	
S1-7017128	
S1-599563871	
S1-553685619	
S1-552602117	
S1-300488560	
S1-57220682	S2-834322854
S1-996641604	S2-258297963
S1-947710018	
S1-272427261	
S1-903292386	
S1-283940688	
S1-877471856	
S1-457209742	
S1-744282607	S2-11399040
S1-786286113	
S1-783598040	
S1-681037932	
S1-525354203	
S1-625710539	
S1-344119347	
S1-66746481	
S1-481291605	
S1-404521945	
S1-998157431	
S1-148634450	
S1-133329258	
S1-565944400	
S1-661439654	
S1-709958612	
S1-44588539	
S1-90240936	
S1-548833250	
S1-209673322	
S1-247232809	
S1-85349467	
S1-791934938	
S1-794818828	
S1-818161527	
S1-820902424	
S1-359204957	
S1-18857756	
S1-638403452	
S1-700804911	
S1-580385414	
S1-55877893	
S1-558830168	
S1-752719763	
S1-675144544	
S1-29564284	
S1-699757367	
S1-482515331	
S1-163565787	
S1-463745981	
S1-747989108	
S1-817719307	S2-69752145
S1-613235048	
S1-308562724	S2-383030202,S2-821666773,S2-86792318,S3-185706645
S1-247340152	
S1-51274219	
S1-835257880	
S1-954601544	
S1-708283829	
S1-26145436	
S1-77060397	
S1-782275208	
S1-205646800	
S1-780286932	
S1-871151743	
S1-589498759	
S1-807987127	
S1-286007766	
S1-770567750	
S1-889913166	S2-11399040
S1-579674662	
S1-532197920	
S1-920007744	
S1-467843950	
S1-332015893	
S1-613958786	
S1-10822410	
S1-119401091	
S1-563812747	
S1-872761099	
S1-486376695	
S1-966656357	
S1-692810440	
S1-751328281	
S1-557314119	
S1-741411704	
S1-315243915	
S1-434797261	
S1-894329417	
S1-95928674	
S1-499367963	
S1-880961984	
S1-799853462	
S1-386663260	
S1-291555721	S2-247738094,S2-251860012,S2-461662527,S2-51435294,S2-829602188,S2-926387302,S2-991736902,S3-404281660,S3-572138601,S3-618110846
S1-812394315	
S1-626700379	
S1-493393662	
S1-87714541	
S1-632767427	
S1-897174914	
S1-407799703	
S1-76311741	
S1-812647438	
S1-990478083	
S1-217839146	
S1-748191365	
S1-217108265	
S1-324387165	
S1-912598578	
S1-266621539	
S1-292778528	
S1-641703056	
S1-861680285	
S1-807653008	
S1-440264959	
S1-106897221	
S1-767536037	
S1-61436125	
S1-659309331	
S1-222704767	
S1-9960489	
S1-129049236	
S1-887375908	
S1-699588717	
S1-114662812	
S1-708926061	
S1-27466346	
S1-771395838	
S1-606604224	
S1-390051604	
S1-387888105	
S1-72666024	
S1-550117292	
S1-842471815	
S1-483948871	
S1-684030675	
S1-488277039	
S1-929785104	
S1-594130497	S2-739123229
S1-746527486	
S1-239259331	
S1-622905260	
S1-262484697	
S1-63997814	
S1-122852883	
S1-856506879	
S1-628354653	
S1-875983270	
S1-40757463	
S1-423239501	
S1-707434436	
S1-362368237	
S1-746309611	
S1-522232376	
S1-206391859	
S1-545133392	
S1-603766970	
S1-729795493	
S1-400252333	
S1-939453769	S2-785893047
S1-721903932	
S1-462882291	
S1-929263277	
S1-244633212	
S1-585815569	
S1-611258400	
S1-646486551	
S1-183720187	
S1-420439263	
S1-683340879	S2-41771547
S1-137971648	
S1-943519303	
S1-288315288	
S1-992538218	
S1-475851663	
S1-213129965	
S1-629527043	
S1-206070920	
S1-382160327	
S1-265460502	
S1-202095018	
S1-583324401	
S1-847562706	
S1-193723722	
S1-708947593	
S1-292073064	
S1-551148603	
S1-576276965	
S1-975155386	
S1-472040313	
S1-264190189	
S1-791252887	
S1-85861702	
S1-683216159	S2-752910681
S1-581111112	
S1-456238032	
S1-979848072	S2-686410143,S2-765829266
S1-177869376	
S1-103694505	
S1-896151327	
S1-975648591	
S1-346748657	
S1-595043675	
S1-657264813	
S1-130920032	
S1-322556762	
S1-874668121	
S1-669767257	
S1-91859515	
S1-202334622	
S1-657157585	
S1-895807815	
S1-256178094	
S1-895476097	
S1-612467043	
S1-107572602	
S1-7316277	
S1-551380985	S2-648629950
S1-483556602	
S1-981988896	
S1-492851482	
S1-280135125	
S1-912298517	
S1-584296773	
S1-469604960	
S1-499775495	
S1-322123971	
S1-494249238	
S1-779228142	
S1-612622686	
S1-291706027	
S1-105397710	
S1-260743636	
S1-162514090	
S1-294790005	
S1-771594044	
S1-279228921	
S1-249901529	
S1-308690335	
S1-965824995	
S1-773887410	
S1-422862888	
S1-921402690	
S1-674458160	
S1-98182707	
S1-476502312	
S1-934096696	
S1-332263296	
S1-434945315	
S1-144975235	
S1-708741369	
S1-232879417	
S1-243757303	S3-14454473
S1-348834217	S2-595221667
S1-858358556	
S1-953437666	
S1-400772431	
S1-725373572	
S1-625198202	
S1-167934603	
S1-604149016	
S1-678859025	
S1-822067645	
S1-104483589	
S1-659957887	
S1-639231276	
S1-438748265	
S1-63779672	
S1-230364915	
S1-516540479	
S1-388242166	
S1-513456797	
S1-945298431	
S1-338674934	S2-802095609
S1-549418445	
S1-730792304	
S1-820033473	
S1-131214247	
S1-7124444	S3-609686707
S1-325051665	
S1-690183303	
S1-473351615	
S1-43023238	
S1-239319968	
S1-593460706	
S1-601013804	
S1-228700633	
S1-907963361	
S1-968673836	
S1-299013949	
S1-140473942	
S1-768544033	
S1-937870845	
S1-521379708	
S1-637646731	
S1-886591502	
S1-590072455	
S1-667884516	
S1-928543540	
S1-992948280	
S1-637922995	
S1-892388868	S2-832560806
S1-402830480	
S1-731074599	
S1-865898418	
S1-807630414	
S1-661591746	
S1-370816427	
S1-890918489	
S1-79061987	
S1-494595968	
S1-253832872	
S1-180679215	
S1-381139549	
S1-591447305	
S1-110976202	
S1-5961815	
S1-912888150	
S1-718973397	
S1-30314062	
S1-236430578	
S1-71245974	
S1-729250603	
S1-277297771	
S1-613722466	
S1-414300665	
S1-233438126	
S1-276980759	S3-852688189
S1-485135942	
S1-774500129	
S1-55344329	S2-960402400
S1-4686425	
S1-718295092	
S1-220377273	
S1-809590742	
S1-770548320	
S1-330602481	
S1-737165769	
S1-967232049	
S1-511050030	
S1-700168892	
S1-625628446	
S1-14921461	
S1-413761235	
S1-464937622	
S1-908421410	
S1-811687352	S2-128589626
S1-208068779	
S1-555179174	
S1-281619062	
S1-972162860	
S1-489874247	
S1-132018866	S3-288528673
S1-809935832	
S1-539809085	
S1-549553661	
S1-276250088	
S1-525435485	S3-279172743
S1-794572378	
S1-310206827	
S1-43886142	
S1-810204725	
S1-696997692	
S1-957868035	S2-703335147
S1-8365063	
S1-188498696	
S1-241134085	
S1-174230198	
S1-718562145	
S1-510615932	
S1-787581521	
S1-473826926	
S1-102228284	
S1-329863490	
S1-192564618	S2-244461000,S2-258925491,S3-173314585,S3-654708839,S3-682461332
S1-105451472	
S1-575366768	
S1-66035246	
S1-444831621	
S1-692765691	
S1-14833959	
S1-297674149	
S1-750975192	
S1-676374256	
S1-801106196	
S1-658892483	
S1-251297558	
S1-60793315	
S1-212478138	
S1-267978164	
S1-78399852	
S1-255894722	
S1-925555793	
S1-96035585	
S1-41837772	
S1-96855496	
S1-106799455	
S1-834535507	
S1-235459087	
S1-565102370	
S1-802652287	
S1-980563191	
S1-958503024	
S1-736928455	
S1-81384931	
S1-441756500	
S1-886660082	
S1-310666779	
S1-63755969	
S1-460530144	
S1-60941216	
S1-740731636	
S1-255537693	
S1-332022514	
S1-940247833	
S1-942671181	
S1-8959624	
S1-283803315	
S1-434842961	
S1-589872018	
S1-798929166	
S1-809032920	
S1-316908418	
S1-555820402	
S1-232072528	
S1-445240526	
S1-421772639	
S1-29560788	
S1-392684041	
S1-310257428	
S1-135612234	
S1-935977653	
S1-717956061	
S1-729719387	
S1-334384011	
S1-617859078	
S1-636405803	
S1-152456375	
S1-245402862	
S1-248317964	
S1-161169556	
S1-212988184	
S1-702604062	
S1-308046256	S2-862159216
S1-711052290	
S1-26233933	S2-185013334,S2-208443847
S1-712037545	
S1-618638338	
S1-728507032	
S1-664454025	
S1-70443481	
S1-53688243	
S1-966312165	
S1-394266303	
S1-566717768	
S1-491195253	
S1-522839500	
S1-435936287	
S1-314135704	
S1-271046750	
S1-928495180	
S1-809984897	
S1-744448939	
S1-645527521	
S1-710416315	
S1-736594645	
S1-961085847	S2-112550664
S1-918159514	
S1-836506193	
S1-471044215	
S1-387398466	
S1-360599191	
S1-209767691	
S1-628435102	
S1-813226491	
S1-58491224	
S1-849494771	
S1-329935004	
S1-627231424	
S1-862489601	
S1-646045961	
S1-706793322	
S1-64190351	
S1-465348068	
S1-481504812	
S1-471975420	
S1-338375115	
S1-474741034	
S1-809006389	
S1-70591122	
S1-6894037	
S1-795214578	
S1-122571630	
S1-27371730	S3-21356594
S1-115716413	
S1-458607256	
S1-397907489	
S1-304170540	S2-880888575
S1-358624047	
S1-902986664	
S1-682119846	
S1-271420736	
S1-579744802	
S1-29656802	
S1-360743138	
S1-699607818	S3-434592353,S3-440887348
S1-80726562	
S1-402803176	S2-558100740
S1-365442662	
S1-634374671	
S1-212730130	
S1-88955696	S2-175641948
S1-300369928	
S1-670798063	
S1-213861077	
S1-616350035	
S1-286415552	
S1-724553691	S3-859821365
S1-863237741	
S1-268617186	
S1-617062598	
S1-915319301	
S1-742947080	
S1-411496670	S2-527829209
S1-34194720	
S1-509375069	
S1-279584378	
S1-769469785	
S1-83127356	
S1-626970348	
S1-87572794	
S1-745045371	
S1-527256387	
S1-310694200	
S1-198179156	
S1-308060190	
S1-237475389	
S1-157733147	
S1-483465433	
S1-38002880	
S1-12373720	S2-151497011
S1-930453351	
S1-541123521	S2-120427855,S2-12319116,S3-542824123
S1-449175165	
S1-742581	
S1-654389891	
S1-28734823	
S1-864649976	S2-310295407
S1-133328159	
S1-970464334	
S1-974259752	
S1-454402282	
S1-815065543	
S1-429165640	
S1-813398797	
S1-505200009	
S1-143211932	
S1-786586171	
S1-128930427	
S1-224441520	
S1-342277015	
S1-136159474	
S1-296301678	
S1-374941699	
S1-57007157	
S1-499278048	
S1-99551000	
S1-121974582	
S1-688598624	
S1-526424545	
S1-27853674	
S1-340626771	
S1-973712473	
S1-189339946	
S1-103340570	
S1-965625235	
S1-122255783	
S1-312134969	
S1-880113710	
S1-902297247	
S1-449008449	
S1-24807847	
S1-838451288	
S1-937226389	
S1-751379342	
S1-790227956	
S1-191229837	
S1-207802874	
S1-437819522	
S1-638734158	
S1-533588596	
S1-395156628	
S1-244885124	
S1-549468054	
S1-558675109	
S1-22489668	
S1-733785339	
S1-56558159	
S1-362598140	
S1-150473789	
S1-60945894	
S1-944994810	
S1-206753493	
S1-365689143	
S1-948370058	
S1-433783066	
S1-513383851	
S1-409442042	
S1-145027042	
S1-177008108	
S1-728521689	
S1-403187998	
S1-549924265	
S1-492463340	S2-898058593
S1-652858854	S2-167953907
S1-102603995	
S1-47910341	
S1-709215667	S2-327370520,S3-71255008,S3-863626191
S1-911186283	
S1-476320231	
S1-872798295	S2-359260364
S1-583422470	
S1-529346900	
S1-953717137	
S1-449377603	
S1-41988567	
S1-190501394	
S1-373953433	
S1-563176438	
S1-187894824	S2-15975240,S2-677587921
S1-928437834	
S1-369234725	
S1-117739847	S3-949562787
S1-788380086	
S1-464566009	
S1-17553542	
S1-853464895	
S1-253251435	
S1-142426225	
S1-618417200	
S1-249476828	
S1-530256310	
S1-183178499	
S1-323697095	
S1-93699580	
S1-436571303	
S1-94724026	
S1-227251627	
S1-143613180	
S1-448139180	
S1-119249875	
S1-330854926	
S1-928378078	
S1-111707355	
S1-649535852	
S1-993395776	
S1-437298301	
S1-369863095	
S1-534480307	
S1-709894745	
S1-503843879	
S1-688067251	
S1-15046549	
S1-635087911	
S1-374729199	
S1-488218499	
S1-366929332	
S1-816531997	
S1-924048504	
S1-275852227	
S1-895821613	
S1-705691511	
S1-151109117	
S1-324787828	
S1-253081593	
S1-654210412	
S1-822331551	
S1-809590590	
S1-173725305	
S1-130572191	
S1-13941391	
S1-164581667	
S1-408000294	
S1-494707172	
S1-933681454	
S1-6210343	
S1-562163216	
S1-978693390	
S1-691799260	
S1-317982931	
S1-890461803	S2-20395304
S1-134753371	
S1-899192526	
S1-324013783	
S1-374038140	
S1-170349643	
S1-811995401	
S1-974471952	
S1-164257744	
S1-811829954	
S1-631959755	
S1-596541497	
S1-661161177	
S1-924959212	
S1-402400464	
S1-111458426	
S1-536130667	
S1-420657284	
S1-939505569	
S1-586231995	
S1-660609526	
S1-326438079	
S1-211814016	
S1-319105359	
S1-372832776	
S1-361380738	
S1-754670457	
S1-719781213	
S1-91193706	
S1-830257621	
S1-931949452	
S1-1913987	
S1-335288252	
S1-397681687	
S1-980701697	
S1-619225385	
S1-601517394	
S1-932319934	
S1-566559196	
S1-624214587	
S1-461119651	
S1-76870177	
S1-795560751	
S1-456451642	
S1-933287283	
S1-93104260	
S1-318118976	
S1-130805725	
S1-276419530	
S1-356899512	
S1-700780539	
S1-704889458	
S1-274266464	
S1-339938956	
S1-615297341	
S1-17926667	
S1-370661154	
S1-705238502	
S1-464684024	
S1-266292045	
S1-191550182	
S1-295616345	
S1-957386243	
S1-525360528	
S1-745077581	
S1-280146984	
S1-108616255	
S1-448844483	
S1-629265384	
S1-735842154	
S1-646757897	
S1-410415238	
S1-237338045	
S1-344417739	
S1-934232747	
S1-100042941	
S1-972479859	S3-369778035
S1-267078539	
S1-839083434	
S1-538685732	
S1-73808471	
S1-772890407	
S1-415612642	
S1-807428534	
S1-91538587	
S1-79572094	
S1-815515357	
S1-548046777	
S1-278841838	
S1-799682255	
S1-155824691	
S1-407130108	
S1-83694192	
S1-509352964	
S1-967396598	
S1-180003915	
S1-501637545	
S1-456343392	
S1-447796643	
S1-176740154	
S1-229425492	
S1-72804714	
S1-348902348	
S1-780128390	
S1-678125704	
S1-637261848	
S1-831871879	
S1-709934464	
S1-751839283	S3-984979024
S1-761042186	
S1-248579104	
S1-807038213	
S1-567898757	
S1-487186872	S2-580853997
S1-580007937	
S1-758138800	
S1-338672453	
S1-9204085	
S1-337157023	
S1-269671932	
S1-608917589	
S1-798051047	
S1-112345051	
S1-322852714	
S1-152112250	
S1-221373504	
S1-828111384	
S1-56793394	
S1-197659306	
S1-556481745	
S1-768611690	
S1-783972567	
S1-694001560	
S1-940506815	
S1-471249808	
S1-605087247	
S1-101277906	
S1-633972822	
S1-86982092	
S1-468630813	
S1-103281943	
S1-395444238	
S1-114620750	
S1-240042744	
S1-217763834	
S1-796524529	
S1-823655502	
S1-934598437	
S1-404769671	
S1-478280459	
S1-909341827	
S1-785690546	
S1-307976123	
S1-354756061	S2-486727830
S1-29817421	
S1-411580925	
S1-734497424	
S1-15561534	
S1-359044978	
S1-443264243	
S1-837568224	
S1-772388827	
S1-428436143	
S1-784179344	
S1-621954805	
S1-103958782	
S1-685554342	
S1-254492566	
S1-404457472	
S1-983015369	
S1-20003912	
S1-157171506	
S1-808022086	
S1-833668622	S2-931216863
S1-561706224	S3-855155674
S1-462007594	
S1-568319731	
S1-820544761	
S1-662579887	
S1-431185839	
S1-554783026	
S1-644157059	
S1-273804205	
S1-764638198	
S1-600678214	
S1-924451577	
S1-972220906	
S1-732591250	
S1-951794965	
S1-172271514	S2-187119816,S2-269098468,S2-41086033,S2-468427870,S2-555124789,S2-671788102,S2-847014050,S2-903049690,S3-503895482,S3-773498036
S1-961797414	
S1-421098984	
S1-652877826	
S1-538793053	
S1-827572551	
S1-870933338	
S1-931684211	
S1-22213843	
S1-580795803	
S1-216594982	
S1-913034391	S2-97405974
S1-991175550	
S1-736779907	
S1-584528777	S3-554074334
S1-119507755	
S1-770375213	
S1-173704115	
S1-406594897	
S1-552698787	
S1-390261083	
S1-2004043	
S1-323038165	
S1-359413446	
S1-474347127	
S1-772519228	
S1-605764968	
S1-978112140	
S1-166633865	
S1-510521020	
S1-428195701	
S1-661427074	
S1-689048564	
S1-929130139	
S1-39933751	
S1-800513582	
S1-32351194	
S1-816862109	
S1-384778631	
S1-595539466	
S1-837877959	
S1-317424482	
S1-615609818	
S1-688723261	
S1-620898533	
S1-742735754	
S1-11070294	
S1-335609186	
S1-923092093	
S1-574817837	
S1-793434454	
S1-93635701	
S1-470192768	
S1-829206862	
S1-701386480	
S1-227332016	
S1-631747035	
S1-263926308	
S1-50900479	
S1-408539716	
S1-390736835	
S1-211076150	S3-526520005
S1-59617941	
S1-572510755	
S1-804240965	
S1-307242131	
S1-66432323	
S1-560834614	
S1-992201951	
S1-87846766	
S1-34369938	
S1-64517666	
S1-703035124	
S1-454986520	
S1-938289270	
S1-679201632	
S1-211254219	
S1-751919474	
S1-412299455	
S1-296623238	
S1-645996441	
S1-52882993	
S1-456674630	
S1-871083585	
S1-839648575	
S1-551309015	S3-496420278
S1-778899648	
S1-51178852	
S1-828726961	
S1-461454288	
S1-576731934	S2-544544353,S3-580687677
S1-853158797	
S1-242304437	
S1-343110554	
S1-557449513	
S1-608648056	
S1-866416064	
S1-342218008	
S1-638541432	
S1-510837958	
S1-303961941	
S1-799996832	
S1-946729264	
S1-462324034	
S1-772089550	
S1-962835641	
S1-489496393	
S1-759922636	S2-187119816,S2-196613960,S2-197185269,S2-269098468,S2-41086033,S2-468427870,S2-490376970,S2-516243741,S2-605726696,S2-783703941,S2-847014050,S3-503895482,S3-648942348,S3-696077585,S3-773498036
S1-663377473	
S1-490844806	S3-886644474
S1-787079843	
S1-183175236	
S1-767392344	
S1-408097276	
S1-631038334	
S1-578208184	
S1-794968519	
S1-561489825	
S1-797037152	
S1-476338742	
S1-18734464	
S1-545074662	
S1-67274528	
S1-638637795	
S1-404643842	
S1-21255806	
S1-445586973	
S1-710866639	
S1-173891544	
S1-518538764	
S1-531909739	
S1-572111705	
S1-791253523	
S1-502443485	
S1-631109194	
S1-736482730	
S1-964254905	
S1-159311691	
S1-536563846	
S1-340684601	
S1-472103365	
S1-55833450	
S1-741999535	
S1-855779657	
S1-462184249	
S1-79591359	
S1-717951771	
S1-250662822	
S1-69670635	
S1-453234050	
S1-622083370	
S1-530816958	
S1-300685519	
S1-388090934	
S1-391027715	
S1-851142467	
S1-285818835	
S1-360295013	
S1-932260843	
S1-656602256	
S1-807983228	
S1-874284964	
S1-853575812	
S1-10025376	
S1-21385674	
S1-557555209	
S1-614167742	
S1-439132715	
S1-608901524	S2-47713163
S1-363726711	
S1-654256759	
S1-109130720	
S1-56720771	
S1-583797783	
S1-698704667	
S1-647904069	
S1-534804662	
S1-253834677	
S1-355288661	
S1-870214051	
S1-939237034	
S1-784771491	
S1-559617865	
S1-899112019	
S1-608615139	S3-755785088
S1-769088170	
S1-60146100	S2-829583736
S1-658675936	S2-227954425
S1-327389381	
S1-264625635	
S1-744576616	
S1-396022867	
S1-641785772	
S1-246248456	
S1-874220457	
S1-997375286	
S1-337765092	S2-551818403
S1-634125840	
S1-861634061	
S1-712678704	
S1-101489192	
S1-70844299	
S1-377383292	
S1-793484493	
S1-511942304	
S1-765155149	
S1-500962395	
S1-685841636	
S1-651388135	
S1-506488553	
S1-136363444	
S1-501283033	
S1-496025447	
S1-959743752	S2-12319116,S3-542824123
S1-634053014	
S1-734316433	
S1-174333769	
S1-875220440	
S1-860322654	
S1-364657330	
S1-105323233	
S1-79931089	
S1-141228028	
S1-417945844	
S1-30382622	
S1-695224234	
S1-492239247	
S1-252655068	
S1-349183570	
S1-584102966	
S1-13705982	
S1-90304951	
S1-844250968	
S1-166131797	
S1-633681342	
S1-986125711	
S1-572852467	
S1-783568853	
S1-98146516	
S1-474269851	
S1-673543420	
S1-771402535	
S1-514463329	
S1-273243470	
S1-208514433	
S1-333171144	
S1-703014739	S2-518088642,S2-544544353
S1-594903609	
S1-949942210	
S1-679406327	
S1-909072795	
S1-164249780	
S1-763555166	
S1-135656190	
S1-809675397	
S1-624716481	
S1-423737559	S2-556116364
S1-656632098	
S1-590200767	
S1-753753717	
S1-679804133	
S1-429218759	
S1-625554915	
S1-629968069	
S1-307899453	
S1-745220139	S2-507776525,S2-771114220
S1-541990411	
S1-715133025	
S1-975631646	
S1-403956626	
S1-351414409	
S1-958268704	
S1-886864068	
S1-946130210	
S1-384208275	
S1-989759468	
S1-162794122	
S1-946662202	
S1-599024719	S2-544544353,S3-922753681
S1-771665002	
S1-392614558	S2-710108817
S1-536406641	
S1-619802824	
S1-636028871	
S1-213450264	
S1-232607086	
S1-955610370	
S1-824525971	
S1-897336661	
S1-858611364	
S1-989104530	
S1-880167087	
S1-253930790	
S1-94850243	
S1-664420368	
S1-837984482	
S1-160608241	
S1-138737796	
S1-55245401	S2-617234452
S1-561965435	
S1-137348438	
S1-298966434	
S1-845257354	S3-748325801
S1-629518173	
S1-651693356	
S1-677663997	
S1-404508344	
S1-425894036	
S1-285639276	
S1-445076412	
S1-113854861	
S1-613756222	
S1-904747975	
S1-839051982	
S1-341256521	
S1-847270170	
S1-198476294	
S1-654393583	
S1-501612093	
S1-909899944	
S1-365174826	
S1-439169533	
S1-286394998	
S1-644221147	
S1-118628322	
S1-876663123	
S1-348092082	
S1-749118962	
S1-247911705	
S1-869081904	
S1-741704706	
S1-576137338	
S1-696657132	
S1-954690427	
S1-742416876	
S1-380819328	
S1-265859870	
S1-235879955	
S1-600547029	
S1-207609385	
S1-899439898	
S1-535370534	
S1-949930943	
S1-63051769	
S1-553085478	
S1-121049501	
S1-508788467	
S1-345764658	
S1-835266558	
S1-221871595	
S1-125326267	
S1-155675829	
S1-648595815	
S1-883165563	
S1-181889790	
S1-623975988	
S1-781501320	
S1-497594654	
S1-819367274	
S1-329169994	
S1-661043926	
S1-394460310	
S1-711485845	
S1-217024893	
S1-262850376	
S1-317528694	
S1-87474011	
S1-286993456	
S1-192735591	
S1-987649322	
S1-963724234	
S1-553906239	
S1-319585365	
S1-340292585	
S1-379882251	
S1-39437443	
S1-81020709	
S1-375382585	
S1-450078922	
S1-870960536	
S1-787708952	
S1-170267332	
S1-795440871	
S1-34968261	
S1-278774482	
S1-343462824	
S1-813081469	
S1-216852489	
S1-915340891	
S1-840038065	
S1-527539789	
S1-691824626	
S1-928696295	
S1-263984486	
S1-19568565	
S1-158420610	
S1-578497060	
S1-31753203	
S1-571304959	
S1-671796180	
S1-957239946	S2-252440461
S1-650297585	S2-707632174
S1-971823488	
S1-208499397	
S1-867707630	
S1-450623797	S3-16708275
S1-481519236	
S1-495154687	
S1-589486741	
S1-333446338	
S1-176412748	
S1-450724810	
S1-496564876	
S1-951197477	
S1-965458667	
S1-543604546	
S1-843195820	
S1-370308966	
S1-40239916	
S1-721178260	
S1-96563745	
S1-980794289	
S1-403547423	
S1-743237573	
S1-181176592	
S1-341556154	
S1-406367951	
S1-476672623	S2-473295515
S1-725188789	
S1-216231485	
S1-602954417	
S1-33129461	
S1-613974559	
S1-114375761	
S1-249839594	
S1-505017423	
S1-757834763	
S1-240894192	
S1-729363525	
S1-265332481	
S1-733318992	
S1-208775433	
S1-452092528	
S1-486095222	
S1-362907940	
S1-157707068	
S1-226766858	
S1-463192168	
S1-752988010	
S1-17160885	
S1-985983595	
S1-243646335	
S1-454028315	
S1-9135327	
S1-674556674	S3-134282659
S1-796838137	
S1-333689357	
S1-368829413	
S1-216872750	
S1-91501119	
S1-210127962	
S1-890012179	
S1-422143665	
S1-858251097	
S1-674179309	
S1-768274207	
S1-881893202	
S1-799853375	
S1-14613660	
S1-536591950	
S1-306712867	
S1-607927897	
S1-157156194	
S1-969903864	
S1-446425674	
S1-953286841	
S1-23854299	
S1-64353216	
S1-872824631	
S1-505679923	
S1-776576997	
S1-889366763	
S1-412156699	
S1-289414817	
S1-204906691	
S1-93899601	
S1-324809288	
S1-813317764	
S1-575689206	
S1-572356685	
S1-511910768	
S1-311990448	
S1-794777057	
S1-362048472	
S1-575440360	
S1-770844652	
S1-871001169	
S1-849358473	
S1-374881119	
S1-74723438	
S1-218429750	
S1-958158549	
S1-316736725	
S1-27963742	
S1-334803600	
S1-637461547	
S1-946346476	
S1-702313148	
S1-514450325	
S1-363537524	
S1-448549110	
S1-624711267	
S1-790612643	
S1-561905140	
S1-279075285	
S1-485431801	
S1-378463449	
S1-365332999	
S1-616586892	
S1-622410145	
S1-115712992	
S1-425433873	
S1-554121780	
S1-76104004	S2-102002062
S1-109566347	
S1-369218019	
S1-367680326	
S1-96678101	
S1-26801740	
S1-206651371	
S1-629012331	
S1-92094646	
S1-465801376	
S1-231344881	
S1-99282011	
S1-38009580	
S1-611796276	
S1-70664040	S3-78675513
S1-289563471	
S1-600653616	
S1-91210212	
S1-811757683	
S1-674085607	
S1-824033560	
S1-928008568	
S1-863096183	
S1-18306147	
S1-797743597	
S1-572525715	
S1-39592546	
S1-782048786	
S1-587773564	
S1-427562921	
S1-343584334	
S1-24217423	
S1-429531702	
S1-604890738	
S1-131178059	
S1-801936525	S2-123007061,S2-574584543,S2-63082253,S2-920233551,S2-984363671,S3-148156789,S3-244669915,S3-814880158,S3-949870446
S1-752330517	
S1-77155659	
S1-144506719	
S1-844638509	
S1-121218272	
S1-943107483	
S1-511057790	
S1-92889810	
S1-418806948	
S1-758842801	
S1-76477458	
S1-958270233	
S1-474237266	
S1-446147437	
S1-697680045	
S1-902069142	
S1-15682933	
S1-227011108	
S1-197810750	
S1-861269248	
S1-290455311	
S1-472846480	
S1-773760331	
S1-606782981	
S1-117949555	
S1-315550735	
S1-623721610	
S1-502691672	
S1-607238166	
S1-5560705	
S1-646358294	
S1-770156278	
S1-192624921	
S1-417449597	
S1-6329273	
S1-122516281	
S1-380182218	
S1-306135695	
S1-109421093	
S1-24338161	
S1-510800189	
S1-472052115	
S1-729132645	
S1-886376158	
S1-220409487	
S1-140943403	S2-739405754
S1-872040874	
S1-672944567	
S1-446240958	
S1-299860892	
S1-593190940	
S1-959730883	
S1-499767797	
S1-675242439	S2-376535408
S1-869020287	
S1-668657341	
S1-336656545	
S1-952682509	
S1-578830648	
S1-374229997	
S1-231976076	
S1-945156324	
S1-74198750	
S1-886035205	
S1-383242199	
S1-103703378	
S1-852352008	
S1-760086676	
S1-616589026	
S1-703348673	
S1-247495143	
S1-736759624	
S1-113273123	
S1-893380440	
S1-739064909	
S1-225258616	
S1-684002162	
S1-52034359	
S1-151752066	
S1-319817461	
S1-85062237	
S1-634388120	
S1-78226215	
S1-368303166	
S1-699165515	
S1-390059979	
S1-543808138	
S1-456686943	
S1-370798977	
S1-890692689	
S1-257181816	
S1-527749289	
S1-357195895	S2-656715751
S1-924723928	
S1-366727168	
S1-827338927	
S1-311367527	
S1-499778026	
S1-540657467	
S1-396238463	
S1-281277820	
S1-291413381	
S1-683916063	
S1-679324999	
S1-219928422	S3-742150542
S1-657398926	
S1-380842154	
S1-946245340	
S1-993054137	
S1-96421512	
S1-322904753	
S1-107679700	
S1-315279377	
S1-435300049	
S1-293828404	
S1-156063912	
S1-502328199	
S1-140740362	
S1-24582740	
S1-574984891	
S1-193165994	S2-925773620
S1-851108345	
S1-717433545	
S1-784002108	S3-358623759
S1-431762398	
S1-462069028	
S1-551970982	
S1-453403929	
S1-249104978	
S1-492283429	S2-20798878
S1-489317726	
S1-160650336	
S1-571960502	
S1-764614380	
S1-676062566	
S1-204648122	
S1-706130413	
S1-900551825	
S1-35734113	
S1-619525999	
S1-776279996	
S1-826785043	
S1-894334673	
S1-585444452	
S1-811999223	
S1-717643363	
S1-649640433	
S1-801977897	
S1-791008905	
S1-898462802	
S1-257224851	
S1-289483744	
S1-667327064	
S1-890295191	
S1-127922205	
S1-334829703	
S1-217008893	
S1-767066036	
S1-898910768	
S1-97332145	S2-222595407
S1-108789330	
S1-309183375	S2-460878303
S1-638466017	
S1-849239409	
S1-325271358	
S1-735280972	
S1-350114525	
S1-222790082	
S1-169881414	
S1-791102689	
S1-155139676	
S1-311443985	
S1-169931822	
S1-110919812	
S1-560700509	
S1-747598920	
S1-477710272	
S1-539358539	
S1-804844279	
S1-146247796	
S1-55713841	
S1-588829904	
S1-958434655	
S1-948409133	
S1-321218952	
S1-368363711	
S1-131282844	
S1-348525871	
S1-175202775	
S1-876110016	
S1-377460437	S3-11632598
S1-874398170	
S1-520815065	
S1-835431503	
S1-164604173	
S1-138398684	
S1-744918579	
S1-739320578	
S1-690025988	
S1-375735469	
S1-550256661	
S1-712667374	
S1-96062707	
S1-487572183	
S1-384551596	
S1-607130915	S3-845334520
S1-396503457	
S1-47649495	
S1-843289143	S2-89660732
S1-234291303	
S1-201359897	
S1-4739248	
S1-957459669	
S1-168064220	
S1-19678612	
S1-829327978	
S1-229817395	
S1-382704111	
S1-537878608	
S1-530280650	
S1-871048567	
S1-549614603	
S1-527275140	
S1-390414486	
S1-807714071	
S1-931602360	
S1-50458560	
S1-737937122	
S1-354764651	
S1-461163354	
S1-896620667	
S1-695504880	
S1-633094602	
S1-409231666	
S1-304727514	
S1-571885500	
S1-799982553	
S1-399737549	
S1-542601193	
S1-626519218	
S1-875567683	
S1-486965508	
S1-399173266	S2-983583543
S1-519420489	S3-288528673
S1-388929696	
S1-765783389	
S1-641781061	S3-136874411
S1-66890758	
S1-71364320	
S1-863374492	
S1-231430164	
S1-505147873	
S1-472083228	
S1-469220160	
S1-977441019	
S1-656094598	
S1-13356962	
S1-499356817	
S1-339636806	
S1-969547009	
S1-868411910	
S1-151052920	
S1-93202276	
S1-196143405	
S1-781222739	
S1-307607574	
S1-247303466	
S1-890448693	
S1-786684672	
S1-84634201	
S1-358924817	
S1-561705076	
S1-133051116	
S1-959293002	
S1-824721576	
S1-67642611	
S1-835923333	S2-13072938,S3-20787426,S3-233941087,S3-43056314,S3-489941683
S1-812641593	
S1-332719112	
S1-605035476	
S1-466571310	
S1-83965782	
S1-912849571	
S1-933941432	
S1-54353630	
S1-530755657	
S1-514169473	
S1-863873013	
S1-615829536	
S1-272177266	
S1-460652528	S3-420579873
S1-187606559	
S1-883245882	
S1-500228461	
S1-107253161	
S1-28388955	
S1-871237577	
S1-355292291	
S1-165908896	
S1-327948366	S3-182226900
S1-974797846	
S1-681598698	
S1-499591310	
S1-593553520	
S1-350121423	
S1-818129877	
S1-969599061	
S1-214042051	
S1-752069706	
S1-92686639	
S1-383594329	
S1-9786939	
S1-393036865	
S1-779261679	
S1-818981275	
S1-521040090	
S1-628240498	
S1-985537900	
S1-801694309	
S1-15724954	
S1-919472493	
S1-330802324	
S1-298475886	
S1-52148207	S2-302706685
S1-546055831	
S1-512048012	
S1-639480518	
S1-257098236	
S1-672813700	
S1-596675119	
S1-943893459	
S1-342522390	
S1-629922578	
S1-184081363	
S1-204187965	
S1-815160036	
S1-403818787	
S1-551274023	
S1-55848260	
S1-479715528	
S1-844995894	
S1-511665902	
S1-489535356	
S1-143112679	
S1-485514258	
S1-192646395	
S1-148337918	
S1-544763031	
S1-701955391	
S1-774889434	
S1-759071550	
S1-922562088	
S1-41760481	
S1-784998112	
S1-39676106	
S1-539534381	S2-911517041
S1-745151114	
S1-472010024	S2-447955814
S1-900226247	
S1-750102955	
S1-7559233	
S1-590733532	
S1-695923844	
S1-683798267	
S1-372504897	
S1-236784106	
S1-589701818	
S1-887451337	
S1-176670225	
S1-340282422	
S1-702294622	
S1-873655797	
S1-591923975	
S1-552150874	S2-735230018,S2-765829266,S3-184774464
S1-283345702	
S1-189993142	
S1-304680516	
S1-479714151	
S1-443774000	
S1-606197472	
S1-328246732	
S1-545423518	
S1-996644887	
S1-715432160	S2-846172522
S1-778600591	
S1-818949535	
S1-221415325	
S1-916945611	
S1-331780330	
S1-965761639	
S1-144778940	S3-418605613
S1-479182546	
S1-516376559	
S1-65218445	
S1-759863250	
S1-370576894	
S1-201806176	
S1-153206455	
S1-671860387	
S1-815140380	
S1-336954247	
S1-966906462	
S1-456636211	
S1-326963659	
S1-346966098	
S1-851985962	
S1-538868635	
S1-496805304	
S1-105230293	
S1-326611975	
S1-228201694	
S1-662477067	
S1-723907372	
S1-890006036	
S1-815536558	
S1-543577861	S2-278999460
S1-834329300	
S1-465670959	S2-324615422
S1-437791013	
S1-856783651	
S1-93777361	
S1-775952752	
S1-643996604	
S1-912154811	
S1-384324106	
S1-882714075	
S1-817123006	
S1-480381822	
S1-557509085	
S1-186247541	
S1-596698187	
S1-186082233	
S1-144009561	
S1-798144117	
S1-323158459	
S1-403651924	S2-547190813
S1-6505675	
S1-556850675	
S1-750721117	
S1-162090404	
S1-380484877	
S1-107505743	
S1-470711600	
S1-797999056	
S1-148210179	
S1-547410542	
S1-607823183	
S1-51570563	
S1-673306675	
S1-566617342	
S1-689272107	
S1-632428420	
S1-906828290	
S1-325906903	
S1-18988145	
S1-902889737	
S1-810085953	
S1-978059971	S2-6815110
S1-843337134	
S1-145370326	
S1-894819017	S2-732742939
S1-993173830	
S1-557572256	
S1-905289623	
S1-566412839	
S1-898871784	
S1-946452670	
S1-581030629	
S1-724691803	
S1-986674596	
S1-90516092	
S1-687679574	
S1-411012707	
S1-177657382	S2-8362144
S1-546659649	
S1-703681512	
S1-409139251	
S1-49154305	
S1-382451511	
S1-482263662	
S1-384937181	
S1-975579837	
S1-829559667	
S1-470485398	
S1-963574868	
S1-469298556	
S1-575931144	
S1-321214744	
S1-12688696	
S1-729377816	
S1-989878252	
S1-902549457	
S1-933189187	S2-169239901
S1-726751467	
S1-360573033	
S1-968198190	
S1-565370602	
S1-35506989	
S1-898643648	
S1-172004200	
S1-733095042	
S1-795696692	
S1-769056740	
S1-602592547	
S1-728894893	S2-970526574
S1-431510913	
S1-616341514	
S1-746882829	
S1-906580610	
S1-374541410	
S1-397027358	
S1-493192864	
S1-236336114	
S1-659547773	S2-348647295
S1-337271360	
S1-439885179	
S1-23935185	
S1-853957245	
S1-821680933	
S1-263913825	
S1-884237881	
S1-645567219	
S1-491693300	
S1-652035414	
S1-294013726	
S1-286480364	
S1-627648700	
S1-41738764	
S1-418855764	
S1-771164964	
S1-796267658	
S1-42501602	
S1-553504749	
S1-664703312	
S1-324685998	
S1-905180750	
S1-166923772	
S1-803240223	
S1-921032774	
S1-102000901	
S1-643806875	
S1-850166325	
S1-806201166	
S1-781403962	
S1-992265111	
S1-587842828	
S1-506444810	
S1-543594401	
S1-786740214	
S1-925027639	
S1-949568175	
S1-272536936	
S1-213246827	
S1-567656327	
S1-390774336	
S1-900396836	
S1-700999273	
S1-7563752	
S1-849165745	
S1-396794739	
S1-670216919	
S1-879962028	
S1-338914518	
S1-277263303	
S1-857351602	S3-435308924
S1-763156316	
S1-426168137	S3-861024877
